#,Category,Subcategory,Parasha,Title,Date,Language,Link
1,התבוללות - עתיד העם היהודי,,,התבוללות - שואה שקטה,19-Feb-14,עברית,https://www.youtube.com/watch?v=GEghqrsu2hw
2,התבוללות - עתיד העם היהודי,,,"זהות יהודית , התבוללות , ואנטישמיות",23-Jan-15,עברית,https://www.youtube.com/watch?v=iXj7ftb_WhA
3,התבוללות - עתיד העם היהודי,,,"זהות יהודית , התבוללות , מי הוא יהודי ומה היא יהדות",18-Nov-15,עברית,https://www.youtube.com/watch?v=lxoGvjg_hpU
4,התבוללות - עתיד העם היהודי,,,זהות יהודית והתבוללות 1,7-Dec-16,אנגלית,https://www.youtube.com/watch?v=gOpm39_kPcE
5,התבוללות - עתיד העם היהודי,,,זהות יהודית והתבוללות 2,9-May-17,אנגלית,https://www.youtube.com/watch?v=RGZO3qP4odo
6,התבוללות - עתיד העם היהודי,,,זהות יהודית,4-Sep-17,אנגלית,https://www.youtube.com/watch?v=NxpyFebpS34
7,התבוללות - עתיד העם היהודי,,,זהות יהודית והתבוללות - חלק אי,12-Mar-18,עברית,https://www.youtube.com/watch?v=ORKn1zejiJ4
8,התבוללות - עתיד העם היהודי,,,זהות יהודית והתבוללות - חלק בי,12-Mar-18,עברית,https://www.youtube.com/watch?v=UZUjpt3uAW8
9,התבוללות - עתיד העם היהודי,,,התמודדות עם האתגר של חיים יהודיים בגולה,8-Oct-18,עברית,https://www.youtube.com/watch?v=eI2NRnFlCIk
10,התבוללות - עתיד העם היהודי,,,מהות האנטישמיות,25-Dec-19,אנגלית,https://www.youtube.com/watch?v=HKbdNpxZQP8
11,התבוללות - עתיד העם היהודי,,,זהות יהודית בזמננו,4-Feb-21,אנגלית,https://www.youtube.com/watch?v=WdSfWcBagME
12,אחרית הימים,,,העולם הזה והעולם הבא,13-Jun-14,עברית,https://www.youtube.com/watch?v=4_u3TJMidD4
13,אחרית הימים,,,העולם הזה והעולם הבא,17-Jun-14,אנגלית,https://www.youtube.com/watch?v=Jc49BwLZ2R4
14,אחרית הימים,,,העולם הזה והעולם הבא,31-Jan-16,אנגלית,https://www.youtube.com/watch?v=DRxhEHyos-E
15,אחרית הימים,,,העולם הזה והעולם הבא 2,10-Mar-16,אנגלית,https://www.youtube.com/watch?v=KgNNchnr6mg
16,אחרית הימים,,,מלחמת בני ישמעאל בבני אדום באחרית הימים,11-Feb-16,עברית,https://www.youtube.com/watch?v=c3wY3sFjNp4
17,אחרית הימים,,,מלחמת בני ישמעאל בבני אדום באחרית הימים [גרסה ב],12-Feb-16,עברית,https://www.youtube.com/watch?v=SzEMt4NZG74
18,אחרית הימים,,,מלחמת גוג ומגוג 1,3-Mar-16,אנגלית,https://www.youtube.com/watch?v=B8WyDHp2ZFU
19,אחרית הימים,,,מלחמת גוג ומגוג 2,7-Mar-16,אנגלית,https://www.youtube.com/watch?v=gWNh04pmXV0
20,אחרית הימים,,,מלחמת גוג ומגוג 3,21-Mar-16,אנגלית,https://www.youtube.com/watch?v=SrJN6IkZVfA
21,אחרית הימים,,,מלחמת גוג ומגוג 4,12-May-16,אנגלית,https://www.youtube.com/watch?v=MFI-CjEjCRM
22,אחרית הימים,,,"מלחמות ישמעאל ואדום באחרית הימים על פי ה""זוהר",11-Apr-16,עברית,https://www.youtube.com/watch?v=HHZa0LdmIvE
23,אחרית הימים,,,קריסת כל האידיאולוגיות באחרית הימים,17-May-16,עברית,https://www.youtube.com/watch?v=F66UxLZB69A
24,אחרית הימים,,,תאור התקופה שלפני הגאולה באחרית הימים,31-May-16,עברית,https://www.youtube.com/watch?v=CIbG1vsBbrk
25,אחרית הימים,,,בעקבות משיח - המלכות תהפך למינות - חלק א,21-Jun-16,עברית,https://www.youtube.com/watch?v=rWeaK0xw-5k
26,אחרית הימים,,,בעקבות משיח - המלכות תהפך למינות - חלק ב,28-Jun-16,עברית,https://www.youtube.com/watch?v=6OQj5Cum_RA
27,אחרית הימים,,,בעקבות משיח - המלכות תהפך למינות - חלק ג,13-Jul-16,עברית,https://www.youtube.com/watch?v=UIwAPlmFS_A
28,אחרית הימים,,,"בעקבות משיח - המלכות תהפך למינות - ""מערכת החינוך"" - חלק א",2-Aug-16,עברית,https://www.youtube.com/watch?v=CgrnjFCs27U
29,אחרית הימים,,,"""בעקבות משיח - המלכות תהפך למינות - ""מערכת המשפט",27-Jul-16,עברית,https://www.youtube.com/watch?v=GxMnKUwHsNo
30,אחרית הימים,,,בעקבות משיח - המלכות תהפך למינות - חלק ג' - המשך,13-Jul-16,עברית,https://www.youtube.com/watch?v=ynbvhfdKd-4
31,אחרית הימים,,,"""האם תקופתנו היא ""אחרית הימים",5-Aug-16,עברית,https://www.youtube.com/watch?v=zwIUgS0AkNA
32,אחרית הימים,,,ישמעאל באחרית הימים,21-Aug-16,אנגלית,https://www.youtube.com/watch?v=4Ao0-a0AxHY
33,אחרית הימים,,,אחרית הימים,19-Feb-17,אנגלית,https://www.youtube.com/watch?v=2uGnBXSMfjg
34,אחרית הימים,,,חבלי משיח - הנסיונות שלפני הגאולה,17-Feb-17,עברית,https://www.youtube.com/watch?v=MnMe1Kdiw7E
35,אחרית הימים,,,חבלי משיח - הנסיונות שלפני הגאולה [גרסה ב],22-Jun-17,עברית,https://www.youtube.com/watch?v=7RpOm3iZhYA
36,אחרית הימים,,,חבלי משיח - הנסיונות שלפני הגאולה,24-Dec-17,עברית,https://www.youtube.com/watch?v=UxnBfriok6s
37,אחרית הימים,,,חבלי משיח - הנסיונות שלפני הגאולה,26-Dec-17,אנגלית,https://www.youtube.com/watch?v=atbSwVDitas
38,אחרית הימים,,,אחרית הימים והעולם הבא - חלק ראשון,6-Mar-18,עברית,https://www.youtube.com/watch?v=pjlxCsgEaFA
39,אחרית הימים,,,מלחמת גוג ומגוג,9-Mar-18,עברית,https://www.youtube.com/watch?v=t2fKoU-jubA
40,אחרית הימים,,,אחרית הימים והעולם הבא - חלק שני,13-Mar-18,עברית,https://www.youtube.com/watch?v=FxepUjFNVFM
41,אחרית הימים,,,ירושלים ומלחמת גוג ומגוג,29-May-18,עברית,https://www.youtube.com/watch?v=8ifB5Q1duB0
42,אחרית הימים,,,שלום עולמי והמלחמה האחרונה שלפניו,19-Jul-18,עברית,https://www.youtube.com/watch?v=MwWCNx61JjU
43,אחרית הימים,,,קריסת כל האידאולוגיות באחרית הימים,25-Oct-18,עברית,https://www.youtube.com/watch?v=OrGyGnw4tJI
44,אחרית הימים,,,מלחמת גוג ומגוג 1 - חלק א׳,18-Oct-18,עברית,https://www.youtube.com/watch?v=JMWI3sqvPSo
45,אחרית הימים,,,מלחמת גוג ומגוג 2 - חלק ב׳,27-Oct-18,עברית,https://www.youtube.com/watch?v=NkeryBXeOBA
46,אחרית הימים,,,מלחמת גוג ומגוג 3 - חלק ג׳,8-Nov-18,עברית,https://www.youtube.com/watch?v=PHThsFi8jlI
47,אחרית הימים,,,לפני בא המשיח השקר ישלוט,1-Nov-18,עברית,https://www.youtube.com/watch?v=YqSnbTBvYZ8
48,אחרית הימים,,,חזון הנביאים לאחרית הימים,4-Nov-18,אנגלית,https://www.youtube.com/watch?v=efUxoduLpVQ
49,אחרית הימים,,,חזון הנביאים לאחרית הימים,13-Nov-18,עברית,https://www.youtube.com/watch?v=piy7hhdR55Q
50,אחרית הימים,,,כיצד תראה הגאולה ? מחכים ל״משיח״,24-Dec-18,עברית,https://www.youtube.com/watch?v=tHSjEs9s0pY
51,אחרית הימים,,,מלחמת גוג ומגוג 1 - חלק א׳,10-Jan-19,אנגלית,https://www.youtube.com/watch?v=xsu5JNcfR5U
52,אחרית הימים,,,מלחמת גוג ומגוג 2 - חלק ב׳,17-Jan-19,אנגלית,https://www.youtube.com/watch?v=TZ9PLOpSBW0
53,אחרית הימים,,,מלחמת גוג ומגוג 3 - חלק ג׳,24-Jan-19,אנגלית,https://www.youtube.com/watch?v=jLIr2jax014
54,אחרית הימים,,,מלחמת גוג ומגוג 4 - חלק ד׳,31-Jan-19,אנגלית,https://www.youtube.com/watch?v=beBqVm5FyuQ
55,אחרית הימים,,,גלות ישמעאל באחרית הימים,21-Jan-19,עברית,https://www.youtube.com/watch?v=zjJuqpOkWyE
56,אחרית הימים,,,אחרית הימים - האירועים על פי חזון הנביאים,11-Feb-19,עברית,https://www.youtube.com/watch?v=--XiJTKnI6s
57,אחרית הימים,,,המלחמות בין הנצרות והאיסלאם באחרית הימים,25-Feb-19,עברית,https://www.youtube.com/watch?v=zNZPGLDMgcg
58,אחרית הימים,,,העולם הזה והעולם הבא 1,7-Mar-19,אנגלית,https://www.youtube.com/watch?v=ivWJ6FCcqwQ
59,אחרית הימים,,,העולם הזה והעולם הבא 2,14-Mar-19,אנגלית,https://www.youtube.com/watch?v=NVvMZHKhamI
60,אחרית הימים,,,?מה צפוי שיקרה בבא המשיח,13-May-19,עברית,https://www.youtube.com/watch?v=iGrSJD8YYPw
61,אחרית הימים,,,קריסת כל האידאולוגיות באחרית הימים [זה כנראה כבר כאן],24-Jun-19,עברית,https://www.youtube.com/watch?v=3mv23l5dSF0
62,אחרית הימים,,,הנסיונות שלפני הגאולה 1,23-Jul-19,אנגלית,https://www.youtube.com/watch?v=atT7bPSwoDI
63,אחרית הימים,,,הנסיונות שלפני הגאולה 2,23-Jul-19,אנגלית,https://www.youtube.com/watch?v=xebJ_-G_2wM
64,אחרית הימים,,,מבוא כללי ל״אחרית הימים״,2-Jul-20,עברית,https://www.youtube.com/watch?v=nnMdxxMEFow
65,אחרית הימים,,,אחרית הימים - מלחמת גוג ומגוג - חלק א׳,8-Jul-20,עברית,https://www.youtube.com/watch?v=k2kP2VoE5cU
66,אחרית הימים,,,אחרית הימים - מלחמת גוג ומגוג - חלק ב׳,16-Jul-20,עברית,https://www.youtube.com/watch?v=lLzans0xuiw
67,אחרית הימים,,,אחרית הימים - מלחמת גוג ומגוג - חלק ג׳,23-Jul-20,עברית,https://www.youtube.com/watch?v=xwbEZjHIy34
68,אחרית הימים,,,אחרית הימים - מלחמת גוג ומגוג - חלק ד׳,29-Jul-20,עברית,https://www.youtube.com/watch?v=5vnStMwIP4E
69,אחרית הימים,,,חבלי משיח 1,27-Jan-21,אנגלית,https://www.youtube.com/watch?v=xsqDRPTOP5k
70,אחרית הימים,,,חבלי משיח 2,3-Feb-21,אנגלית,https://www.youtube.com/watch?v=vFBql-AXtuM
71,אחרית הימים,,,חבלי משיח 3,10-Feb-21,אנגלית,https://www.youtube.com/watch?v=BZH6WQjCA4o
72,אחרית הימים,,,העולם הזה והעולם הבא,29-Jul-21,אנגלית,https://www.youtube.com/watch?v=kLwKhnYhL1s
73,אחרית הימים,,,אחרית הימים - האיסור לחשב את הקץ,21-Mar-22,עברית,https://www.youtube.com/watch?v=CmiO-NouuzA
74,אחרית הימים,,,?מה צפוי שיקרה בבא המשיח,22-May-22,עברית,https://www.youtube.com/watch?v=JPln6IHN8bE
75,אחרית הימים,,,קריסת כל האידאולוגיות באחרית הימים,23-May-22,עברית,https://www.youtube.com/watch?v=VxR2q8nCVp8
76,אחרית הימים,,,?האם אנחנו ב״אחרית הימים״,15-Jun-22,עברית,https://www.youtube.com/watch?v=XT82jc-EfH4
77,אחרית הימים,,,העולם הזה והעולם הבא,7-Jul-22,עברית,https://www.youtube.com/watch?v=YSHu0FvOjVk
78,אחרית הימים,,,למה לצפות כשהמשיח יבוא,18-Aug-22,אנגלית,https://www.youtube.com/watch?v=sSNAadI7xd4
79,אחרית הימים,,,האתגרים באחרית הימים,28-Aug-22,אנגלית,https://www.youtube.com/watch?v=NHh4s0ElPx4
80,אחרית הימים,,,העולם הזה והעולם הבא,22-Nov-22,עברית,https://www.youtube.com/watch?v=F2z6Z2uNIrk
81,אחרית הימים,,,״מלחמת גוג ומגוג״ - עד כמה זה רחוק מאיתנו?,10-Jan-23,עברית,https://www.youtube.com/watch?v=j_SWyJa1uZ0
82,אחרית הימים,,,מלחמת גוג ומגוג - היום שאחרי,30-Jan-23,עברית,https://www.youtube.com/watch?v=3aj55lReduA
83,אחרית הימים,,,נסיונות ואתגרים בתקופת אחרית הימים,1-Mar-23,עברית,https://www.youtube.com/watch?v=11f0kIdjUnYhttps://www.youtube.com/watch?v=11f0kIdjUnY
84,אחרית הימים,,,האתגרים באחרית הימים,17-Mar-23,אנגלית,https://www.youtube.com/watch?v=qLl6YS6yjfQ
85,אחרית הימים,,,ה״עיקר״ השנים עשר - ביאת המשיח - מהם משימותיו של המשיח על פי הנבואה,28-Jun-23,עברית,https://www.youtube.com/watch?v=UZrNn2y0EY4
86,אחרית הימים,,,קריסת והתפוררות כל האידאולוגיות לפני הגאולה,9-Jul-23,עברית,https://www.youtube.com/watch?v=Vf-YGfKsDgY
87,אחרית הימים,,,הסכסוך הערבי ישראלי - ישמעאל באחרית הימים,20-Dec-23,עברית,https://www.youtube.com/watch?v=HbF-lFw1cx0
88,אחרית הימים,,,עשו ו וישמעאל בסוף הימים,30-Jan-24,אנגלית,https://www.youtube.com/watch?v=QjZS9WZLisc
89,אחרית הימים,,,מה צפוי שיקרה בבא המשיח ?,22-May-24,עברית,https://www.youtube.com/watch?v=h3j2s9Mm9P4
90,אחרית הימים,,,מה צפוי לקרות כשהמשיח יגיע?,22-May-24,אנגלית,https://www.youtube.com/watch?v=MloRpW8omd8
91,אחרית הימים,,,״חבלי משיח״ - הנסיונות שלפני הגאולה,23-May-24,עברית,https://www.youtube.com/watch?v=60cBNoGQQvE
92,אחרית הימים,,,״חבלי משיח״ והמאורעות העכשויים,9-Jul-24,עברית,https://www.youtube.com/watch?v=7hXaEGdrmik
93,אחרית הימים,,,דברי ה״זוהר״ והרמב״ם על הדרך לעבור בשלום את הצרות וקשיי התקופה שלפני הגאולה,10-Jul-24,עברית,https://www.youtube.com/watch?v=H0KY5s9t6HI
94,אחרית הימים,,,"מה זה ""סוף הימים"" חלק 1",29-Aug-24,אנגלית,https://www.youtube.com/watch?v=wrbucxZGmkM
95,אחרית הימים,,,"מה זה ""סוף הימים"" חלק 2",30-Aug-24,אנגלית,https://www.youtube.com/watch?v=V_JQis7NbYM
96,אחרית הימים,,,"נסיונות ואתגרים בתקופתינו - תקופת ""אחרית הימים""",28-Feb-25,עברית,https://www.youtube.com/watch?v=eBDG_bBWPt4
97,אחרית הימים,,,ה״משיח״ - מה צפוי שיקרה בבא המשיח ?,20-Mar-25,עברית,https://www.youtube.com/watch?v=46XQxW7LEwE
98,אחרית הימים,,,"בירור המושגים ""משיח"" ו""גאולה""",25-Mar-25,אנגלית,https://www.youtube.com/watch?v=tRH17hfUz84
99,אחרית הימים,,,ההקבלה בין הגאולה הראשונה לגאולה האחרונה והאולטימטיבית,27-Mar-25,אנגלית,https://www.youtube.com/watch?v=j-RjkI0mW5U
100,אחרית הימים,,,התיאור של מלחמת גוג ומגוג על פי הנביאים חלק א',28-Aug-25,אנגלית,https://www.youtube.com/watch?v=IZuKSJTc_eg
101,אחרית הימים,,,התיאור של מלחמת גוג ומגוג על פי הנביאים חלק ב',29-Aug-25,אנגלית,https://www.youtube.com/watch?v=O1mnZY3b50s
102,אחרית הימים,,,אחרית הימים - חלק א' - האירועים הצפויים לפי דברי הנביאים,22-Dec-25,עברית,https://www.youtube.com/watch?v=8JTDvkfen7I
103,אחרית הימים,,,אחרית הימים - חלק ב' - המצב של עם ישראל בעידן הנוכחי,26-Dec-25,עברית,https://www.youtube.com/watch?v=JQfgd-EdxT4
104,אחרית הימים,,,העולם הזה והעולם שיבוא,28-Jan-26,אנגלית,https://www.youtube.com/watch?v=eHmNL5ShlxA
105,אחרית הימים,,,מידע מרתק בתנ״ך על פרס באחרית הימים,5-Feb-26,עברית,https://www.youtube.com/watch?v=MCBwm8dZVjE
106,אחרית הימים,,,"העולם הזה"" ו""העולם הבא"" - ביאור המושגים",6-Feb-26,עברית,https://www.youtube.com/watch?v=90FbLgsffxQ
107,אחרית הימים,,,מה קורה לנשמה אחרי מאה ועשרים,10-Feb-26,עברית,https://www.youtube.com/watch?v=5czEuOiCT_c
108,אחרית הימים,,,חבלי משיח - הנסיונות שלפני הגאולה,21-Jun-26,עברית,https://www.youtube.com/watch?v=aPa9vkYy6K8
109,ישראל ואומות העולם,,,הסכסוך הערבי ישראלי בראי הנבואה והקבלה,29-Dec-13,עברית,https://www.youtube.com/watch?v=ExpBzRLJ86k
110,ישראל ואומות העולם,,,הסכסוך הערבי ישראלי 1,9-Feb-14,אנגלית,https://www.youtube.com/watch?v=EjvzqYW7tvY
111,ישראל ואומות העולם,,,הסכסוך הערבי ישראלי 2,24-Feb-14,אנגלית,https://www.youtube.com/watch?v=0VUPwKzlXJs
112,ישראל ואומות העולם,,,ישראל וגרמניה - הקרב על מנהיגות 1,24-Feb-14,אנגלית,https://www.youtube.com/watch?v=7zAyj5uOq9E
113,ישראל ואומות העולם,,,ישראל וגרמניה - הקרב על מנהיגות 2,29-Jul-14,אנגלית,https://www.youtube.com/watch?v=LC8Dq_5wqOc
114,ישראל ואומות העולם,,,השורשים הרוחניים של הסכסוך הערבי ישראלי,12-Mar-15,עברית,https://www.youtube.com/watch?v=TQb1BnBPOPM
115,ישראל ואומות העולם,,,כיצד צריך עם ישראל להתייחס לתרבות העולמית,17-Jul-15,עברית,https://www.youtube.com/watch?v=tRNE4g6xjaA
116,ישראל ואומות העולם,,,הסכסוך הערבי ישראלי בראי הנבואה והקבלה,17-Jun-16,עברית,https://www.youtube.com/watch?v=T0KZmc86bkU
117,ישראל ואומות העולם,,,הסכסוך הערבי ישראלי בראי הנבואה והקבלה,4-May-17,עברית,https://www.youtube.com/watch?v=gd-Je8RjDok
118,ישראל ואומות העולם,,,ירושלים - עיר השלום,4-Jun-17,עברית,https://www.youtube.com/watch?v=Q8F73SpJzGI
119,ישראל ואומות העולם,,,"הסכסוך הערבי ישראלי , מהותו - ופיתרונו על פי הנבואה והקבלה",16-Aug-17,עברית,https://www.youtube.com/watch?v=RJKNxAg2zJY
120,ישראל ואומות העולם,,,הסכסוך הערבי ישראלי,14-Nov-17,אנגלית,https://www.youtube.com/watch?v=p3i43D0k3IA
121,ישראל ואומות העולם,,,מהי ״קדושת״ ארץ ישראל,19-Apr-18,עברית,https://www.youtube.com/watch?v=hHxzUoZ-xSQ
122,ישראל ואומות העולם,,,ארץ הקודש - ארץ ישראל,19-Apr-18,אנגלית,https://www.youtube.com/watch?v=2s2oyUsXxpc
123,ישראל ואומות העולם,,,ירושלים והבעיה ״הפלסטינאית״ בראי הנבואה והקבלה,24-Aug-18,עברית,https://www.youtube.com/watch?v=B02_JzrKVUo
124,ישראל ואומות העולם,,,לאן מוביל אותנו הסכסוך הערבי ישראלי ?,22-Nov-18,עברית,https://www.youtube.com/watch?v=LUnIHXK3MR0
125,ישראל ואומות העולם,,,ירושלים וה״בעיה הפלסטינאית״,24-Feb-19,עברית,https://www.youtube.com/watch?v=xXfEnqtIzoQ
126,ישראל ואומות העולם,,,עם ישראל - גורל ויעוד,20-May-19,עברית,https://www.youtube.com/watch?v=oaAl-l5yLT0
127,ישראל ואומות העולם,,,אחדות עם ישראל”,6-Mar-24,עברית,https://www.youtube.com/watch?v=eFrmhMFSrNE
128,ישראל ואומות העולם,,,"המבט התנ""כי על המלחמה בארץ ישראל",26-Mar-24,עברית,https://www.youtube.com/watch?v=4BUaFhEGWE0
129,ישראל ואומות העולם,,,הנבואות על המצב בישראל בעידן הנוכחי,1-Apr-24,אנגלית,https://www.youtube.com/watch?v=eYT5K1QVnQg
130,ישראל ואומות העולם,,,הנבואות בתנ״ך על המצב בארץ ישראל בעידן הנוכחי,11-Apr-24,עברית,https://www.youtube.com/watch?v=JUM5WwiJD-w
131,ישראל ואומות העולם,,,המלחמה על ארץ ישראל,12-Jul-24,עברית,https://www.youtube.com/watch?v=yN0sFL7dsko
132,ישראל ואומות העולם,,,השורשים של הסיכסוך הערבי ישראלי בראי הנבואה והקבלה,28-Jan-25,עברית,https://www.youtube.com/watch?v=GMOGW6buQ5A
133,ישראל ואומות העולם,,,הנבואות על המצב העכשווי בארץ ישראל,31-Jan-25,עברית,https://www.youtube.com/watch?v=_LB3fzUg-Nc
134,ישראל ואומות העולם,,,״עם ישראל חי״ - סוד נצחיותו של עם ישראל,26-Feb-25,עברית,https://www.youtube.com/watch?v=Ths5Rwx0INI
135,הנביאים,,,אליהו הנביא,13-Mar-16,עברית,https://www.youtube.com/watch?v=I55YtTdyays
136,הנביאים,,,"הנביאים בתנ""ך",23-Aug-16,עברית,https://www.youtube.com/watch?v=Pg--EqrwriE
137,הנביאים,,,שמואל הנביא,30-Aug-16,עברית,https://www.youtube.com/watch?v=_WB7uGskLfY
138,הנביאים,,,אליהו הנביא - חלק א,6-Sep-16,עברית,https://www.youtube.com/watch?v=wsMcERsjynk
139,הנביאים,,,אליהו הנביא - חלק ב,13-Sep-16,עברית,https://www.youtube.com/watch?v=HYSgCBpyusA
140,הנביאים,,,אליהו הנביא - חלק ג,20-Sep-16,עברית,https://www.youtube.com/watch?v=JEATn3hcvao
141,הנביאים,,,אלישע הנביא - חלק א,8-Nov-16,עברית,https://www.youtube.com/watch?v=BBXLWHMcb4w
142,הנביאים,,,אלישע הנביא - חלק ב,15-Nov-16,עברית,https://www.youtube.com/watch?v=vkgxTe5VRMg
143,הנביאים,,,אלישע הנביא - חלק ג,22-Nov-16,עברית,https://www.youtube.com/watch?v=CeaPjMnu31k
144,הנביאים,,,"""חזון ישעיהו על יהודה וירושלים"" - בימים ההם ובזמן הזה",27-Jul-17,עברית,https://www.youtube.com/watch?v=_aNQMNIaijQ
145,הנביאים,,,סעודת מלוה מלכה ואליהו הנביא,21-Jan-18,עברית,https://www.youtube.com/watch?v=9SWh3ULLV-k
146,הנביאים,,,נבואת ירמיהו על ארועי ימינו ועל הדרך לשרוד אותם,10-Jul-24,עברית,https://www.youtube.com/watch?v=OYWTYji5vV8
147,הנביאים,,,הנבואות על המצב העכשווי,25-Jul-24,עברית,https://www.youtube.com/watch?v=yiIgQQVvNSA
148,"יהדות, נצרות ואיסלאם",,,יון - החיה השלישית,5-Dec-13,עברית,https://www.youtube.com/watch?v=wJaPB_tHoq4
149,"יהדות, נצרות ואיסלאם",,,חכמת ישראל מול חכמת יון,5-Dec-13,עברית,https://www.youtube.com/watch?v=nF83IXgcwuQ
150,"יהדות, נצרות ואיסלאם",,,אנטישמיות - חלק א,27-Feb-14,עברית,https://www.youtube.com/watch?v=T5-mdVR0k68
151,"יהדות, נצרות ואיסלאם",,,אנטישמיות - חלק ב,6-Mar-14,עברית,https://www.youtube.com/watch?v=t8OYRcf2leQ
152,"יהדות, נצרות ואיסלאם",,,אנטישמיות - חלק ג - ישראל ועמלק,13-Mar-14,עברית,https://www.youtube.com/watch?v=rIS6HjDSC_k
153,"יהדות, נצרות ואיסלאם",,,אנטישמיות - חלק ד - ישראל ועמלק,20-Mar-14,עברית,https://www.youtube.com/watch?v=Y58QFuWu4bs
154,"יהדות, נצרות ואיסלאם",,,מלחמת עמלק,4-Mar-14,אנגלית,https://www.youtube.com/watch?v=htSzjAXtKHQ
155,"יהדות, נצרות ואיסלאם",,,האיסלם באחרית הימים,16-Sep-14,עברית,https://www.youtube.com/watch?v=xt4Rld7WBJc
156,"יהדות, נצרות ואיסלאם",,,הפלישתים והפלסטינאים,1-Nov-14,עברית,https://www.youtube.com/watch?v=wdr2TbqXok8
157,"יהדות, נצרות ואיסלאם",,,יהדות ונצרות - חלק א,6-Jan-15,עברית,https://www.youtube.com/watch?v=wPu4ywE3_-I
158,"יהדות, נצרות ואיסלאם",,,יהדות ונצרות - חלק ב,13-Jan-15,עברית,https://www.youtube.com/watch?v=4kVE68VLu3o
159,"יהדות, נצרות ואיסלאם",,,יהדות ונצרות - חלק ג,29-Jan-15,עברית,https://www.youtube.com/watch?v=8AiFs7L7po8
160,"יהדות, נצרות ואיסלאם",,,יהדות ונצרות - חלק ד,5-Feb-15,עברית,https://www.youtube.com/watch?v=c5j4FpX15NU
161,"יהדות, נצרות ואיסלאם",,,יהדות ונצרות - חלק ה,10-Feb-15,עברית,https://www.youtube.com/watch?v=53yhHkdVMiw
162,"יהדות, נצרות ואיסלאם",,,"מסגד ""אל אקצא"" , ""דו קיום"" , וטרור הסכינים",13-Oct-15,עברית,https://www.youtube.com/watch?v=6CN_RLY9frk
163,"יהדות, נצרות ואיסלאם",,,"מסגד ""אל אקצא"" , ""דו קיום"" , וטרור הסכינים [גרסה ב'-שיקאגו]",2-Nov-15,עברית,https://www.youtube.com/watch?v=jM8IV-v4p0E
164,"יהדות, נצרות ואיסלאם",,,"מלחמת העולמות ה""אסלם"" מול ה""נצרות"" המקורות בתנ""ך , במדרשים ובקבלה",16-Nov-15,עברית,https://www.youtube.com/watch?v=iGHlCF_8zO0
165,"יהדות, נצרות ואיסלאם",,,אנטישמיות - ישראל גרמניה המאבק על הבכורה,26-Jan-16,עברית,https://www.youtube.com/watch?v=f0Fs39AfATk
166,"יהדות, נצרות ואיסלאם",,,אנטישמיות - ישראל גרמניה המאבק על הבכורה,8-Jul-16,עברית,https://www.youtube.com/watch?v=qb6kLmvht_M
167,"יהדות, נצרות ואיסלאם",,,האסלאם באחרית הימים,25-Dec-17,עברית,https://www.youtube.com/watch?v=OJt5QywZk3A
168,"יהדות, נצרות ואיסלאם",,,ההבדל המהותי בין היהודים לגויים,7-May-19,עברית,https://www.youtube.com/watch?v=mmJ_uqWjuJY
169,"יהדות, נצרות ואיסלאם",,,הקשר בין ה״פלסטינאים״ לפלישתים בתנ״ך,18-Nov-19,עברית,https://www.youtube.com/watch?v=mWKlYMPl4wM
170,"יהדות, נצרות ואיסלאם",,,יעודו של ישמעאל בעולם,19-May-21,עברית,https://www.youtube.com/watch?v=WDiodhJfBRs
171,"יהדות, נצרות ואיסלאם",,,העימות בין ישראל לבין ישמעאל,18-Jun-22,עברית,https://www.youtube.com/watch?v=UkC5VnFZxbY
172,"יהדות, נצרות ואיסלאם",,,הקשר שבין ה״פלשתינאים״ והפלשתים בתנ״ך,16-Jun-22,עברית,https://www.youtube.com/watch?v=dQPcpwmxVKA
173,"יהדות, נצרות ואיסלאם",,,הישמעאלים וישראל,20-Nov-23,אנגלית,https://www.youtube.com/watch?v=ztffSGMzOKA
174,"יהדות, נצרות ואיסלאם",,,השורשים הרוחניים של הסכסוך הערבי ישראלי,10-Apr-24,עברית,https://www.youtube.com/watch?v=1NjSb3og3gQ
175,"יהדות, נצרות ואיסלאם",,,האם יש פיתרון לסכסוך הערבי ישראלי ?,14-Jul-24,עברית,https://www.youtube.com/watch?v=GpU4o58xi_A
176,"יהדות, נצרות ואיסלאם",,,מקומו של ישמעאל במערך ה״מלכויות״ על פי ״חלום הצלם״ בספר דניאל,15-Jul-24,עברית,https://www.youtube.com/watch?v=j7uZCL73x0g
177,"יהדות, נצרות ואיסלאם",,,הסיבה הרוחנית לסכסוך הערבי-ישראלי,17-Jul-24,עברית,https://www.youtube.com/watch?v=xgLbDswn3Vg
178,"יהדות, נצרות ואיסלאם",,,"מי באמת היה יש""ו ?",25-Dec-25,עברית,https://www.youtube.com/watch?v=Ofh1Fui_BvU
179,"יהדות, נצרות ואיסלאם",,,השורשים של האנטישמיות: נקודת מבטה של התורה,20-May-26,אנגלית,https://www.youtube.com/watch?v=77z1lFavd7s
180,"יהדות, נצרות ואיסלאם",,,אנטישמיות - למה הם כל כך שונאים אותנו ?,22-Jun-26,עברית,https://www.youtube.com/watch?v=ZXQuF1jghc8
181,נושאים נוספים,,,ספר איוב,2-Feb-16,אנגלית,https://www.youtube.com/watch?v=pRKXelmRUrQ
182,נושאים נוספים,,,"נחמו נחמו עמי - רבי עקיבא והשועל מ""בית קודש הקודשים""",3-Aug-17,עברית,https://www.youtube.com/watch?v=J7mSFUVYa-Q
183,נושאים נוספים,,,מסכת אבות - אהבת ורדיפת ה-״שלום״,10-Apr-18,אנגלית,https://www.youtube.com/watch?v=sdHxt5l5MBs
184,נושאים נוספים,,,מסכת אבות - אהבת ורדיפת ה-״שלום״,10-Apr-18,עברית,https://www.youtube.com/watch?v=HsaUPO2XYu4
185,נושאים נוספים,,,מסכת אבות - תיקון מידת ה״כעס״,17-Apr-18,עברית,https://www.youtube.com/watch?v=B-QoJ1jN37o
186,נושאים נוספים,,,מסכת אבות - תיקון מידת ה״כעס״,17-Apr-18,אנגלית,https://www.youtube.com/watch?v=a90T4vvrmx8
187,נושאים נוספים,,,מסכת אבות - מדרגת ומעלת ה״אדם״,24-Apr-18,עברית,https://www.youtube.com/watch?v=Pz0m1poukTk
188,נושאים נוספים,,,"מסכת ברכות , דף ג׳ , עמוד א׳",17-Feb-20,עברית,https://www.youtube.com/watch?v=urgErvarrZg
189,נושאים נוספים,,,מגיפת הקורונה במבט יהודי,17-Mar-20,עברית,https://www.youtube.com/watch?v=WZ1VdPHRpLU
190,נושאים נוספים,,,מגיפת הקורונה - חלק ב׳ - סוד עניין הקטורת ועצירת המוות,24-Mar-20,עברית,https://www.youtube.com/watch?v=2UgX26GW1oY
191,נושאים נוספים,,,חכמת שלמה - חלק א׳,24-Jun-20,עברית,https://www.youtube.com/watch?v=SkRUQxwfkBc
192,נושאים נוספים,,,שיר השירים - חלק א' - חכמת שלמה,30-Mar-21,עברית,https://www.youtube.com/watch?v=oZllibJWL4Y
193,נושאים נוספים,,,שיר השירים - חלק ב',1-Apr-21,עברית,https://www.youtube.com/watch?v=qAtbeqo-l_E
194,נושאים נוספים,,,מבוא למסכת אבות,23-Apr-21,אנגלית,https://www.youtube.com/watch?v=BVeK9vVtE5I
195,נושאים נוספים,,,"מבט יהודי על פי המקורות על מלחמת ""רוסיה-אוקראינה"" - חלק א'",1-Mar-22,עברית,https://www.youtube.com/watch?v=Fmgvy5O35sI
196,נושאים נוספים,,,"מבט יהודי על פי המקורות על מלחמת ""רוסיה-אוקראינה"" - חלק ב'",6-Mar-22,עברית,https://www.youtube.com/watch?v=YJ3m03agMoU
197,נושאים נוספים,,,מלחמת רוסיה-אוקראינה - חלק ג' - מדוע פוטין הא בעצם בובה על חוט,8-Mar-22,עברית,https://www.youtube.com/watch?v=9p-uD4iquz8
198,נושאים נוספים,,,שיר השירים - חלק ג',18-Apr-22,עברית,https://www.youtube.com/watch?v=Ca4c1Ege1ss
199,נושאים נוספים,,,שיר השירים - חלק ד' - הרב ינון קלזאן,4-Apr-23,עברית,https://www.youtube.com/watch?v=AgTv584timY
200,נושאים נוספים,,,שיר השירים - חלק ה' - הרב ינון קלזאן,11-Apr-23,עברית,https://www.youtube.com/watch?v=xpI7dFpWotc
201,נושאים נוספים,,,"המלחמה ב""חמאס"" היא חלק ממשהו הרבה יותר גדול - ה""פאזל"" על פי הנבואה",17-Oct-23,עברית,https://www.youtube.com/watch?v=DSAbzIj68BE
202,נושאים נוספים,,,שיר השירים - חלק ו׳,7-May-24,עברית,https://www.youtube.com/watch?v=_jhoLd3U8SM
203,נושאים נוספים,,,רבי שמעון בר יוחאי ותורת הקבלה,19-May-24,עברית,https://www.youtube.com/watch?v=XIcUbIGZSec
204,נושאים נוספים,,,"כחול ולבן, המצווה של הציצית",23-Jul-24,אנגלית,https://www.youtube.com/watch?v=g9zDpdzgw1c
205,נושאים נוספים,,,אנטישמיות ומגילת אסתר,24-Jul-24,אנגלית,https://www.youtube.com/watch?v=2056eJdjSro
206,נושאים נוספים,,,פודקאסט - שאלות ותשובות בענייני השקפה,22-Dec-24,עברית,https://www.youtube.com/watch?v=jCo4HeGECTg
207,נושאים נוספים,,,שיר השירים - חלק ז׳,17-Apr-25,עברית,https://www.youtube.com/watch?v=8y0tR7Su37g
208,נושאים נוספים,,,ניתוח המאורעות העכשוויים בסוגיית העימות עם פרס על פי הנבואה המדרש והקבלה,12-Feb-26,עברית,https://www.youtube.com/watch?v=YQirxVa5x0Y
209,נושאים נוספים,,,שיר השירים - חלק ח',31-Mar-26,עברית,https://www.youtube.com/watch?v=A43AfNxY1rY
210,נושאים נוספים,,,שיר השירים - חלק ט',7-Apr-26,עברית,https://www.youtube.com/watch?v=Pcwtpx4H2tE
211,נושאים נוספים,,,"מהות ועומק המושג ״שלום״ , ומדוע הוא לא ניתן להשגה",22-Jun-26,עברית,https://www.youtube.com/watch?v=qNYxOrkV36k
212,תפילה,ברכת המזון,,?איך מברכים את השֵׁם,5-Aug-15,אנגלית,https://www.youtube.com/watch?v=Pe1QNPzsHn8
213,תפילה,קדיש,,ביאור הקדיש,23-Feb-14,עברית,https://www.youtube.com/watch?v=TH7EI0Q0Yk8
214,תפילה,קדיש,,הקדיש,20-Nov-17,אנגלית,https://www.youtube.com/watch?v=sNe2Xj9Swfc
215,תפילה,קדיש,,הקדיש,20-Feb-20,אנגלית,https://www.youtube.com/watch?v=cXNdkimHBTE
216,תפילה,תהילים,,?האם מותר לומר פרקי תהילים לרפואתו של חולה,27-Aug-20,עברית,https://www.youtube.com/watch?v=WCX55O8TWGY
217,תפילה,שמע ישראל,,חלק א,25-Dec-13,עברית,https://www.youtube.com/watch?v=cn-FGxN5E2M
218,תפילה,שמע ישראל,,חלק ב,8-Jan-14,עברית,https://www.youtube.com/watch?v=z0LLDnHHG_Y
219,תפילה,שמע ישראל,,שמע ישראל,7-Mar-17,עברית,https://www.youtube.com/watch?v=GvNZT42NAU4
220,תפילה,שמע ישראל,,"המשמעות העמוקה יותר של המילים ""שמע ישראל""",27-Mar-24,אנגלית,https://www.youtube.com/watch?v=MMfUHPJH7ZU
221,תפילה,שמונה עשרה,,תפילת שמונה עשרה - חלק א,28-Jul-16,עברית,https://www.youtube.com/watch?v=9d_nT_MsEkU
222,תפילה,שמונה עשרה,,תפילת שמונה עשרה - חלק ב,3-Aug-16,עברית,https://www.youtube.com/watch?v=EPplmgCuc1Q
223,תפילה,שמונה עשרה,,"ברכת ""מגן אברהם"" - חלק א",25-Aug-16,עברית,https://www.youtube.com/watch?v=S3OWDn-WWec
224,תפילה,שמונה עשרה,,"ברכת ""מגן אברהם"" - חלק ב",1-Sep-16,עברית,https://www.youtube.com/watch?v=mrpj4_psfnk
225,תפילה,שמונה עשרה,,שמונה עשרה - מגן אברהם,23-Dec-21,אנגלית,https://www.youtube.com/watch?v=au1Te2gGNj4
226,תפילה,שמונה עשרה,,"""ברכת ""מחיה המתים",8-Sep-16,עברית,https://www.youtube.com/watch?v=shWH9RBVtB8
227,תפילה,שמונה עשרה,,"ברכת ""אתה קדוש"" - קדושה - חלק א",15-Sep-16,עברית,https://www.youtube.com/watch?v=lmPs8rqwwvM
228,תפילה,שמונה עשרה,,"ברכת ""אתה קדוש"" - קדושה - חלק ב",21-Sep-16,עברית,https://www.youtube.com/watch?v=E6akGBITTzo
229,תפילה,שמונה עשרה,,"""ברכת ""חונן הדעת",27-Oct-16,עברית,https://www.youtube.com/watch?v=PWCvGCc2O4k
230,תפילה,שמונה עשרה,,"""ברכת ""הרוצה בתשובה",3-Nov-16,עברית,https://www.youtube.com/watch?v=Ftvx_E9AO6w
231,תפילה,שמונה עשרה,,"""ברכת ""סלח לנו",10-Nov-16,עברית,https://www.youtube.com/watch?v=IpZhWSuuzAs
232,תפילה,שמונה עשרה,,"""ברכת ""גואל ישראל",17-Nov-16,עברית,https://www.youtube.com/watch?v=Ebm0iTZhhZ8
233,תפילה,שמונה עשרה,,"""ברכת ""רופא חולי עמו ישראל",24-Nov-16,עברית,https://www.youtube.com/watch?v=J7CPBjpW_B8
234,תפילה,שמונה עשרה,,"""ברכת הפרנסה ""מברך השנים",30-Nov-16,עברית,https://www.youtube.com/watch?v=Fcx98dJQAHE
235,תפילה,שמונה עשרה,,"""ברכת קיבוץ גלויות ""מקבץ נדחי עמו ישראל",15-Dec-16,עברית,https://www.youtube.com/watch?v=1puiQsLPHPY
236,תפילה,שמונה עשרה,,"""ברכת ""השיבה שופטינו כבראשונה",22-Dec-16,עברית,https://www.youtube.com/watch?v=v4cx3nC9_60
237,תפילה,שמונה עשרה,,"""ברכת ""למינים ולמלשינים",12-Jan-17,עברית,https://www.youtube.com/watch?v=lAg_GTsT0J4
238,תפילה,שמונה עשרה,,"""ברכת ""על הצדיקים",19-Jan-17,עברית,https://www.youtube.com/watch?v=jkLl8zwLyqc
239,תפילה,שמונה עשרה,,"""ברכת ""בונה ירושלים",26-Jan-17,עברית,https://www.youtube.com/watch?v=EfNNM2QIkec
240,תפילה,שמונה עשרה,,"""ברכת ""מצמיח קרן הישועה",2-Feb-17,עברית,https://www.youtube.com/watch?v=ooPjYmv0btM
241,תפילה,שמונה עשרה,,"""ברכת ""שומע תפילה",23-Feb-17,עברית,https://www.youtube.com/watch?v=pkxLUGKwy8w
242,תפילה,שמונה עשרה,,"""ברכת ""המחזיר שכינתו לציון",2-Mar-17,עברית,https://www.youtube.com/watch?v=DD2a1Ev6Nr4
243,תפילה,שמונה עשרה,,"ברכת ""הטוב שמך ולך נאה להודות"" - חלק א",16-Mar-17,עברית,https://www.youtube.com/watch?v=Z6Xdm4xw1IA
244,תפילה,שמונה עשרה,,"ברכת ""הטוב שמך ולך נאה להודות"" - חלק ב",23-Mar-17,עברית,https://www.youtube.com/watch?v=CVLa36neZfU
245,תפילה,שמונה עשרה,,ברכת הכהנים,30-Mar-17,עברית,https://www.youtube.com/watch?v=qu6gsOd9Uww
246,תפילה,שמונה עשרה,,"""ברכת ""שים שלום",6-Apr-17,עברית,https://www.youtube.com/watch?v=6GSC01vYTi8
247,תפילה,שמונה עשרה,,"""אלהי - נצור לשוני מרע""",20-Apr-17,עברית,https://www.youtube.com/watch?v=VttZLJB3xCY
248,תפילה,שמונה עשרה,,תהליך הגאולה לפי סדר הברכות בתפילת שמונה עשרה - חלק ראשון,4-Aug-20,עברית,https://www.youtube.com/watch?v=x-SdcYoTsFM
249,תפילה,שמונה עשרה,,תהליך הגאולה לפי סדר הברכות בתפילת שמונה עשרה - חלק שני,11-Aug-20,עברית,https://www.youtube.com/watch?v=mqDiwlHwGOU
250,תפילה,שמונה עשרה,,תהליך הגאולה לפי סדר הברכות בתפילת שמונה עשרה - חלק שלישי,18-Aug-20,עברית,https://www.youtube.com/watch?v=S7TXSBFt7TA
251,תפילה,תפילת הפרנסה,,תפילת הפרנסה,24-Sep-14,עברית,https://www.youtube.com/watch?v=5pBaemcFkGY
252,תפילה,תפילה,,משמעות התפילה - חלק א,17-Jun-16,עברית,https://www.youtube.com/watch?v=90oduMjweM8
253,תפילה,תפילה,,משמעות התפילה - חלק ב,30-Jun-16,עברית,https://www.youtube.com/watch?v=a1ZAK_qLFRU
254,תפילה,תפילה,,משמעות התפילה - חלק ג,14-Jul-16,עברית,https://www.youtube.com/watch?v=lfpGXvneCtU
255,תפילה,תפילה,,איכות התפילה - שליטה במחשבות,18-Aug-16,עברית,https://www.youtube.com/watch?v=FswqLGssqiE
256,תפילה,תפילה,,כוחה של התפילה,25-Dec-18,אנגלית,https://www.youtube.com/watch?v=f-9791lnVuQ
257,תפילה,תפילה,,"משמעות ה""תפילה"" - שיחה אישית עם בורא העולם , ועומק ביאור ברכת ""מגן אברהם""",19-Jun-26,עברית,https://www.youtube.com/watch?v=8gO-9ml2dhg
258,זוגיות וחינוך ילדים,חינוך ילדים,,בין הורים לילדים - יסודות החנוך,13-Nov-14,עברית,https://www.youtube.com/watch?v=7g3-9VbP5Cg
259,זוגיות וחינוך ילדים,חינוך ילדים,,בין הורים לילדים - יסודות החנוך [גרסה ב],9-Dec-14,עברית,https://www.youtube.com/watch?v=zIAGqiDEy1c
260,זוגיות וחינוך ילדים,חינוך ילדים,,חינוך ילדים,23-Apr-15,עברית,https://www.youtube.com/watch?v=gzY-UlTuffM
261,זוגיות וחינוך ילדים,חינוך ילדים,,"חינוך - ""חנוך לנער על פי דרכו",15-May-15,עברית,https://www.youtube.com/watch?v=oJWFCRaOEYc
262,זוגיות וחינוך ילדים,חינוך ילדים,,חינוך ילדים,2-Nov-15,אנגלית,https://www.youtube.com/watch?v=1PmFR9rxt7k
263,זוגיות וחינוך ילדים,חינוך ילדים,,חינוך ילדים,22-Nov-15,אנגלית,https://www.youtube.com/watch?v=dOLxQ7UeBqI
264,זוגיות וחינוך ילדים,חינוך ילדים,,גידול ילדים מצליחים - מבוא,10-May-17,אנגלית,https://www.youtube.com/watch?v=4POCuLF78vQ
265,זוגיות וחינוך ילדים,חינוך ילדים,,גידול ילדים מצליחים,10-May-17,אנגלית,https://www.youtube.com/watch?v=LKbK4EFDEr8
266,זוגיות וחינוך ילדים,חינוך ילדים,,יסודות החינוך,24-Jan-22,עברית,https://www.youtube.com/watch?v=bW9sINjr0B4
267,זוגיות וחינוך ילדים,חינוך ילדים,,בין הורים לילדים - ״יסודות החינוך״,31-Jul-23,עברית,https://www.youtube.com/watch?v=0LzgpndctFI
268,זוגיות וחינוך ילדים,יחסי אנוש,,כבוד האדם - וההשלכות ביחסי אנוש הנגזרות מכך,29-Apr-15,עברית,https://www.youtube.com/watch?v=bYcI8pUjHZg
269,זוגיות וחינוך ילדים,יחסי אנוש,,יחסי אנוש - ערך האדם,8-Mar-16,עברית,https://www.youtube.com/watch?v=JnUZAQ0Uc5Q
270,זוגיות וחינוך ילדים,יחסי אנוש,,יחסי אנוש - ערך האדם,14-Feb-17,עברית,https://www.youtube.com/watch?v=EfBzxHQPrjg
271,זוגיות וחינוך ילדים,יחסי אנוש,,בין אדם לחברו,23-Jan-18,אנגלית,https://www.youtube.com/watch?v=ZNxfGHpQUHI
272,זוגיות וחינוך ילדים,יחסי אנוש,,קשר בריא בזוגיות וביחסי אנוש,9-Nov-18,עברית,https://www.youtube.com/watch?v=ngIKQIH44sI
273,זוגיות וחינוך ילדים,יחסי אנוש,,זוגיות בריאה ויחסי אנוש,12-Feb-19,עברית,https://www.youtube.com/watch?v=_W6XZgiju7s
274,זוגיות וחינוך ילדים,יחסי אנוש,,בין אדם לחברו - ערך האדם,20-Sep-19,עברית,https://www.youtube.com/watch?v=OClY117VdmA
275,זוגיות וחינוך ילדים,יחסי אנוש,,יחסי אנוש - ״ערך האדם״,18-Aug-21,עברית,https://www.youtube.com/watch?v=VC1wqcGdHLQ
276,זוגיות וחינוך ילדים,יחסי אנוש,,״בין אדם לחברו״ - יחסי אנוש ביהדות,16-Aug-22,עברית,https://www.youtube.com/watch?v=R0pkrwf3ukc
277,זוגיות וחינוך ילדים,יחסי אנוש,,יחסי אנוש-ערך האדם,8-Dec-24,עברית,https://www.youtube.com/watch?v=YXLWtYb7R7E
278,זוגיות וחינוך ילדים,יחסי אנוש,,יחסי אנוש - ערך האדם,8-Feb-26,עברית,https://www.youtube.com/watch?v=57U6PpeXwkA
279,זוגיות וחינוך ילדים,אהבה,,אהבה הרצוי והמצוי,12-Jan-15,אנגלית,https://www.youtube.com/watch?v=mzlXiQ0kb-M
280,זוגיות וחינוך ילדים,אהבה,,אהבה הרצוי והמצוי,15-Jan-15,עברית,https://www.youtube.com/watch?v=5PUgpc0pbkE
281,זוגיות וחינוך ילדים,אהבה,,אהבה הרצוי והמצוי,26-May-15,עברית,https://www.youtube.com/watch?v=2fyfUaNpF1A
282,זוגיות וחינוך ילדים,אהבה,,אהבה הרצוי והמצוי 1,21-Aug-15,אנגלית,https://www.youtube.com/watch?v=4A6Kb6M1LE4
283,זוגיות וחינוך ילדים,אהבה,,אהבה הרצוי והמצוי 2,2-Sep-15,אנגלית,https://www.youtube.com/watch?v=vDc9HAqs3IY
284,זוגיות וחינוך ילדים,אהבה,,אהבה - הרצוי והמצוי,12-Apr-16,עברית,https://www.youtube.com/watch?v=c9D9DQ6pRI4
285,זוגיות וחינוך ילדים,אהבה,,אהבה הרצוי והמצוי,17-Jun-16,עברית,https://www.youtube.com/watch?v=Fvhe0DFFGrI
286,זוגיות וחינוך ילדים,אהבה,,אהבה הרצוי והמצוי,5-Dec-16,אנגלית,https://www.youtube.com/watch?v=GRR1oMvNh28
287,זוגיות וחינוך ילדים,אהבה,,"?""מה זאת ""אהבה",4-Jun-17,עברית,https://www.youtube.com/watch?v=DfthlIjOj-I
288,זוגיות וחינוך ילדים,אהבה,,בריאת האדם,5-Nov-17,אנגלית,https://www.youtube.com/watch?v=I7YgF_znce8
289,זוגיות וחינוך ילדים,אהבה,,"?""מה זאת ""אהבה",22-Nov-17,אנגלית,https://www.youtube.com/watch?v=9MK6mGsccdw
290,זוגיות וחינוך ילדים,אהבה,,"""אהבה הרצוי והמצוי"" - מה זאת אהבה",3-Jan-18,עברית,https://www.youtube.com/watch?v=ESlzRjZVaY4
291,זוגיות וחינוך ילדים,אהבה,,"אהבה"" - המבט התורני""",13-Feb-18,אנגלית,https://www.youtube.com/watch?v=Sd-bTJW081Q
292,זוגיות וחינוך ילדים,אהבה,,אהבה הרצוי והמצוי,13-Mar-18,עברית,https://www.youtube.com/watch?v=g67Ol4mK-mE
293,זוגיות וחינוך ילדים,אהבה,,"אהבה"" - המבט התורני""",19-Aug-18,אנגלית,https://www.youtube.com/watch?v=ZisGKN_3ppg
294,זוגיות וחינוך ילדים,אהבה,,"אהבה וזוגיות"" - המבט התורני - חלק 1""",31-Jan-19,אנגלית,https://www.youtube.com/watch?v=7o0UXYg3yE8
295,זוגיות וחינוך ילדים,אהבה,,"אהבה וזוגיות"" - המבט התורני - חלק 2""",7-Feb-19,אנגלית,https://www.youtube.com/watch?v=xVeMS6N8GjA
296,זוגיות וחינוך ילדים,אהבה,,"אהבה"" ביהדות""",21-Feb-19,אנגלית,https://www.youtube.com/watch?v=z1NmchItzjw
297,זוגיות וחינוך ילדים,אהבה,,סוד ה״אהבה״ על פי היהדות,11-Aug-22,עברית,https://www.youtube.com/watch?v=HLNwPy15vxk
298,זוגיות וחינוך ילדים,אהבה,,"בין ""אהבה"" ל""תאוה""",15-Nov-22,עברית,https://www.youtube.com/watch?v=rFuQEpw_SSM
299,זוגיות וחינוך ילדים,אהבה,,אהבה -מְצִיאוּת האידיאלי .,11-Jan-23,אנגלית,https://www.youtube.com/watch?v=mdm9jSsjTD0
300,זוגיות וחינוך ילדים,אהבה,,"""אהבה"" האידיאל מול המציאות",3-Aug-23,אנגלית,https://www.youtube.com/watch?v=qS4GHokQNZE
301,זוגיות וחינוך ילדים,אהבה,,אהבה הרצוי והמצוי,20-May-24,עברית,https://www.youtube.com/watch?v=eSTA9R2o7kk
302,זוגיות וחינוך ילדים,זוגיות,,הבסיס לזוגיות בריאה ומוצלחת,31-Dec-14,עברית,https://www.youtube.com/watch?v=w_4OfeIZrPQ
303,זוגיות וחינוך ילדים,זוגיות,,הבסיס לזוגיות בריאה ומוצלחת - גרסה ב,21-Jan-15,עברית,https://www.youtube.com/watch?v=TFATPNAB5S0
304,זוגיות וחינוך ילדים,זוגיות,,"איש ואשה - ה""זוגיות"" ביהדות",20-Jun-16,עברית,https://www.youtube.com/watch?v=aVZAUluI21s
305,זוגיות וחינוך ילדים,זוגיות,,זוגיות - מה חשוב שיהיה בבן\בת הזוג,26-Aug-16,עברית,https://www.youtube.com/watch?v=sZfU58Xa36c
306,זוגיות וחינוך ילדים,זוגיות,,זוגיות אידאלית,10-Feb-17,עברית,https://www.youtube.com/watch?v=k7Du8wClU9U
307,זוגיות וחינוך ילדים,זוגיות,,?מדוע בכל זאת עלי להתחתן,4-Sep-17,אנגלית,https://www.youtube.com/watch?v=3JJzbUtcj98
308,זוגיות וחינוך ילדים,זוגיות,,זוגיות - ״לא טוב היות האדם לבדו״,15-Jul-18,עברית,https://www.youtube.com/watch?v=x6MO6MH3Ovk
309,זוגיות וחינוך ילדים,זוגיות,,זוגיות - תקשורת חיובית,16-Jul-18,עברית,https://www.youtube.com/watch?v=GCKjXpNkqCc
310,זוגיות וחינוך ילדים,זוגיות,,קשר בריא בזוגיות וביחסי אנוש,9-Nov-18,עברית,https://www.youtube.com/watch?v=ngIKQIH44sI
311,זוגיות וחינוך ילדים,זוגיות,,זוגיות בריאה ויחסי אנוש,12-Feb-19,עברית,https://www.youtube.com/watch?v=_W6XZgiju7s
312,זוגיות וחינוך ילדים,זוגיות,,"תקשורת בין אישית נכונה - בזוגיות , ובין הורים לילדים",8-Jan-23,עברית,https://www.youtube.com/watch?v=2mQvqjljDZA
313,זוגיות וחינוך ילדים,זוגיות,,איש ואשה ביהדות,3-Jul-23,עברית,https://www.youtube.com/watch?v=UCoNyZrupNA
314,זוגיות וחינוך ילדים,זוגיות,,זוגיות אידאלית,3-Aug-23,עברית,https://www.youtube.com/watch?v=FCSmnQZjD08
315,זוגיות וחינוך ילדים,זוגיות,,איש ואשה ביהדות,6-Sep-24,עברית,https://www.youtube.com/watch?v=CgzscqjvCcQ
316,זוגיות וחינוך ילדים,הבית היהודי,,"המושג ""הבית היהודי"" בעומקו",15-Feb-15,אנגלית,https://www.youtube.com/watch?v=UU4JdLvp3n0
317,זוגיות וחינוך ילדים,הבית היהודי,,הבית היהודי,2-Mar-15,אנגלית,https://www.youtube.com/watch?v=gG8grhRbPys
318,זוגיות וחינוך ילדים,הבית היהודי,,הבית היהודי - בניית זוגיות איכותית,10-Mar-15,עברית,https://www.youtube.com/watch?v=LGOaMmeQruk
319,"שבת, חגים ומועדים",ספירת העומר,,ספירת העומר - חלק א,24-Apr-14,עברית,https://www.youtube.com/watch?v=BCeqLPYLfTc
320,"שבת, חגים ומועדים",ספירת העומר,,ספירת העומר - חלק ב,1-May-14,עברית,https://www.youtube.com/watch?v=rcnEiIlHFoQ
321,"שבת, חגים ומועדים",ספירת העומר,,ספירת העומר - חלק ג',8-May-14,עברית,https://www.youtube.com/watch?v=gwgY8_HLoAo
322,"שבת, חגים ומועדים",ספירת העומר,,משמעות ספירת העומר,23-Apr-15,עברית,https://www.youtube.com/watch?v=zLKxIlYlR88
323,"שבת, חגים ומועדים",ספירת העומר,,ספירת העומר - האבלות על מותם של תלמידי רבי עקיבא,27-Apr-15,עברית,https://www.youtube.com/watch?v=ikqPZ3Rpbyg
324,"שבת, חגים ומועדים",ספירת העומר,,האבלות על מותם של תלמידי רבי עקיבא [גרסה ב'],28-Apr-15,עברית,https://www.youtube.com/watch?v=bDbU76mtXt4
325,"שבת, חגים ומועדים",ספירת העומר,,בין פסח לשבועות - ספירת העומר,20-Apr-17,עברית,https://www.youtube.com/watch?v=k0_GLA8LB_c
326,"שבת, חגים ומועדים",ספירת העומר,,ספירת העומר - האבלות על מותם של תלמידי רבי עקיבא,12-Apr-18,עברית,https://www.youtube.com/watch?v=5-as0CtZ9Go
327,"שבת, חגים ומועדים",ספירת העומר,,ה״עומר״ זכותינו זכאותינו על ארץ ישראל,6-Apr-21,עברית,https://www.youtube.com/watch?v=uv3QTb5IFT4
328,"שבת, חגים ומועדים",ספירת העומר,,סוד הספרות 32 ו-17,13-Apr-21,עברית,https://www.youtube.com/watch?v=lJlk74-vjDY
329,"שבת, חגים ומועדים",ספירת העומר,,ספירת העומר - האבלות על מותם של תלמידי רבי עקיבא וסוד עניין ה״כבוד״,23-Apr-25,עברית,https://www.youtube.com/watch?v=QqlzAkdBfvY
330,"שבת, חגים ומועדים",ספירת העומר,,בין פסח לשבועות - המשמעות האמיתית של ״עצמאות״ עם ישראל,30-Apr-25,עברית,https://www.youtube.com/watch?v=eObi4tMYN-E
331,"שבת, חגים ומועדים",ח׳ בטבת,,האסון הנורא שב״תרגום השבעים״,2-Jan-20,עברית,https://www.youtube.com/watch?v=R1_avDDPoyw
332,"שבת, חגים ומועדים",ח׳ בטבת,,תרגום השבעים,22-Dec-20,עברית,https://www.youtube.com/watch?v=ZqCuM7Wnofc
333,"שבת, חגים ומועדים",חנוכה,,חוכמה יון לעומת חוכמה היהודית,2-Dec-14,אנגלית,https://www.youtube.com/watch?v=m32HQzt6lB0
334,"שבת, חגים ומועדים",חנוכה,,האור הנסתר,8-Dec-14,אנגלית,https://www.youtube.com/watch?v=CrLSDaBZWZQ
335,"שבת, חגים ומועדים",חנוכה,,II האור הנסתר,9-Dec-14,אנגלית,https://www.youtube.com/watch?v=qpgH6cIgLC0
336,"שבת, חגים ומועדים",חנוכה,,III האור הנסתר,24-Dec-14,אנגלית,https://www.youtube.com/watch?v=u3LcIxP4vm0
337,"שבת, חגים ומועדים",חנוכה,,מדוע רק הכהנים יכלו להביס את היוונים ? - חלק א,16-Dec-14,עברית,https://www.youtube.com/watch?v=n-oR_1Imgv0
338,"שבת, חגים ומועדים",חנוכה,,מדוע רק הכהנים יכלו להביס את היוונים ? - חלק ב,25-Dec-14,עברית,https://www.youtube.com/watch?v=MckJdcW-t34
339,"שבת, חגים ומועדים",חנוכה,,סוד הספרה שמונה - על טבע,24-Dec-14,עברית,https://www.youtube.com/watch?v=h8Vq2JB8KJA
340,"שבת, חגים ומועדים",חנוכה,,"האסון שב""תרגום השבעים"" - תרגום התורה ליוונית",30-Dec-14,עברית,https://www.youtube.com/watch?v=tIiU3PzNLM0
341,"שבת, חגים ומועדים",חנוכה,,הרקע ההיסטורי למרד החשמונאים,2-Dec-15,עברית,https://www.youtube.com/watch?v=cK6Enxvu_B0
342,"שבת, חגים ומועדים",חנוכה,,נצחון האור על החושך,3-Dec-15,עברית,https://www.youtube.com/watch?v=JgT34NXwoow
343,"שבת, חגים ומועדים",חנוכה,,מלחמת התרבויות,3-Dec-15,אנגלית,https://www.youtube.com/watch?v=irsn9LvMVhQ
344,"שבת, חגים ומועדים",חנוכה,,נס גדול היה פה,7-Dec-15,עברית,https://www.youtube.com/watch?v=LLoiLyH9Mhk
345,"שבת, חגים ומועדים",חנוכה,,סוד ההנצחה באמצעות הדלקת הנרות,7-Dec-17,עברית,https://www.youtube.com/watch?v=oUrh2If05YY
346,"שבת, חגים ומועדים",חנוכה,,"נס ה""השרדות"" של העם היהודי",20-Dec-15,עברית,https://www.youtube.com/watch?v=6GFH1KYAGZs
347,"שבת, חגים ומועדים",חנוכה,,עומק משמעות הדלקת נרות חנוכה,20-Dec-16,עברית,https://www.youtube.com/watch?v=1eWOkgI9bgY
348,"שבת, חגים ומועדים",חנוכה,,קריאת תיגר על המונופול של חוקי הטבע,20-Dec-16,עברית,https://www.youtube.com/watch?v=P5j_9z9F4fU
349,"שבת, חגים ומועדים",חנוכה,,ישראל מול יון,25-Dec-17,עברית,https://www.youtube.com/watch?v=0t1BRetPsdQ
350,"שבת, חגים ומועדים",חנוכה,,חכמת ישראל מול חכמת יון,25-Dec-17,עברית,https://www.youtube.com/watch?v=tyYH4KWz6bs
351,"שבת, חגים ומועדים",חנוכה,,על אור ועל חושך,27-Dec-16,עברית,https://www.youtube.com/watch?v=hYG5HjHKsbo
352,"שבת, חגים ומועדים",חנוכה,,העימות עם יון,27-Nov-18,עברית,https://www.youtube.com/watch?v=XZ0h0yczSvo
353,"שבת, חגים ומועדים",חנוכה,,האור שבתוך החושך,27-Nov-18,עברית,https://www.youtube.com/watch?v=lN9lY8crXnQ
354,"שבת, חגים ומועדים",חנוכה,,״הנרות הללו״ וסוד ״האור הגנוז״,4-Dec-18,עברית,https://www.youtube.com/watch?v=1dcKH4CSdtY
355,"שבת, חגים ומועדים",חנוכה,,עוצמתו ומשמעותו של נס חנוכה,6-Dec-18,עברית,https://www.youtube.com/watch?v=3KdLlyNjbKo
356,"שבת, חגים ומועדים",חנוכה,,יון החיה השלישית,16-Dec-19,עברית,https://www.youtube.com/watch?v=MYvhp9-oOA0
357,"שבת, חגים ומועדים",חנוכה,,"""מעוז צור ישועתי""",17-Dec-19,עברית,https://www.youtube.com/watch?v=qY0Cldziyfg
358,"שבת, חגים ומועדים",חנוכה,,"""מעוז צור ישועתי""",19-Dec-19,אנגלית,https://www.youtube.com/watch?v=F1Emd7Yxp9A
359,"שבת, חגים ומועדים",חנוכה,,היונים והמתייונים בימים ההם ובזמן הזה,19-Dec-19,עברית,https://www.youtube.com/watch?v=3QA8JXErBQg
360,"שבת, חגים ומועדים",חנוכה,,הכהן הגדול נגד האימפריה היוונית,26-Dec-19,אנגלית,https://www.youtube.com/watch?v=LWFC_9C0S7I
361,"שבת, חגים ומועדים",חנוכה,,ציון מול יון,26-Dec-19,עברית,https://www.youtube.com/watch?v=X9hmux41nbg
362,"שבת, חגים ומועדים",חנוכה,,'גלות יון שבתוך גלות אדום - חלק א,8-Dec-20,עברית,https://www.youtube.com/watch?v=x09QKiJV2R8
363,"שבת, חגים ומועדים",חנוכה,,'גלות יון שבתוך גלות אדום - חלק ב,9-Dec-20,עברית,https://www.youtube.com/watch?v=Lkj3bAVDhKU
364,"שבת, חגים ומועדים",חנוכה,,״ופרצו חומות מגדלי״,15-Dec-20,עברית,https://www.youtube.com/watch?v=ffU2ITyPtL8
365,"שבת, חגים ומועדים",חנוכה,,Chanukah - Miracle Vs. Nature,21-Nov-21,אנגלית,https://www.youtube.com/watch?v=8eABrfRktxk
366,"שבת, חגים ומועדים",חנוכה,,מאי חנוכה ?,29-Nov-21,עברית,https://www.youtube.com/watch?v=zJ0ZhIXq5Oo
367,"שבת, חגים ומועדים",חנוכה,,"חנוכה - פיענוח חידת נבואת זכריה ב""חזון המנורה""",2-Dec-21,עברית,https://www.youtube.com/watch?v=gKHgxIsjs5g
368,"שבת, חגים ומועדים",חנוכה,,חנוכה - נס בלתי אפשרי בתוך מסגרת הטבע,24-Nov-22,עברית,https://www.youtube.com/watch?v=yr9Grn65T_Y
369,"שבת, חגים ומועדים",חנוכה,,חנוכה - בימים ההם בזמן הזה,13-Dec-22,עברית,https://www.youtube.com/watch?v=TfnytZhykuA
370,"שבת, חגים ומועדים",חנוכה,,חנוכה - הנצחון על היוונים - למי מגיע הקרדיט,20-Dec-22,עברית,https://www.youtube.com/watch?v=QR-7Kv2-td4
371,"שבת, חגים ומועדים",חנוכה,,חנוכה - סוד ״ארבע המלכויות״ בנבואת דניאל,28-Nov-23,עברית,https://www.youtube.com/watch?v=3eCB9783SwI
372,"שבת, חגים ומועדים",חנוכה,,Hanukkah - The amazing connection between the story of Dina and Hanukkah,28-Nov-23,אנגלית,https://www.youtube.com/watch?v=_AVDwtYrdno
373,"שבת, חגים ומועדים",חנוכה,,חנוכה - מהות הקונפליקיט - חוצפה יוונית מול חוצפה יהודית,12-Dec-23,עברית,https://www.youtube.com/watch?v=arfvJmggASY
374,"שבת, חגים ומועדים",חנוכה,,"חנוכה - ייחודיותה ומהותה של ""גלות יון""",12-Dec-23,עברית,https://www.youtube.com/watch?v=xTp11ACYx1c
375,"שבת, חגים ומועדים",חנוכה,,חנוכה - גלות יון - ״בארץ אויביהם״,13-Dec-23,עברית,https://www.youtube.com/watch?v=yJKTNzLjI1k
376,"שבת, חגים ומועדים",חנוכה,,חנוכה - ״גלות יון״ הנצחון על ידי ה״כהנים״ דוקא,18-Dec-24,עברית,https://www.youtube.com/watch?v=IXdNQgS34JE
377,"שבת, חגים ומועדים",חנוכה,,חנוכה - על מה באמת היתה המלחמה בה הובסו היוונים על ידי החשמונאים,25-Dec-24,עברית,https://www.youtube.com/watch?v=BrvjRCnmn60
378,"שבת, חגים ומועדים",חנוכה,,חנוכה - גלות יון שבתוך גלות אדום במציאות ימינו,1-Jan-25,עברית,https://www.youtube.com/watch?v=6_hFAfRRdfU
379,"שבת, חגים ומועדים",חנוכה,,"חנוכה - סוד ה""אור החבויה""",2-Dec-25,אנגלית,https://www.youtube.com/watch?v=rY70nfHMtII
380,"שבת, חגים ומועדים",חנוכה,,חנוכה - המאבק האידיאולוגי בין היוונים ליהודים,7-Dec-25,אנגלית,https://www.youtube.com/watch?v=vcf0MPPVl5s
381,"שבת, חגים ומועדים",חנוכה,,"חנוכה - יצירת ה""אור"" במעשה בראשית , וסוד ה""אור הגנוז""",10-Dec-25,עברית,https://www.youtube.com/watch?v=NB32VfP3Km4
382,"שבת, חגים ומועדים",חנוכה,,"חנוכה - על ""חושך"" ועל ""אור"" , ביאור עומק המושגים",22-Dec-25,עברית,https://www.youtube.com/watch?v=qnBY0LzTmhY
383,"שבת, חגים ומועדים",חנוכה,,"חנוכה - ""נס וטבע""",22-Dec-25,עברית,https://www.youtube.com/watch?v=jbFTbhxk8Ug
384,"שבת, חגים ומועדים",יום העצמאות,,"אקטואליה לאור התנ""ך - יום העצמאות - הקמת המדינה",2-May-17,עברית,https://www.youtube.com/watch?v=X4QrKP45qSE
385,"שבת, חגים ומועדים",לג' בעומר,,רבי שמעון בר יוחאי ותורת הקבלה,7-May-14,אנגלית,https://www.youtube.com/watch?v=_vNGpoAnalM
386,"שבת, חגים ומועדים",לג' בעומר,,רבי שמעון בר יוחאי ותורת הקבלה,12-May-14,עברית,https://www.youtube.com/watch?v=rwb0kk3y_V8
387,"שבת, חגים ומועדים",לג' בעומר,,לג' בעומר ורבי שמעון בר יוחאי,4-May-15,עברית,https://www.youtube.com/watch?v=sQ7DS_i3CqM
388,"שבת, חגים ומועדים",לג' בעומר,,לג׳ בעומר - סוד האור הגנוז,3-May-18,עברית,https://www.youtube.com/watch?v=1WLPwR2MoyE
389,"שבת, חגים ומועדים",לג' בעומר,,לג' בעומר ורבי שמעון בר יוחאי,16-May-19,אנגלית,https://www.youtube.com/watch?v=xJ3O6hRqBuo
390,"שבת, חגים ומועדים",לג' בעומר,,ה״אש״ וה״זוהר״,21-May-19,עברית,https://www.youtube.com/watch?v=VJ0QOJk2cGE
391,"שבת, חגים ומועדים",לג' בעומר,,רבי שמעון בר יוחאי ותורת הקבלה,21-May-19,עברית,https://www.youtube.com/watch?v=_v2ULl1JJu0
392,"שבת, חגים ומועדים",לג' בעומר,,סוד השמחה ביום הזה,11-May-20,עברית,https://www.youtube.com/watch?v=n8Gi_zRPoGQ
393,"שבת, חגים ומועדים",לג' בעומר,,לג׳ בעומר - גילוי רובד הנסתר על ידי רבי שמעון בר יוחאי,17-May-22,עברית,https://www.youtube.com/watch?v=l-Wryb9Jocs
394,"שבת, חגים ומועדים",לג' בעומר,,Rabbi Shimon Bar Yochai & The Kabbalah,20-May-22,אנגלית,https://www.youtube.com/watch?v=zFfIkk9tpfk
395,"שבת, חגים ומועדים",לג' בעומר,,לג’ בעומר - ה״אור״ וה״אש״ - ביאור עומק עיניינם בתוך המציאות,14-May-25,עברית,https://www.youtube.com/watch?v=_AMO3j9Wxdo
396,"שבת, חגים ומועדים",לג' בעומר,,לג’ בעומר - רבי שמעון בר יוחאי,16-May-25,עברית,https://www.youtube.com/watch?v=OaLzwGlgLGM
397,"שבת, חגים ומועדים",לג' בעומר,,עומק משמעותו של לג׳ בעומר (עם חויית אזעקה של טיל מתימן לכמה דקות באמצע),16-May-25,עברית,https://www.youtube.com/watch?v=viikELKTddY
398,"שבת, חגים ומועדים",לג' בעומר,,לג' בעומר - תורת הקבלה וכן כל התורה שבעל פה ניתנו למשה בסיני,5-May-26,עברית,https://www.youtube.com/watch?v=6gvjir68llo
399,"שבת, חגים ומועדים",אדר,,משנכנס אדר מרבים בשמחה,19-Feb-15,עברית,https://www.youtube.com/watch?v=QMS6bwjm8cw
400,"שבת, חגים ומועדים",אדר,,משנכנס אדר מרבים בשמחה,11-Mar-16,עברית,https://www.youtube.com/watch?v=x9aBKbAqTh8
401,"שבת, חגים ומועדים",אדר,,"""משנכנס אדר מרבים בשמחה"" - מהותה של ה""שמחה""",28-Feb-17,עברית,https://www.youtube.com/watch?v=m-K305AyqkQ
402,"שבת, חגים ומועדים",אדר,,משנכנס אדר מרבים בשמחה,15-Feb-18,עברית,https://www.youtube.com/watch?v=8qeunfaD91o
403,"שבת, חגים ומועדים",אדר,,?מה לא ידע המן על התאריך זי באדר,22-Feb-18,עברית,https://www.youtube.com/watch?v=FSZcJGqcMmY
404,"שבת, חגים ומועדים",אדר,,ראש חודש אדר א׳ - ״סוד העיבור״ של שנה מעוברת,4-Feb-19,עברית,https://www.youtube.com/watch?v=NQmGwYKIQ7A
405,"שבת, חגים ומועדים",אדר,,מהות המצוה להרבות בשמחה,5-Mar-19,עברית,https://www.youtube.com/watch?v=Xfjb3A62G2A
406,"שבת, חגים ומועדים",אדר,,אדר וניסן - סמיכות גאולת פורים לגאולת פסח,5-Mar-19,עברית,https://www.youtube.com/watch?v=sr89WwSf09Q
407,"שבת, חגים ומועדים",אדר,,האושר המיוחד בחודש אדר,1-Feb-22,אנגלית,https://www.youtube.com/watch?v=Ghur5cLrvDY
408,"שבת, חגים ומועדים",אדר,,משנכנס אדר מרבים בשמחה,4-Mar-22,עברית,https://www.youtube.com/watch?v=Db95vGopWaA
409,"שבת, חגים ומועדים",אדר,,חודש אדר - הסיבה העמוקה והאמיתית לחובת ריבוי השמחה,12-Mar-24,עברית,https://www.youtube.com/watch?v=AsBtismbhOw
410,"שבת, חגים ומועדים",אדר,,משנכנס אדר מרבים בשמחה - פנימיות ועומק מהות ה״שמחה״,2-Mar-25,עברית,https://www.youtube.com/watch?v=Gc6OzXlHs5o
411,"שבת, חגים ומועדים",אדר,,חודש אדר - סוד ההיפוך בחודש אדר,18-Feb-26,עברית,https://www.youtube.com/watch?v=AJJnDOO8SBI
412,"שבת, חגים ומועדים",חודש אלול,,חודש אלול - המוטיבציה לשינוי,12-Sep-14,עברית,https://www.youtube.com/watch?v=PWwgYniGwsM
413,"שבת, חגים ומועדים",חודש אלול,,חודש אלול - מהותו של חודש אלול,18-Sep-14,עברית,https://www.youtube.com/watch?v=vpP_Ut0QPqA
414,"שבת, חגים ומועדים",חודש אלול,,חודש אלול - כוחה של תפילה,21-Aug-18,עברית,https://www.youtube.com/watch?v=1ME9DWxi2uU
415,"שבת, חגים ומועדים",חודש אלול,,חודש אלול - פנימיות עניין תקיעת השופר לאורך חודש אלול,23-Aug-18,עברית,https://www.youtube.com/watch?v=oMEj3UFejfw
416,"שבת, חגים ומועדים",חודש אלול,,חודש אלול - תהליך התיקון שאחרי החורבן,27-Aug-19,עברית,https://www.youtube.com/watch?v=_6aCghQiepM
417,"שבת, חגים ומועדים",חודש אלול,,חודש אלול - תהליך התיקון שאחרי החורבן,29-Aug-19,עברית,https://www.youtube.com/watch?v=atJxm50SVlw
418,"שבת, חגים ומועדים",חודש אלול,,חודש אלול - מהותו של חודש אלול,22-Aug-23,עברית,https://www.youtube.com/watch?v=W53pPlOiI20
419,"שבת, חגים ומועדים",חודש אלול,,חודש אלול - עניין ״מידת הרחמים״,29-Aug-23,עברית,https://www.youtube.com/watch?v=pXu7HGBYy6A
420,"שבת, חגים ומועדים",חודש אלול,,תאריכי המפתח בלוח השנה היהודי - שורשו ומהותו של חודש אלול,26-Aug-25,עברית,https://www.youtube.com/watch?v=JU964G-5GDg
421,"שבת, חגים ומועדים",חודש אלול,,"תאריכי מפתח בלוח השנה היהודי, החשיבות של חודש אלול",26-Aug-25,אנגלית,https://www.youtube.com/watch?v=BUx_5RaIEHY
422,"שבת, חגים ומועדים",ניסן,,חודש ניסן,1-Apr-14,אנגלית,https://www.youtube.com/watch?v=tFZfoleSU_E
423,"שבת, חגים ומועדים",ניסן,,"פרשת ""החודש הזה לכם""",19-Mar-15,עברית,https://www.youtube.com/watch?v=msCaJkXBF4Y
424,"שבת, חגים ומועדים",ניסן,,ראשון הוא לכם - סודו ומשמעותו של חודש האביב,28-Mar-17,עברית,https://www.youtube.com/watch?v=eortrDlmfJk
425,"שבת, חגים ומועדים",ניסן,,פרשת החודש - חידוש בעולם של שיגרה,5-Apr-19,עברית,https://www.youtube.com/watch?v=c_zn4mj3cic
426,"שבת, חגים ומועדים",ניסן,,ראש חדש ניסן - סוד החידוש בתוך הקבוע,25-Mar-20,עברית,https://www.youtube.com/watch?v=1_uVsvQu320
427,"שבת, חגים ומועדים",ניסן,,"חודש ניסן - ""חידוש"" משולב ב""שיגרה""",1-Apr-22,עברית,https://www.youtube.com/watch?v=YJqy4Y1jx3A
428,"שבת, חגים ומועדים",תשרי,,סוד ריכוז החגים בחודש תשרי על פי הקבלה,22-Sep-16,עברית,https://www.youtube.com/watch?v=utad3UZdWyA
429,"שבת, חגים ומועדים",פסח,,מהות גלות וגאולת מצרים,19-Mar-14,עברית,https://www.youtube.com/watch?v=DmJWtyIraCQ
430,"שבת, חגים ומועדים",פסח,,פסח - חמץ ומצה,31-Mar-14,עברית,https://www.youtube.com/watch?v=YDDKPSV8yBA
431,"שבת, חגים ומועדים",פסח,,הגדה של פסח - חלק א,27-Mar-14,עברית,https://www.youtube.com/watch?v=1BtDn4oyJQA
432,"שבת, חגים ומועדים",פסח,,הגדה של פסח - חלק ב,1-Apr-14,עברית,https://www.youtube.com/watch?v=v-oqJmiYcls
433,"שבת, חגים ומועדים",פסח,,הגדה של פסח - חלק ג,2-Apr-14,עברית,https://www.youtube.com/watch?v=RSzGDdzKHW0
434,"שבת, חגים ומועדים",פסח,,ארבעת הכוסות,3-Apr-14,עברית,https://www.youtube.com/watch?v=KDY-91T0Pc8
435,"שבת, חגים ומועדים",פסח,,מהות גלות וגאולת מצרים - חלק א,4-Apr-14,אנגלית,https://www.youtube.com/watch?v=y9jTYyDWCZs
436,"שבת, חגים ומועדים",פסח,,מהות גלות וגאולת מצרים - חלק ב,7-Apr-14,אנגלית,https://www.youtube.com/watch?v=IlhaAaYXjlw
437,"שבת, חגים ומועדים",פסח,,מהות גלות וגאולת מצרים - חלק ג,16-Mar-15,אנגלית,https://www.youtube.com/watch?v=GZbYLcyWxn0
438,"שבת, חגים ומועדים",פסח,,המשמעות הפילוסופית של ניסי מצרים,8-Apr-14,עברית,https://www.youtube.com/watch?v=iCKezZpIpDw
439,"שבת, חגים ומועדים",פסח,,מכת בכורות,11-Apr-14,עברית,https://www.youtube.com/watch?v=RNnHL770nX0
440,"שבת, חגים ומועדים",פסח,,היציאה מעבדות לחירות - חירות אמתית מהי,17-Mar-15,עברית,https://www.youtube.com/watch?v=NkrLFqg9U8E
441,"שבת, חגים ומועדים",פסח,,"מהותו של חג הפסח - פסח , מצה , ומרור",24-Mar-15,עברית,https://www.youtube.com/watch?v=yMnUcqum5l8
442,"שבת, חגים ומועדים",פסח,,ליל הסדר - מכת בכורות,25-Mar-15,עברית,https://www.youtube.com/watch?v=0DWe0Q3Vf5s
443,"שבת, חגים ומועדים",פסח,,הגדה של פסח - ארבעת הבנים,30-Mar-15,עברית,https://www.youtube.com/watch?v=f_fQ8B6OTxA
444,"שבת, חגים ומועדים",פסח,,פה שח - גלות וגאולת הדיבור,31-Mar-15,עברית,https://www.youtube.com/watch?v=j_Rj2eq2Bis
445,"שבת, חגים ומועדים",פסח,,גאולת מצרים והגאולה העתידה,5-Apr-16,עברית,https://www.youtube.com/watch?v=SAnykCx_xCo
446,"שבת, חגים ומועדים",פסח,,מהות גלות וגאולת מצרים,7-Apr-16,עברית,https://www.youtube.com/watch?v=yh6AG3hmlk4
447,"שבת, חגים ומועדים",פסח,,חג החירות - מהי באמת חירות,21-Mar-17,עברית,https://www.youtube.com/watch?v=_WwVuSH4Y7Y
448,"שבת, חגים ומועדים",פסח,,"ליל הסדר - ""מכת בכורות""",22-Mar-17,עברית,https://www.youtube.com/watch?v=YGYMM_ol5_4
449,"שבת, חגים ומועדים",פסח,,"עומק מהות ה""מסרים"" בהגדה - ""פסח"" , ""מצה"" , ו""מרור""",4-Apr-17,עברית,https://www.youtube.com/watch?v=x2up2VGhgsg
450,"שבת, חגים ומועדים",פסח,,"היום בו נולד ""עם ישראל""",4-Apr-17,עברית,https://www.youtube.com/watch?v=61_oVaodwoY
451,"שבת, חגים ומועדים",פסח,,גאולת מצרים,6-Mar-18,אנגלית,https://www.youtube.com/watch?v=SSAsqn1kcH8
452,"שבת, חגים ומועדים",פסח,,ארבעת הבנים ב״הגדה״,15-Mar-18,עברית,https://www.youtube.com/watch?v=p2b4a7bDMP0
453,"שבת, חגים ומועדים",פסח,,מכת בכורות - חלק אי,16-Mar-18,עברית,https://www.youtube.com/watch?v=Ylkw4RRJzzI
454,"שבת, חגים ומועדים",פסח,,מכת בכורות - חלק בי,16-Mar-18,עברית,https://www.youtube.com/watch?v=qxzt-BnBsxY
455,"שבת, חגים ומועדים",פסח,,עבדות וחירות,18-Mar-18,אנגלית,https://www.youtube.com/watch?v=TEsSz1dX8tA
456,"שבת, חגים ומועדים",פסח,,ארבעת הבנים ב״הגדה״,18-Mar-18,אנגלית,https://www.youtube.com/watch?v=vXiIG-c11rA
457,"שבת, חגים ומועדים",פסח,,״והיא שעמדה״,18-Mar-18,עברית,https://www.youtube.com/watch?v=Xe1iPmvtcyA
458,"שבת, חגים ומועדים",פסח,,יציאת ״מצרים״ בדורנו,19-Mar-18,עברית,https://www.youtube.com/watch?v=8r08d56UtFU
459,"שבת, חגים ומועדים",פסח,,עומק עניין ה״חמץ״ וה״מצה״,20-Mar-18,עברית,https://www.youtube.com/watch?v=iROc5Cad5IM
460,"שבת, חגים ומועדים",פסח,,״סוד״ ארבעת הכוסות - ״נכנס יין יצא סוד״,26-Mar-18,עברית,https://www.youtube.com/watch?v=fzGRKvswzXQ
461,"שבת, חגים ומועדים",פסח,,מהי תכליתה של יציאת מצרים,3-Apr-18,עברית,https://www.youtube.com/watch?v=FeymbQUKui0
462,"שבת, חגים ומועדים",פסח,,מבט מעמיק על ״יציאת מצרים״ [חלק ראשון],28-Mar-19,עברית,https://www.youtube.com/watch?v=WRzmDKMCqIo
463,"שבת, חגים ומועדים",פסח,,מכת בכורות,31-Mar-19,אנגלית,https://www.youtube.com/watch?v=ynsNbFSO_4E
464,"שבת, חגים ומועדים",פסח,,?למה אסור לאכול חמץ,1-Apr-19,עברית,https://www.youtube.com/watch?v=CnXMk0tZ_uk
465,"שבת, חגים ומועדים",פסח,,?למה אסור לאכול חמץ,4-Apr-19,אנגלית,https://www.youtube.com/watch?v=fiJ7S3r_rX4
466,"שבת, חגים ומועדים",פסח,,יציאת מצרים - הפרדת ה״טוב״ מה״רע״,4-Apr-19,עברית,https://www.youtube.com/watch?v=84tk-i1EIco
467,"שבת, חגים ומועדים",פסח,,מעבדות לחירות,7-Apr-19,עברית,https://www.youtube.com/watch?v=d7BsjRZ3j9M
468,"שבת, חגים ומועדים",פסח,,פיענוח כוחות הנפש של ארבעת הבנים ב-״הגדה״,9-Apr-19,עברית,https://www.youtube.com/watch?v=lEfzUmH0Png
469,"שבת, חגים ומועדים",פסח,,הפרדת הערב רב מעם ישראל באחרית הימים,11-Apr-19,עברית,https://www.youtube.com/watch?v=qNEEwoVbDbg
470,"שבת, חגים ומועדים",פסח,,״יציאת מצרים״ בעידן המודרני,11-Apr-19,עברית,https://www.youtube.com/watch?v=anKzrCUA164
471,"שבת, חגים ומועדים",פסח,,פה שח - גלות וגאולת הדיבור,15-Apr-19,עברית,https://www.youtube.com/watch?v=zzVPn5BnuO4
472,"שבת, חגים ומועדים",פסח,,ארבעת הכוסות וסוד כוסו של אליהו,16-Apr-19,עברית,https://www.youtube.com/watch?v=eNrZ8HWxAK4
473,"שבת, חגים ומועדים",פסח,,יום הלידה של עם ישראל,16-Apr-19,עברית,https://www.youtube.com/watch?v=ta_d71D7RFY
474,"שבת, חגים ומועדים",פסח,,שביעי של פסח - הטבעת הצבא המצרי בים סוף,23-Apr-19,עברית,https://www.youtube.com/watch?v=44lc2qpFWUo
475,"שבת, חגים ומועדים",פסח,,בין פסח לעצרת - המסע מרעמסס להר סיני,30-Apr-19,עברית,https://www.youtube.com/watch?v=lJH8N-ZoztE
476,"שבת, חגים ומועדים",פסח,,חייב אדם לראות את עצמו יוצא ממצרים,30-Mar-20,עברית,https://www.youtube.com/watch?v=zEkuIRQ63B4
477,"שבת, חגים ומועדים",פסח,,יציאת מצרים עבדות וחירות,31-Mar-20,עברית,https://www.youtube.com/watch?v=N10zXvd1v3I
478,"שבת, חגים ומועדים",פסח,,מהות גלות ושעבוד מצרים,1-Apr-20,עברית,https://www.youtube.com/watch?v=SHeC0NnRhTk
479,"שבת, חגים ומועדים",פסח,,שביעי של פסח - קריעת ים סוף,14-Apr-20,עברית,https://www.youtube.com/watch?v=ZTMzD86vHsU
480,"שבת, חגים ומועדים",פסח,,הסוד והנסתר ב״חמץ״ וב״מצה״,16-Mar-21,עברית,https://www.youtube.com/watch?v=VvoDg1PR5Xw
481,"שבת, חגים ומועדים",פסח,,"ביאור ה""הגדה"" - חלק א'",23-Mar-21,עברית,https://www.youtube.com/watch?v=7K5ZcePZipM
482,"שבת, חגים ומועדים",פסח,,"ביאור ה""הגדה"" - חלק ב'",23-Mar-21,עברית,https://www.youtube.com/watch?v=oM8Z3XQP4SE
483,"שבת, חגים ומועדים",פסח,,פסח - סוד נצחיותו של עם ישראל,28-Mar-22,עברית,https://www.youtube.com/watch?v=fAhnCIwPEWc
484,"שבת, חגים ומועדים",פסח,,פסח - משמעות היציאה ממצרים,31-Mar-22,עברית,https://www.youtube.com/watch?v=VlFwAHMr1Os
485,"שבת, חגים ומועדים",פסח,,פסח - ״גאולת מצרים״ וה״גאולה העתידה״,4-Apr-22,עברית,https://www.youtube.com/watch?v=MMOzkKxuyu0
486,"שבת, חגים ומועדים",פסח,,פסח - עוצמתה של גאולת מצרים,5-Apr-22,עברית,https://www.youtube.com/watch?v=8yiJXeYDVt4
487,"שבת, חגים ומועדים",פסח,,"פסח - מאחורי הקלעים של ה""סדר"" ב""ליל הסדר""",6-Apr-22,עברית,https://www.youtube.com/watch?v=MD3rFvUGTA8
488,"שבת, חגים ומועדים",פסח,,פסח - עניין ארבעת הכוסות בליל הסדר על פי תורת הנסתר,11-Apr-22,עברית,https://www.youtube.com/watch?v=4dltrjqbcL4
489,"שבת, חגים ומועדים",פסח,,שביעי של פסח - עומק עניינו,19-Apr-22,עברית,https://www.youtube.com/watch?v=zinggphL8dQ
490,"שבת, חגים ומועדים",פסח,,פסח - עומק משמעות המושג ״חירות״,21-Mar-23,עברית,https://www.youtube.com/watch?v=GcGamlxH8Q0
491,"שבת, חגים ומועדים",פסח,,פסח - הסוד מאחורי חמץ ומצה,24-Mar-23,אנגלית,https://www.youtube.com/watch?v=JHCRnqO2SWY
492,"שבת, חגים ומועדים",פסח,,"פסח - סוד עניין ""חצות הלילה""",27-Mar-23,עברית,https://www.youtube.com/watch?v=S9XNmHRligI
493,"שבת, חגים ומועדים",פסח,,"פסח - ""והגדת לבנך"" - תקשורת בינ-דורית - הבעיה והפתרון",16-Apr-24,עברית,https://www.youtube.com/watch?v=SH_AHB5yfrw
494,"שבת, חגים ומועדים",פסח,,פסח - משמעות חיוב ״יציאת מצרים״ בדור שלנו,16-Apr-24,עברית,https://www.youtube.com/watch?v=f9enr1Sns70
495,"שבת, חגים ומועדים",פסח,,פסח - גאולת מצרים והגאולה העתידה,28-Mar-25,עברית,https://www.youtube.com/watch?v=ROd2469V2cE
496,"שבת, חגים ומועדים",פסח,,אנטישמיות - למה הם כל כך רוצים לחסל אותנו,30-Mar-25,אנגלית,https://www.youtube.com/watch?v=YfzNtxcBVWs
497,"שבת, חגים ומועדים",פסח,,פסח - ״והגדת לבנך״ - ארבעת הבנים בהגדה - סוד החינוך היהודי,31-Mar-25,עברית,https://www.youtube.com/watch?v=Gz3HAjPmZmc
498,"שבת, חגים ומועדים",פסח,,פסח - ה״זכאות״ לגאולה אז ועתה,9-Apr-25,עברית,https://www.youtube.com/watch?v=fLb4I8qNKis
499,"שבת, חגים ומועדים",פסח,,פסח - ״גלות מצרים״ ועומק עניין ה״רכוש הגדול״ ב״גאולת מצרים״ על פי תורת הסוד,16-Apr-25,עברית,https://www.youtube.com/watch?v=9twlFbesRq8
500,"שבת, חגים ומועדים",פסח,,"שביעי של פסח התשפ״ה - שירת הים , שירת דוד , ו״שיר השירים״",18-Apr-25,עברית,https://www.youtube.com/watch?v=eJNw0whS348
501,"שבת, חגים ומועדים",פסח,,"יציאת מצרים - סוד עניין ה""לידה המחודשת"" של עם ישראל בגאולת מצרים ובגאולה העתידה",17-Mar-26,עברית,https://www.youtube.com/watch?v=XtC_X-xzvew
502,"שבת, חגים ומועדים",פסח,,"פסח - המשמעות העמוקה של ""מכת בכורות"" בהשקפת היהדות",26-Mar-26,עברית,https://www.youtube.com/watch?v=qgXj1tGc8MY
503,"שבת, חגים ומועדים",פורים,,"מהות ה""שמחה""",20-Feb-14,עברית,https://www.youtube.com/watch?v=1eArA35RbCg
504,"שבת, חגים ומועדים",פורים,,מגילת הסתר - סיפור המגילה,27-Feb-14,עברית,https://www.youtube.com/watch?v=1NVFHY5Jqw4
505,"שבת, חגים ומועדים",פורים,,עד דלא ידע,5-Mar-14,עברית,https://www.youtube.com/watch?v=sJKk8NW_9ek
506,"שבת, חגים ומועדים",פורים,,להשתכר עד דלא ידע,11-Mar-14,אנגלית,https://www.youtube.com/watch?v=midTZxRtWUE
507,"שבת, חגים ומועדים",פורים,,להשמיד ולהרוג ולאבד את כל היהודים,24-Feb-15,עברית,https://www.youtube.com/watch?v=J1XBOOeciB0
508,"שבת, חגים ומועדים",פורים,,פורים ויום הכיפורים,3-Mar-15,עברית,https://www.youtube.com/watch?v=MtCPImevuoE
509,"שבת, חגים ומועדים",פורים,,מגילת אסתר וגרמניה הנאצית - הניצחון על הרוע,4-Mar-15,עברית,https://www.youtube.com/watch?v=mugc2PQbMxs
510,"שבת, חגים ומועדים",פורים,,מימד העומק במנהג להתחפש בפורים,5-Mar-15,עברית,https://www.youtube.com/watch?v=eWslYiccJVI
511,"שבת, חגים ומועדים",פורים,,זכור את אשר עשה לך עמלק,25-Feb-15,עברית,https://www.youtube.com/watch?v=1ImG1T829o8
512,"שבת, חגים ומועדים",פורים,,היום ומחר - אנשי העתיד מול אנשי האתמול,26-Feb-15,עברית,https://www.youtube.com/watch?v=Rxc3d4lLKGg
513,"שבת, חגים ומועדים",פורים,,גזירת ההשמדה וההצלה,9-Mar-16,עברית,https://www.youtube.com/watch?v=huF1NEhQzLk
514,"שבת, חגים ומועדים",פורים,,"""ונהפוך הוא""",14-Mar-16,עברית,https://www.youtube.com/watch?v=IPf0euf1ibs
515,"שבת, חגים ומועדים",פורים,,אנטישמיות - ישראל גרמניה המאבק על הבכורה,15-Mar-16,עברית,https://www.youtube.com/watch?v=01Of0duerkA
516,"שבת, חגים ומועדים",פורים,,מה מסתתר מאחורי המסכה,21-Mar-16,אנגלית,https://www.youtube.com/watch?v=PoZyav21jII
517,"שבת, חגים ומועדים",פורים,,הצחוק של ההיסטוריה,22-Mar-16,עברית,https://www.youtube.com/watch?v=kmUF7Ftm7lo
518,"שבת, חגים ומועדים",פורים,,להשתכר עד דלא ידע,23-Mar-16,עברית,https://www.youtube.com/watch?v=SaUNXLjDtIM
519,"שבת, חגים ומועדים",פורים,,מה מסתתר מאחורי המסכה,20-Feb-17,עברית,https://www.youtube.com/watch?v=UhkJdVEb2ac
520,"שבת, חגים ומועדים",פורים,,מגילת אסתר,28-Feb-17,אנגלית,https://www.youtube.com/watch?v=CJExwNRGCro
521,"שבת, חגים ומועדים",פורים,,פורים ויום הכיפורים,7-Mar-17,אנגלית,https://www.youtube.com/watch?v=GIXjrszQQ2s
522,"שבת, חגים ומועדים",פורים,,מה מסתתר מאחורי המסכה,8-Mar-17,אנגלית,https://www.youtube.com/watch?v=UbydMICbMAw
523,"שבת, חגים ומועדים",פורים,,"פורים מתחיל ב""תענית אסתר""",9-Mar-17,עברית,https://www.youtube.com/watch?v=UnRvtbqZjKs
524,"שבת, חגים ומועדים",פורים,,מגילת אסתר וחטא אדם הראשון,15-Mar-17,עברית,https://www.youtube.com/watch?v=j1Cj9596ffQ
525,"שבת, חגים ומועדים",פורים,,"עשו , עמלק , המן , וגרמניה הנאצית - חלק א׳",21-Feb-18,עברית,https://www.youtube.com/watch?v=9iIAmwye5ik
526,"שבת, חגים ומועדים",פורים,,"עשו , עמלק , המן , וגרמניה הנאצית - חלק ב",21-Feb-18,עברית,https://www.youtube.com/watch?v=WH6JsEpsZFE
527,"שבת, חגים ומועדים",פורים,,"פורים - עשו , עמלק , המן , וגרמניה הנאצית",22-Feb-18,אנגלית,https://www.youtube.com/watch?v=ipdSKMRUVHc
528,"שבת, חגים ומועדים",פורים,,I - עומק סיפור ה״מגילה״,19-Feb-18,אנגלית,https://www.youtube.com/watch?v=pV_GwWMXzRE
529,"שבת, חגים ומועדים",פורים,,II - עומק סיפור ה״מגילה״,26-Feb-18,אנגלית,https://www.youtube.com/watch?v=0J4Fwb0iDdU
530,"שבת, חגים ומועדים",פורים,,III - עומק סיפור ה״מגילה״,27-Feb-18,אנגלית,https://www.youtube.com/watch?v=GTzttTwizF8
531,"שבת, חגים ומועדים",פורים,,מגילת הסתר,27-Feb-18,עברית,https://www.youtube.com/watch?v=D3nSPl_Rg78
532,"שבת, חגים ומועדים",פורים,,מה מסתתר מאחורי המסכה,27-Feb-18,אנגלית,https://www.youtube.com/watch?v=8XAYrbacuFs
533,"שבת, חגים ומועדים",פורים,,עומק סיפור ה״מגילה״,1-Mar-18,עברית,https://www.youtube.com/watch?v=cKiqxeW1sPk
534,"שבת, חגים ומועדים",פורים,,הקשר בין גרמניה הנאצית לפורים,7-Mar-19,אנגלית,https://www.youtube.com/watch?v=cZbrjZlRKJA
535,"שבת, חגים ומועדים",פורים,,!חייבים להשתכר,18-Mar-19,אנגלית,https://www.youtube.com/watch?v=Odf4OM07hu4
536,"שבת, חגים ומועדים",פורים,,הקשר הפנימי העמוק בין פורים ליום הכיפורים,18-Mar-19,עברית,https://www.youtube.com/watch?v=5OMAJPnKLVI
537,"שבת, חגים ומועדים",פורים,,המהפך,18-Mar-19,אנגלית,https://www.youtube.com/watch?v=ojN7QM5hDrY
538,"שבת, חגים ומועדים",פורים,,מגילת אסתר וחטא אדם הראשון,19-Mar-19,עברית,https://www.youtube.com/watch?v=yfAbpG4WMsg
539,"שבת, חגים ומועדים",פורים,,גזירת ההשמדה וביטולה,19-Mar-19,עברית,https://www.youtube.com/watch?v=frIfpM2vFs8
540,"שבת, חגים ומועדים",פורים,,גזירת ההשמדה של המן,18-Feb-20,אנגלית,https://www.youtube.com/watch?v=d_CjEbMGukI
541,"שבת, חגים ומועדים",פורים,,המן והעץ - ״עד דלא ידע״,3-Mar-20,עברית,https://www.youtube.com/watch?v=PQkeCgqBry0
542,"שבת, חגים ומועדים",פורים,,עד דלא ידע,5-Mar-20,אנגלית,https://www.youtube.com/watch?v=nKUVrjV9RlQ
543,"שבת, חגים ומועדים",פורים,,מרדכי וסוד הקטורת,5-Mar-20,עברית,https://www.youtube.com/watch?v=NPj3RgswmIY
544,"שבת, חגים ומועדים",פורים,,אסתר - אסטרטגיית ההסתרה,9-Mar-20,עברית,https://www.youtube.com/watch?v=qD8wop_fAMI
545,"שבת, חגים ומועדים",פורים,,סוד ה״צחוק״ = הלם ה״היפוך״,23-Feb-21,עברית,https://www.youtube.com/watch?v=uTLLx3OCrUE
546,"שבת, חגים ומועדים",פורים,,הבסיס לעימות בין מרדכי להמן,23-Feb-21,עברית,https://www.youtube.com/watch?v=zyXCDP-Km5c
547,"שבת, חגים ומועדים",פורים,,עד דלא ידע - גלות ה״דעת״,20-Feb-23,עברית,https://www.youtube.com/watch?v=Si-hGCnoRDw
548,"שבת, חגים ומועדים",פורים,,פורים - ״ונהפוך הוא״ - הפסיכולוגיה של ה״צחוק״,28-Feb-23,עברית,https://www.youtube.com/watch?v=-sOs8VPoueo
549,"שבת, חגים ומועדים",פורים,,ז׳ באדר ורובד הרמז במגילת אסתר,28-Feb-23,עברית,https://www.youtube.com/watch?v=qh8KykbpWHA
550,"שבת, חגים ומועדים",פורים,,"פורים - עמלק , וגרמניה הנאצית",28-Feb-23,עברית,https://www.youtube.com/watch?v=vrrdJ7MOLRo
551,"שבת, חגים ומועדים",פורים,,פורים - מהות עם ישראל ומלחמתו בעמלק,2-Mar-23,עברית,https://www.youtube.com/watch?v=jaX10q2WTyg
552,"שבת, חגים ומועדים",פורים,,פורים - מחשבה רעה חוזרת כבומרנג אל השולח,19-Mar-24,עברית,https://www.youtube.com/watch?v=ueHA7oedGXk
553,"שבת, חגים ומועדים",פורים,,פורים - מדוע המן והאנטישמים לדורותיהם שואפים להשמיד את היהודים,19-Mar-24,עברית,https://www.youtube.com/watch?v=guxlgXwyKEk
554,"שבת, חגים ומועדים",פורים,,פורים - ״ונהפוך הוא״ - בסוף הכל מתהפך לטובה,3-Mar-25,עברית,https://www.youtube.com/watch?v=F9SI9QAY7gs
555,"שבת, חגים ומועדים",פורים,,פורים - תובנות מעמיקות בסוגיית ה״אנטישמיות״ מתוך מגילת אסתר,4-Mar-25,עברית,https://www.youtube.com/watch?v=8X0TEd3mD_Y
556,"שבת, חגים ומועדים",פורים,,פורים - מה מסתתר מאחורי המסיכה ? עומק עניין ה״הסתרה״ בהיסטוריה,6-Mar-25,עברית,https://www.youtube.com/watch?v=cQPjjyIf2B8
557,"שבת, חגים ומועדים",פורים,,פורים - החשיבות העצומה של ״תענית אסתר״ כחלק מהותי של פורים,12-Mar-25,עברית,https://www.youtube.com/watch?v=6xA-cmx1FfI
558,"שבת, חגים ומועדים",ראש חודש מנחם אב,,יום פטירתו של אהרן הכהן,24-Jul-17,עברית,https://www.youtube.com/watch?v=uj_s-AvRL6A
559,"שבת, חגים ומועדים",ראש חודש,,כח החידוש בעולם של שגרה,1-Dec-16,עברית,https://www.youtube.com/watch?v=WryG6y_4Kgc
560,"שבת, חגים ומועדים",ראש השנה,,סוד קולו של השופר,9-Sep-14,אנגלית,https://www.youtube.com/watch?v=vBWFN0jbKLc
561,"שבת, חגים ומועדים",ראש השנה,,יום הדין,15-Sep-14,אנגלית,https://www.youtube.com/watch?v=ukVuRyV1Ihc
562,"שבת, חגים ומועדים",ראש השנה,,התקיעה בשופר ועקידת יצחק,1-Sep-15,עברית,https://www.youtube.com/watch?v=4bpRXBqfI4c
563,"שבת, חגים ומועדים",ראש השנה,,כיצד הופך השופר את מדת הדין למדת הרחמים,3-Sep-15,עברית,https://www.youtube.com/watch?v=uaNwzUsHA7c
564,"שבת, חגים ומועדים",ראש השנה,,סוד קולו של השופר,27-Aug-15,עברית,https://www.youtube.com/watch?v=RChUS9m0iIQ
565,"שבת, חגים ומועדים",ראש השנה,,מהותו של ראש השנה - עומק ענין המלכות,31-Aug-15,עברית,https://www.youtube.com/watch?v=h6reT5Xi_Bw
566,"שבת, חגים ומועדים",ראש השנה,,"כולם רוצים ""שנה טובה"" יותר , מהיכן לוקחים את המוטיבציה לשינוי",23-Sep-16,עברית,https://www.youtube.com/watch?v=NR4J7aPFQaI
567,"שבת, חגים ומועדים",ראש השנה,,להתחיל מבראשית,28-Sep-16,עברית,https://www.youtube.com/watch?v=IwNLDJCt3rk
568,"שבת, חגים ומועדים",ראש השנה,,?על מה אנו נידונים,6-Sep-17,עברית,https://www.youtube.com/watch?v=tL0F3rYPVFU
569,"שבת, חגים ומועדים",ראש השנה,,"ביאור תפילות ראש השנה - ""אחות קטנה"" , ""זכרנו לחיים""",7-Sep-17,עברית,https://www.youtube.com/watch?v=Fgnc-1c78N0
570,"שבת, חגים ומועדים",ראש השנה,,משמעות וסוד תקיעות השופר,12-Sep-17,עברית,https://www.youtube.com/watch?v=T_CrEtalPfA
571,"שבת, חגים ומועדים",ראש השנה,,עומק עניין המלכת ה' בעולם,12-Sep-17,עברית,https://www.youtube.com/watch?v=PFI2FTlvKKU
572,"שבת, חגים ומועדים",ראש השנה,,"ביאור תפילות ראש השנה - ""ספר החיים"" , ""ובכן.....המלך הקדוש""",14-Sep-17,עברית,https://www.youtube.com/watch?v=NhUgwtTYApM
573,"שבת, חגים ומועדים",ראש השנה,,"השופר ו""עקידת יצחק""",19-Sep-17,עברית,https://www.youtube.com/watch?v=HTAi-ERFc1w
574,"שבת, חגים ומועדים",ראש השנה,,תפילת הפרנסה - מזונותיו של אדם נקצבים בראש השנה,19-Sep-17,עברית,https://www.youtube.com/watch?v=3X0J8OWsb_c
575,"שבת, חגים ומועדים",ראש השנה,,הקשר בין ראש השנה ל״עקידת יצחק״,27-Aug-18,עברית,https://www.youtube.com/watch?v=VyiGyOgK4jA
576,"שבת, חגים ומועדים",ראש השנה,,ה״סימנים״ בראש השנה - ״סימנא מילתא היא״,7-Sep-18,עברית,https://www.youtube.com/watch?v=4sgVPxTGMKU
577,"שבת, חגים ומועדים",ראש השנה,,הכתרת ה' ביום הדין,5-Sep-19,אנגלית,https://www.youtube.com/watch?v=8Tcu3eAhJ5U
578,"שבת, חגים ומועדים",ראש השנה,,שלושה ספרים נפתחים,8-Sep-19,עברית,https://www.youtube.com/watch?v=qr9SXVNQx7k
579,"שבת, חגים ומועדים",ראש השנה,,המשמעות של קול השופר,9-Sep-19,עברית,https://www.youtube.com/watch?v=3Vf_Fxsv7vA
580,"שבת, חגים ומועדים",ראש השנה,,פרנסתו של אדם נקבעת בראש השנה,12-Sep-19,אנגלית,https://www.youtube.com/watch?v=zbmQb_nmO6E
581,"שבת, חגים ומועדים",ראש השנה,,"לפני ראש השנה - תהליך ה""תשובה""",12-Sep-19,עברית,https://www.youtube.com/watch?v=rasRA0kqz9s
582,"שבת, חגים ומועדים",ראש השנה,,השופר של ראש השנה ושופרו של משיח,13-Sep-19,עברית,https://www.youtube.com/watch?v=XP7l2Q2Oeqk
583,"שבת, חגים ומועדים",ראש השנה,,תחל שנה וברכותיה,16-Sep-19,עברית,https://www.youtube.com/watch?v=8NsvswcADac
584,"שבת, חגים ומועדים",ראש השנה,,שנה של התחדשות - המוטיבציה לשינוי,17-Sep-19,עברית,https://www.youtube.com/watch?v=AAirAfDgbEs
585,"שבת, חגים ומועדים",ראש השנה,,תהליך ה״תשובה״ - ה״וידוי״,19-Sep-19,עברית,https://www.youtube.com/watch?v=EY8A6BEc8cU
586,"שבת, חגים ומועדים",ראש השנה,,עומק עניין ה״סימנים״ בסעודת החג,24-Sep-19,עברית,https://www.youtube.com/watch?v=s_TwQDgjN6w
587,"שבת, חגים ומועדים",ראש השנה,,שילוב של שמחת יום טוב ויראת הדין,26-Sep-19,עברית,https://www.youtube.com/watch?v=15cRtSgXiJg
588,"שבת, חגים ומועדים",ראש השנה,,?על מה אנו נשפטים,26-Sep-19,אנגלית,https://www.youtube.com/watch?v=fQPegYxDksg
589,"שבת, חגים ומועדים",ראש השנה,,"?היכן מתבאר עניין ""ראש השנה"" בתורה",8-Sep-20,עברית,https://www.youtube.com/watch?v=NxOS4OOpEDU
590,"שבת, חגים ומועדים",ראש השנה,,?איך להתחיל שנה מבורכת,9-Sep-20,אנגלית,https://www.youtube.com/watch?v=4FTob-KVPlw
591,"שבת, חגים ומועדים",ראש השנה,,"עומק עניין ההריון של העולם ""היום הרת עולם""",14-Sep-20,עברית,https://www.youtube.com/watch?v=0vmgh6rfdoo
592,"שבת, חגים ומועדים",ראש השנה,,ה׳ מלך על כל הארץ,15-Sep-20,עברית,https://www.youtube.com/watch?v=x5bkMiCyi30
593,"שבת, חגים ומועדים",ראש השנה,,?מדוע הוא יועד ליום הדין,16-Sep-20,אנגלית,https://www.youtube.com/watch?v=t8xTZZDz9Ig
594,"שבת, חגים ומועדים",ראש השנה,,"סוד ""סימני"" סעודת החג",26-Aug-21,עברית,https://www.youtube.com/watch?v=AQ_9W7RBPE0
595,"שבת, חגים ומועדים",ראש השנה,,משמעות התפוח והדבש,29-Aug-21,אנגלית,https://www.youtube.com/watch?v=muc3qebDnJQ
596,"שבת, חגים ומועדים",ראש השנה,,"?מדוע הוא נקרא ""יום הזכרון""",31-Aug-21,עברית,https://www.youtube.com/watch?v=slY5HX735Lw
597,"שבת, חגים ומועדים",ראש השנה,,ראש השנה - עומק עניין תקיעת השופר,20-Sep-22,עברית,https://www.youtube.com/watch?v=M6y11eo8pdE
598,"שבת, חגים ומועדים",ראש השנה,,ראש השנה - על מה נידונים ? ואיך יוצאים טוב בדין,5-Sep-23,עברית,https://www.youtube.com/watch?v=K5QQ8o3eJVQ
599,"שבת, חגים ומועדים",ראש השנה,,ראש השנה - סוד המתקת הדין באמצעות ״קול״ השופר על פי הקבלה,12-Sep-23,עברית,https://www.youtube.com/watch?v=EaG-UyMG3LM
600,"שבת, חגים ומועדים",ראש השנה,,ראש השנה - הקשר המרתק בין המשפט ״שמע ישראל״ לתפילת ״עלינו לשבח״,12-Sep-23,עברית,https://www.youtube.com/watch?v=boEKvf7lj3I
601,"שבת, חגים ומועדים",ראש השנה,,ראש השנה - סוד קולו של השופר,1-Oct-24,עברית,https://www.youtube.com/watch?v=GoTtDcPDq38
602,"שבת, חגים ומועדים",ראש השנה,,ראש השנה - השופר וענין ״אילו של יצחק״,1-Oct-24,עברית,https://www.youtube.com/watch?v=GoTtDcPDq38
603,"שבת, חגים ומועדים",ראש השנה,,ראש השנה - יום של דין ויראה או יום טוב ושמחה ? או אולי שילוב של שניהם,10-Sep-25,עברית,https://www.youtube.com/watch?v=G0sl95ci5Tg
604,"שבת, חגים ומועדים",ראש השנה,,"ראש השנה - ""אדון עולם ... לעת נעשה בחפצו כל אזי ""מלך"" שמו נקרא"" - יום המלכת ה'",16-Sep-25,עברית,https://www.youtube.com/watch?v=lTCeGTzPnYs
605,"שבת, חגים ומועדים",ראש השנה,,"ראש השנה - השופר של ראש השנה , ושופרו של משיח",17-Sep-25,עברית,https://www.youtube.com/watch?v=_peqRyGO2dY
606,"שבת, חגים ומועדים",שבת הגדול,,?מה היא גדולתה של שבת הגדול,9-Apr-19,עברית,https://www.youtube.com/watch?v=bM7tYnS9Eqo
607,"שבת, חגים ומועדים",שבת הגדול,,?מה היא גדולתה של שבת הגדול,11-Apr-19,אנגלית,https://www.youtube.com/watch?v=LGg6WUrzo3g
608,"שבת, חגים ומועדים",שבת הגדול,,שבת הגדול - עומק הגדלות,2-Apr-20,עברית,https://www.youtube.com/watch?v=LzIwFewXU7o
609,"שבת, חגים ומועדים",שבת,,מעשה בראשית ויציאת מצרים,27-Dec-13,עברית,https://www.youtube.com/watch?v=XOk8AjOy1Oc
610,"שבת, חגים ומועדים",שבת,,איסור עשיית מלאכה,1-Jan-14,עברית,https://www.youtube.com/watch?v=PeumFEOlr4E
611,"שבת, חגים ומועדים",שבת,,מזמור שיר ליום השבת,12-Jun-14,עברית,https://www.youtube.com/watch?v=UZF1Dt-kddA
612,"שבת, חגים ומועדים",שבת,,מזמור שיר ליום השבת (גרסה ב'),29-Jun-14,עברית,https://www.youtube.com/watch?v=lhf9fy47mz4
613,"שבת, חגים ומועדים",שבת,,השבת ותכלית החיים,28-Oct-14,עברית,https://www.youtube.com/watch?v=sUIzsn9KaNk
614,"שבת, חגים ומועדים",שבת,,מהות השבת - חלק א,31-Dec-14,אנגלית,https://www.youtube.com/watch?v=0ICEMVNuF8Y
615,"שבת, חגים ומועדים",שבת,,מהות השבת - חלק ב,14-Jan-15,אנגלית,https://www.youtube.com/watch?v=qIGfkkgkxGY
616,"שבת, חגים ומועדים",שבת,,מזמור שיר ליום השבת,3-Jun-15,אנגלית,https://www.youtube.com/watch?v=c8CFiLk1igo
617,"שבת, חגים ומועדים",שבת,,השבת ותכלית החיים - חלק א,4-Aug-16,עברית,https://www.youtube.com/watch?v=TYZq1GprpIw
618,"שבת, חגים ומועדים",שבת,,השבת ותכלית החיים - חלק ב' - המשך,4-Aug-16,עברית,https://www.youtube.com/watch?v=TrE8bHTmPrg
619,"שבת, חגים ומועדים",שבת,,השבת ותכלית החיים,8-Mar-18,עברית,https://www.youtube.com/watch?v=R4zv0qI0UyQ
620,"שבת, חגים ומועדים",שבת,,שלוש שבתות,11-Feb-19,אנגלית,https://www.youtube.com/watch?v=cmqZpvowZoY
621,"שבת, חגים ומועדים",שבועות,,?מה באמת קרה בהר סיניי,16-May-14,אנגלית,https://www.youtube.com/watch?v=rZ4Z4nAljTk
622,"שבת, חגים ומועדים",שבועות,,תורת אמת,20-May-14,אנגלית,https://www.youtube.com/watch?v=ooFzGbOgZIs
623,"שבת, חגים ומועדים",שבועות,,מעמד הר סיני,28-May-14,עברית,https://www.youtube.com/watch?v=5IT3o1c7eIo
624,"שבת, חגים ומועדים",שבועות,,מעמד הר סיני - תקשורת נבואית,29-May-14,עברית,https://www.youtube.com/watch?v=4TmIbiRmH6E
625,"שבת, חגים ומועדים",שבועות,,תורת אמת וחיי עולם,2-Jun-14,עברית,https://www.youtube.com/watch?v=xHypHsxU6cI
626,"שבת, חגים ומועדים",שבועות,,מתן תורה - ותן חלקנו בתורתך,3-Jun-14,עברית,https://www.youtube.com/watch?v=KvBaDgbc8ns
627,"שבת, חגים ומועדים",שבועות,,"מעמד הר סיני - ""וכל העם רואים את הקולות",18-May-15,עברית,https://www.youtube.com/watch?v=usVbS7M8io0
628,"שבת, חגים ומועדים",שבועות,,"הנשים במתן תורה ""כה תאמר לבית יעקב""",6-Jun-16,עברית,https://www.youtube.com/watch?v=8TBNNSQyBns
629,"שבת, חגים ומועדים",שבועות,,"""ונתן לנו תורת אמת""",17-Jun-16,עברית,https://www.youtube.com/watch?v=WWl-GIZdIoE
630,"שבת, חגים ומועדים",שבועות,,לוחות הברית - קבלת התורה,16-May-17,עברית,https://www.youtube.com/watch?v=AhyoQw2VeCw
631,"שבת, חגים ומועדים",שבועות,,"ביאור עומק המושג - ""תורה קדמה לעולם",18-May-17,עברית,https://www.youtube.com/watch?v=F29OymlKh3k
632,"שבת, חגים ומועדים",שבועות,,הנצחת מעמד הר סיני,4-Jun-17,עברית,https://www.youtube.com/watch?v=ZSwVdfOfkc4
633,"שבת, חגים ומועדים",שבועות,,לכל אחד מישראל יש ״אות״ בתורה,8-May-18,עברית,https://www.youtube.com/watch?v=gwGKhh9KM5Y
634,"שבת, חגים ומועדים",שבועות,,המשמעות הפילוסופית של ״מתן תורה״,10-May-18,עברית,https://www.youtube.com/watch?v=FihHa81-99I
635,"שבת, חגים ומועדים",שבועות,,המשמעות הפילוסופית של ״ונתן לנו תורת אמת״,4-Jun-19,עברית,https://www.youtube.com/watch?v=nPw38mwQRRM
636,"שבת, חגים ומועדים",שבועות,,תורה מן השמים,28-May-19,עברית,https://www.youtube.com/watch?v=YTooCU5VOyo
637,"שבת, חגים ומועדים",שבועות,,המשמעות הפילוסופית של ״ונתן לנו תורת אמת״,30-May-19,אנגלית,https://www.youtube.com/watch?v=bRojQav8jzM
638,"שבת, חגים ומועדים",שבועות,,סוד עניין ״שתי הלחם״,30-May-19,עברית,https://www.youtube.com/watch?v=R2REHs29A98
639,"שבת, חגים ומועדים",שבועות,,?מה היא התורה שקדמה לעולם,6-Jun-19,עברית,https://www.youtube.com/watch?v=fH-BBVpzzHo
640,"שבת, חגים ומועדים",שבועות,,קבלת התורה - יתרו / רות / תורה - האותיויות המשותפות,24-May-20,עברית,https://www.youtube.com/watch?v=4w_yI_Bg0KA
641,"שבת, חגים ומועדים",שבועות,,אותיות התורה ושש מאות אלף נשמות ישראל,28-May-20,עברית,https://www.youtube.com/watch?v=PGv97V58Fec
642,"שבת, חגים ומועדים",שבועות,,"חג השבועות - מתן תורה - יתרון ""כח הקבלה"" על פני ""כח ההשפעה""",24-May-22,עברית,https://www.youtube.com/watch?v=JhYfaXOciyk
643,"שבת, חגים ומועדים",שבועות,,חג השבועות - משמעות ה״עיקר״ השמיני - ״תורה מן השמים״,31-May-22,עברית,https://www.youtube.com/watch?v=SP4LHUMN1Co
644,"שבת, חגים ומועדים",שבועות,,חג השבועות - זהות יהודית ועיוותיה,16-May-23,עברית,https://www.youtube.com/watch?v=lIIMcaKzpGU
645,"שבת, חגים ומועדים",שבועות,,"חג השבועות - תורה , רות , יתרו - ת . ו . ר משמעות האותיות הזהות",22-May-23,עברית,https://www.youtube.com/watch?v=RiCyHXba_GA
646,"שבת, חגים ומועדים",שבועות,,"חג השבועות - ""ונתן לנו תורת אמת"" - רמב""ם ""אגרת תימן""",23-May-23,עברית,https://www.youtube.com/watch?v=Qnww_w2IMOU
647,"שבת, חגים ומועדים",שבועות,,חג השבועות - ראיית הנשמע ושמיעת הנראה,24-May-23,עברית,https://www.youtube.com/watch?v=ydtOpzVk70c
648,"שבת, חגים ומועדים",שבועות,,חג השבועות - מה היא התורה שקדמה לעולם ?,23-May-24,עברית,https://www.youtube.com/watch?v=VwbrVo0Bans
649,"שבת, חגים ומועדים",שבועות,,חג השבועות - ״מעמד הר סיני״ - מה היה שם ?,3-Jun-24,עברית,https://www.youtube.com/watch?v=lvr3yNHHkPY
650,"שבת, חגים ומועדים",שבועות,,חג שבועות- ההבדל בין גברים לנשים בקבלת התורה,5-Jun-24,אנגלית,https://www.youtube.com/watch?v=2YscCtlsHtA
651,"שבת, חגים ומועדים",שבועות,,חג השבועות - סוד עניין ״שתי הלחם״ והעיר ״בית לחם״,9-Jun-24,עברית,https://www.youtube.com/watch?v=phI7JY4p2Zc
652,"שבת, חגים ומועדים",שבועות,,‏חג השבועות - המהות של ״עם ישראל״ - ״אין אומתינו אומה אלה בתורתה״,28-May-25,עברית,https://www.youtube.com/watch?v=R4HZH-ZQAHk
653,"שבת, חגים ומועדים",שבועות,,חג השבועות - מגילת רות - עיניינו של ״בועז״ בשושלת מלכות בית דוד,6-May-26,עברית,https://www.youtube.com/watch?v=HC0FzWPtTUs
654,"שבת, חגים ומועדים",שבועות,,חג השבועות - מגילת רות - שמואל הנביא ״מכשיר״ את דוד להיות למלך ולבוא בקהל,12-May-26,עברית,https://www.youtube.com/watch?v=CjxeyOvw7os
655,"שבת, חגים ומועדים",שבועות,,חג השבועות - מגילת רות - מאחורי הקלעים של השתלשלות העניינים בעולם,13-May-26,עברית,https://www.youtube.com/watch?v=4Q-uqmUJxeY
656,"שבת, חגים ומועדים",שבועות,,חג השבועות - ״מעמד הר סיני״ - מה באמת היה שם ?,19-May-26,עברית,https://www.youtube.com/watch?v=34P_R9DfyIg&amp;t=673s
657,"שבת, חגים ומועדים",סוכות,,"מה היא - ""סוכת עורו של ליויתן",7-Oct-14,עברית,https://www.youtube.com/watch?v=HWoGeTtjm0A
658,"שבת, חגים ומועדים",סוכות,,חג הסוכות ומלחמת גוג ומגוג,8-Oct-14,עברית,https://www.youtube.com/watch?v=VCJhKvD4r5M
659,"שבת, חגים ומועדים",סוכות,,מדוע בחמישה עשר בתשרי,13-Oct-14,עברית,https://www.youtube.com/watch?v=TJmR-gnWo2s
660,"שבת, חגים ומועדים",סוכות,,חג הסוכות ומלחמת גוג ומגוג,15-Oct-14,אנגלית,https://www.youtube.com/watch?v=Xv7hvfMWPW4
661,"שבת, חגים ומועדים",סוכות,,עומק עיניינה של שמחת בית השואבה,21-Oct-16,עברית,https://www.youtube.com/watch?v=gOrd65kv-Ec
662,"שבת, חגים ומועדים",סוכות,,הקשר שבין מלחמת גוג ומגוג וחג הסוכות,26-Sep-16,עברית,https://www.youtube.com/watch?v=N2oaF3M9IC4
663,"שבת, חגים ומועדים",סוכות,,חג הסוכות סוד האמונה,27-Sep-16,עברית,https://www.youtube.com/watch?v=05MiYqoA4aw
664,"שבת, חגים ומועדים",סוכות,,רמזי ארבעת המינים - חלק א,3-Oct-17,עברית,https://www.youtube.com/watch?v=izGxDWNzZh0
665,"שבת, חגים ומועדים",סוכות,,רמזי ארבעת המינים - חלק א' - המשך,3-Oct-17,עברית,https://www.youtube.com/watch?v=OuPxzYHU1hU
666,"שבת, חגים ומועדים",סוכות,,רמזי ארבעת המינים וסוד חביטת הערבה - חלק ב,11-Oct-17,עברית,https://www.youtube.com/watch?v=B_Cq4NI2HWI
667,"שבת, חגים ומועדים",סוכות,,רמזי ארבעת המינים וסוד חביטת הערבה - חלק ב' - המשך,11-Oct-17,עברית,https://www.youtube.com/watch?v=FzaL4F25xFQ
668,"שבת, חגים ומועדים",סוכות,,הסוכה ומלחמת גוג ומגוג,11-Oct-17,עברית,https://www.youtube.com/watch?v=I5VCd6Y6RO0
669,"שבת, חגים ומועדים",סוכות,,הסוכה ומלחמת גוג ומגוג - המשך,11-Oct-17,עברית,https://www.youtube.com/watch?v=w9BnRsvMrQo
670,"שבת, חגים ומועדים",סוכות,,ביטול ״יצר העבודה זרה״,27-Sep-18,עברית,https://www.youtube.com/watch?v=BxhvRMxka1I
671,"שבת, חגים ומועדים",סוכות,,פנימיות עניין ״ארבעת המינים״,17-Oct-19,עברית,https://www.youtube.com/watch?v=Ti_pdA0p-gA
672,"שבת, חגים ומועדים",סוכות,,"מה היא - ""סוכת עורו של ליויתן",17-Oct-19,אנגלית,https://www.youtube.com/watch?v=5U5ulNAXt2w
673,"שבת, חגים ומועדים",סוכות,,פנימיות המושג ״סוכה״,30-Sep-20,עברית,https://www.youtube.com/watch?v=ciQTL4HGUpg
674,"שבת, חגים ומועדים",סוכות,,רמזי ארבעת המינים,30-Sep-20,אנגלית,https://www.youtube.com/watch?v=DlB4zunCFjA
675,"שבת, חגים ומועדים",סוכות,,עומק משמעותו על פי הקבלה,20-Sep-21,עברית,https://www.youtube.com/watch?v=VKJHE56OeX4
676,"שבת, חגים ומועדים",סוכות,,חג הסוכות - ״רזא דמהימנותא״ (סוד האמונה),26-Sep-23,עברית,https://www.youtube.com/watch?v=hv6PPwdcypc
677,"שבת, חגים ומועדים",סוכות,,?חג הסוכות - ״ושמחת בחגך״ - כיצד שולטים על מינון השמחה,3-Oct-23,עברית,https://www.youtube.com/watch?v=Fe7YXz0j_g4
678,"שבת, חגים ומועדים",סוכות,,חג הסוכות - עומק עניין ״תפילת הגשם״,3-Oct-23,עברית,https://www.youtube.com/watch?v=cxqt2xuZOhI
679,"שבת, חגים ומועדים",סוכות,,חג הסוכות ומלחמת גוג ומגוג,15-Oct-24,עברית,https://www.youtube.com/watch?v=ussvprEZDUs
680,"שבת, חגים ומועדים",סוכות,,פנימיות עניין ״חג הסוכות״,16-Oct-24,עברית,https://www.youtube.com/watch?v=_HkAPalI7eE
681,"שבת, חגים ומועדים",סוכות,,חג הסוכות - ״זמן שמחתנו״ - סוד עניין השמחה,22-Oct-24,עברית,https://www.youtube.com/watch?v=i1Hajhlslg8
682,"שבת, חגים ומועדים",סוכות,,"חג הסוכות - סוד מלחמתו של גוג ומגוג בה' ובמשיח , והישועה הגדולה - ""הושענא רבה""",10-Oct-25,עברית,https://www.youtube.com/watch?v=PhOgwlgQuxw
683,"שבת, חגים ומועדים",עשרת ימי תשובה,,תנאי התשובה,8-Sep-14,עברית,https://www.youtube.com/watch?v=aFMoqjcxppM
684,"שבת, חגים ומועדים",עשרת ימי תשובה,,"עשרת ימי תשובה , צום גדליה , וביטול הבחירה באחרית הימים",6-Oct-16,עברית,https://www.youtube.com/watch?v=uAhzJgYPHs0
685,"שבת, חגים ומועדים",עשרת ימי תשובה,,"ה""תשובה"" - תיקון רטרואקטיבי - חלק א",26-Sep-17,עברית,https://www.youtube.com/watch?v=UAEV1RnYbG0
686,"שבת, חגים ומועדים",עשרת ימי תשובה,,כוחה של תשובה - סיפורו של מנשה מלך יהודה,3-Oct-19,עברית,https://www.youtube.com/watch?v=u24yqAyGeyg
687,"שבת, חגים ומועדים",עשרת ימי תשובה,,עשרת ימי תשובה - ה' רוצה בתשובה,22-Sep-20,עברית,https://www.youtube.com/watch?v=6v4LWzdNsXg
688,"שבת, חגים ומועדים",עשרת ימי תשובה,,"עשרת ימי ""תשובה"" - מהי ""תשובה"" ? ועומק עניין ""מודה אני""",30-Sep-25,עברית,https://www.youtube.com/watch?v=_1MDhnyfbjE
689,"שבת, חגים ומועדים",עשרה בטבת,,עשרה בטבת,21-Dec-15,אנגלית,https://www.youtube.com/watch?v=tt_KYfrDT7Q
690,"שבת, חגים ומועדים",עשרה בטבת,,"עשרה בטבת , תרגום השבעים , ויום הולדת יש״ו",26-Dec-17,עברית,https://www.youtube.com/watch?v=d5aPEpt73Ig
691,"שבת, חגים ומועדים",עשרה בטבת,,עשרה בטבת ומשמעותו בלוח השנה,18-Dec-18,עברית,https://www.youtube.com/watch?v=Tsqlxf0iCys
692,"שבת, חגים ומועדים",עשרה בטבת,,עומק עניין עשרה בטבת,13-Dec-21,עברית,https://www.youtube.com/watch?v=2G5EXz7n024
693,"שבת, חגים ומועדים",תשעה באב,,?על מה מתאבלים,4-Aug-14,אנגלית,https://www.youtube.com/watch?v=gRJkpE3kriw
694,"שבת, חגים ומועדים",תשעה באב,,שבעה עשר בתמוז ותשעה באב - למה צמים,2-Jul-15,עברית,https://www.youtube.com/watch?v=LZkpbApBDK4
695,"שבת, חגים ומועדים",תשעה באב,,"?""על מה אבדה הארץ""",22-Jul-15,עברית,https://www.youtube.com/watch?v=sIuN67omCuE
696,"שבת, חגים ומועדים",תשעה באב,,תשעה באב - גלות אדום,23-Jul-15,עברית,https://www.youtube.com/watch?v=_pIArGHbtY0
697,"שבת, חגים ומועדים",תשעה באב,,מהות הגלות,23-Jul-15,אנגלית,https://www.youtube.com/watch?v=DcQLP9P8juI
698,"שבת, חגים ומועדים",תשעה באב,,עם ישראל בגלות אדום,8-Aug-16,עברית,https://www.youtube.com/watch?v=61obBv2sSYo
699,"שבת, חגים ומועדים",תשעה באב,,מהות חורבן ובנין ירושלים,12-Aug-16,עברית,https://www.youtube.com/watch?v=cLCNGzEqfZY
700,"שבת, חגים ומועדים",תשעה באב,,חורבן בית שני - שנאת חינם,18-Jul-17,עברית,https://www.youtube.com/watch?v=EcuDy4_GuMI
701,"שבת, חגים ומועדים",תשעה באב,,החורבן והגלות,25-Jul-17,עברית,https://www.youtube.com/watch?v=u5GuT7K6qd4
702,"שבת, חגים ומועדים",תשעה באב,,?מה גרם לחורבן בית המקדש השני,26-Jul-17,אנגלית,https://www.youtube.com/watch?v=VuOUzIk33NA
703,"שבת, חגים ומועדים",תשעה באב,,?על מה מתאבלים,27-Jul-17,אנגלית,https://www.youtube.com/watch?v=G3DcuUBdSW4
704,"שבת, חגים ומועדים",תשעה באב,,מהות ומשמעות ה״חורבן״,12-Jul-18,עברית,https://www.youtube.com/watch?v=1UpoXNXz7HE
705,"שבת, חגים ומועדים",תשעה באב,,?חורבן ירושלים - על מה מתאבלים,8-Aug-19,עברית,https://www.youtube.com/watch?v=_CLGLhhg-bM
706,"שבת, חגים ומועדים",תשעה באב,,סוד חורבנה ובניינה של ״אבן השתיה״,28-Jul-20,עברית,https://www.youtube.com/watch?v=bvQQGFSAayE
707,"שבת, חגים ומועדים",תשעה באב,,מגילת איכה,28-Jul-20,עברית,https://www.youtube.com/watch?v=YWMg12HYgBQ
708,"שבת, חגים ומועדים",תשעה באב,,מאחורי הקלעים של מגילת איכה,18-Jul-21,עברית,https://www.youtube.com/watch?v=UF-EHrwXS-k
709,"שבת, חגים ומועדים",תשעה באב,,"שבעה עשר בתמוז - המשמעות של ""פריצת החומה""",12-Jul-22,עברית,https://www.youtube.com/watch?v=nA8sYpGMpNs
710,"שבת, חגים ומועדים",תשעה באב,,"בין המצרים - ה""חורבן"" שבונה את ה""בנין""",19-Jul-22,עברית,https://www.youtube.com/watch?v=nBBCH9bd0GE
711,"שבת, חגים ומועדים",תשעה באב,,בין המצרים - השפעת הרצון על תפיסת המציאות,26-Jul-22,עברית,https://www.youtube.com/watch?v=nstvWVfH1YQ
712,"שבת, חגים ומועדים",תשעה באב,,"תשעה באב - עומק עניין החורבן ו""גלות השכינה""",2-Aug-22,עברית,https://www.youtube.com/watch?v=QTdVQkTdBu4
713,"שבת, חגים ומועדים",תשעה באב,,"תשעה באב - בתשעה באב נולד ה""משיח"" ? מה זה אומר ? עומק העניין על פי המהר""ל",30-Jul-25,עברית,https://www.youtube.com/watch?v=T9IfsIK2bOg
714,"שבת, חגים ומועדים",טו' בשבט,,פירות ארץ ישראל,14-Jan-14,עברית,https://www.youtube.com/watch?v=iltEzuxAHiQ
715,"שבת, חגים ומועדים",טו' בשבט,,האדם ועץ השדה,16-Jan-14,עברית,https://www.youtube.com/watch?v=5UXsiQc3llM
716,"שבת, חגים ומועדים",טו' בשבט,,טו' בשבט - חלק א' - ראש השנה לאילנות,25-Jan-16,עברית,https://www.youtube.com/watch?v=kC5jC_YDcSw
717,"שבת, חגים ומועדים",טו' בשבט,,טו' בשבט - חלק ב' - שבעת המינים - האדם עץ השדה,25-Jan-16,עברית,https://www.youtube.com/watch?v=KvYU-i7urbE
718,"שבת, חגים ומועדים",טו' בשבט,,טו' בשבט - חלק ג' - הנטיעות בגן העדן והאדם האידאלי,25-Jan-16,עברית,https://www.youtube.com/watch?v=qziukq-6w04
719,"שבת, חגים ומועדים",טו' בשבט,,״כי האדם עץ השדה״,30-Jan-18,עברית,https://www.youtube.com/watch?v=OjWoT3oQNSw
720,"שבת, חגים ומועדים",טו' בשבט,,״כי האדם עץ השדה״,10-Feb-20,עברית,https://www.youtube.com/watch?v=JtayrXG5Zw4
721,"שבת, חגים ומועדים",טו' בשבט,,המשמעות של טו' בשבט,12-Jan-22,אנגלית,https://www.youtube.com/watch?v=Xe6APQgOF1U
722,"שבת, חגים ומועדים",טו' בשבט,,טו׳ בשבט - סוד תיקון האכילה,16-Jan-22,עברית,https://www.youtube.com/watch?v=m8CrRd_q1LM
723,"שבת, חגים ומועדים",טו' בשבט,,"ט""ו בשבט - המכנה המשותף בין אדם ועץ",5-Feb-23,אנגלית,https://www.youtube.com/watch?v=aghnWWDgDXI
724,"שבת, חגים ומועדים",טו' בשבט,,״טו׳ בשבט״ מזוית מאוד ייחודית,11-Feb-25,עברית,https://www.youtube.com/watch?v=BTHfh2LTw9c
725,"שבת, חגים ומועדים",יום הכיפורים,,"""ה-""וידוי",2-Oct-14,עברית,https://www.youtube.com/watch?v=-nFxOHvFwLc
726,"שבת, חגים ומועדים",יום הכיפורים,,פורים ויום הכיפורים,3-Mar-15,עברית,https://www.youtube.com/watch?v=MtCPImevuoE
727,"שבת, חגים ומועדים",יום הכיפורים,,ההכנה ליום הכיפרים - עשרת ימי התשובה,17-Sep-15,עברית,https://www.youtube.com/watch?v=EwU-a4zvMrM
728,"שבת, חגים ומועדים",יום הכיפורים,,סדר העבודה,21-Sep-15,עברית,https://www.youtube.com/watch?v=3IkGGtGfZek
729,"שבת, חגים ומועדים",יום הכיפורים,,עיצומו ועוצמתו של היום,22-Sep-15,עברית,https://www.youtube.com/watch?v=VLAKHsCZUKE
730,"שבת, חגים ומועדים",יום הכיפורים,,"כי ביום הזה יכפר"" - עוצמתו של יום הכיפורים""",11-Oct-16,עברית,https://www.youtube.com/watch?v=4c_YxZ18BNo
731,"שבת, חגים ומועדים",יום הכיפורים,,פורים ויום הכיפורים,7-Mar-17,אנגלית,https://www.youtube.com/watch?v=GIXjrszQQ2s
732,"שבת, חגים ומועדים",יום הכיפורים,,!לפני השם תטהרו,26-Sep-17,עברית,https://www.youtube.com/watch?v=LJslOi6GP4s
733,"שבת, חגים ומועדים",יום הכיפורים,,"סוד אמירת ""ברוך שם כבוד מלכותו"" בקול רם",28-Sep-17,עברית,https://www.youtube.com/watch?v=27K4UgdlYbk
734,"שבת, חגים ומועדים",יום הכיפורים,,יום הכיפורים,17-Sep-18,אנגלית,https://www.youtube.com/watch?v=pwmMW15Cy9c
735,"שבת, חגים ומועדים",יום הכיפורים,,סוד ״שני השעירים״,18-Sep-18,עברית,https://www.youtube.com/watch?v=Y7rScGlT0qY
736,"שבת, חגים ומועדים",יום הכיפורים,,הקשר הפנימי העמוק בין פורים ליום הכיפורים,18-Mar-19,עברית,https://www.youtube.com/watch?v=5OMAJPnKLVI
737,"שבת, חגים ומועדים",יום הכיפורים,,?איך פועלת הכפרה,7-Oct-19,עברית,https://www.youtube.com/watch?v=_t5hG-azemY
738,"שבת, חגים ומועדים",יום הכיפורים,,הכנה ליום הכיפורים,23-Sep-20,עברית,https://www.youtube.com/watch?v=2kXoqJ_6QGA
739,"שבת, חגים ומועדים",יום הכיפורים,,יום הכיפורים - נגיעה בגילויי אחרית הימים,4-Oct-22,עברית,https://www.youtube.com/watch?v=s8ZfJP0_kwQ
740,"שבת, חגים ומועדים",יום הכיפורים,,יום הכיפורים - סוד עניין ה״קטורת״ בקודש הקודשים,19-Sep-23,עברית,https://www.youtube.com/watch?v=rd50F6d4Uck
741,"שבת, חגים ומועדים",יום הכיפורים,,יום הכיפורים,8-Oct-24,עברית,https://www.youtube.com/watch?v=OFtFpvFxmEs
742,"תנ""ך ואקטואליה",,,תנ״ך ואקטואליה 1 - המפתח להבנת המציאות,"Jun 29, 2022",עברית,https://youtu.be/p-FWjLpv6zs
743,"תנ""ך ואקטואליה",,,"""תנ״ך ואקטואליה 2 - מהי תשובת עם ישראל לטענת ה""כיבוש","Jul 6, 2022",עברית,https://youtu.be/lShJ91OPAog
744,"תנ""ך ואקטואליה",,,"""תנ״ך ואקטואליה 3 - ארץ ישראל וה""ברית","Jul 13, 2022",עברית,https://youtu.be/a2wzj_MHsSE
745,"תנ""ך ואקטואליה",,,"תנ״ך ואקטואליה 4 - ישמעאל , יצחק , וירושת הארץ","Jul 20, 2022",עברית,https://youtu.be/NH92iHp3GlI
746,"תנ""ך ואקטואליה",,,"תנ״ך ואקטואליה 5 - דברי ה""זוהר"" על שליטת הערבים בארץ ישראל","Jul 27, 2022",עברית,https://youtu.be/ALP3XJoNfqo
747,"תנ""ך ואקטואליה",,,"""תנ״ך ואקטואליה 6 - גלות ישמעאל , ובניית ה""בנין בהיכל","Aug 3, 2022",עברית,https://youtu.be/z5u8WcFPhm8
748,"תנ""ך ואקטואליה",,,"""תנ״ך ואקטואליה 7 - ישמעאל והאיסלם , ""אויב"" יותר גרוע מ""שונא","Aug 10, 2022",עברית,https://youtu.be/8ZBv4_lMBR4
749,"תנ""ך ואקטואליה",,,"""תנ״ך ואקטואליה 8 - ה""ערבים"" וה""ערב רב","Aug 17, 2022",עברית,https://youtu.be/DFiZg_5cXLs
750,"תנ""ך ואקטואליה",,,"""תנ""ך ואקטואליה 9 - ""עת צרה ליעקב","Aug 24, 2022",עברית,https://youtu.be/O9ZIeel4wnA
751,"תנ""ך ואקטואליה",,,"תנ""ך ואקטואליה 10 - הסיבה האמיתית למלחמות הלא נגמרות במזרח התיכון","Aug 31, 2022",עברית,https://youtu.be/xanEMrGnbDM
752,"תנ""ך ואקטואליה",,,"""תנ""ך ואקטואליה 11 - מקור ומשמעות המילה ""פלסטין","Sep 7, 2022",עברית,https://youtu.be/4mLPmz77HHo
753,"תנ""ך ואקטואליה",,,"תנ""ך ואקטואליה 12 - האם יש סיכוי שיהיה אי פעם שלום עם הערבים - הרב ינון קלזאן",14-Sep-22,עברית,https://youtu.be/FNg9lTUlLeM
754,"תנ""ך ואקטואליה",,,"תנ""ך ואקטואליה 13 - מידה כנגד מידה ""העם המומצא""",21-Sep-22,עברית,https://youtu.be/jReAbhHm4Mc
755,"תנ""ך ואקטואליה",,,"תנ""ך ואקטואליה 14 - מהו תהליך ה""בירור"" שעובר על העולם",28-Sep-22,עברית,https://youtu.be/Ii3ZL5RgmbM
756,"תנ""ך ואקטואליה",,,"תנ""ך ואקטואליה 15 - פיתרון חלום ה""צלם"" של נבוכדנאצר על ידי דניאל",19-Oct-22,עברית,https://youtu.be/SvM90z1Oq2s
757,"תנ""ך ואקטואליה",,,"תנ""ך ואקטואליה 16 - ביאור המושגים ""חבלי משיח"" ו""עקבות משיח""",26-Oct-22,עברית,https://youtu.be/cbVq76GSG5U
758,"תנ""ך ואקטואליה",,,"תנ""ך ואקטואליה 17 - התמוטטות רגלי ה""אדם הבליעל""",2-Nov-22,עברית,https://youtu.be/3eFGyWi3JL0
759,"תנ""ך ואקטואליה",,,"תנ""ך ואקטואליה 18 - ריבוי ה""חוצפה"" , ואובדן הכבוד ב""סוף הגלות""",9-Nov-22,עברית,https://youtu.be/HlOKTSj3uCI
760,"תנ""ך ואקטואליה",,,"תנ""ך ואקטואליה 19 - שלטון של כפירה בה' ב""סוף הגלות""",30-Nov-22,עברית,https://youtu.be/8TBBvjr9ZdY
761,"תנ""ך ואקטואליה",,,"תנ""ך ואקטואליה 20 - ה""זוהר"" על חמשת הקבוצות ב""ערב רב"" שישלוט בסוף הגלות",7-Dec-22,עברית,https://youtu.be/e21DKpXFG7U
762,"תנ""ך ואקטואליה",,,"תנ""ך ואקטואליה 21 - הפרטים ברובד הקבלה על שלטון ה""ערב רב""",14-Dec-22,עברית,https://youtu.be/0f75ZNn4Ow8
763,"תנ""ך ואקטואליה",,,"תנ""ך ואקטואליה 22 - העיוותים וההשחתה במערכת ה""משפט"" של ה""ערב רב""",21-Dec-22,עברית,https://youtu.be/eSXxp5O-pPQ
764,"תנ""ך ואקטואליה",,,"תנ""ך ואקטואליה 23 - ה""גאולה"" באה לגמרי ""במקום"" כל מה שקדם לה",28-Dec-22,עברית,https://youtu.be/ISm6J1okM0w
765,"תנ""ך ואקטואליה",,,"תנ""ך ואקטואליה 24 - התגברות ולגיטימציה של תאוה והעדר ה""אמת""",4-Jan-23,עברית,https://youtu.be/xjzu7n596pw
766,"תנ""ך ואקטואליה",,,"תנ""ך ואקטואליה 25 - ביזוי החכמה והדעת - ""נערים פני זקנים ילבינו""",11-Jan-23,עברית,https://youtu.be/D9gsjpXzQwQ
767,"תנ""ך ואקטואליה",,,"תנ""ך ואקטואליה 26 - התרסקות מוחלטת של יחסי אנוש בחברה",18-Jan-23,עברית,https://youtu.be/QDDIme8tmpE
768,"תנ""ך ואקטואליה",,,"תנ""ך ואקטואליה 27 - כיצד יש לפעול בתקופת ה""הסתרה""",25-Jan-23,עברית,https://youtu.be/UjUStlyU-r0
769,"תנ""ך ואקטואליה",,,"תנ""ך ואקטואליה 28 - ""ספר"" ה""ביטוח"" , השופטים נוטלי השוחד , ה""מוסרים"" , וה""מלשינים""",2-Feb-23,עברית,https://youtu.be/qB5hXM0JrSA
770,"תנ""ך ואקטואליה",,,"תנ""ך ואקטואליה 29 - כיצד תראה ה""גאולה""",8-Feb-23,עברית,https://youtu.be/mlMvEvzO1YI
771,"תנ""ך ואקטואליה",,,"תנ""ך ואקטואליה 30 - ""משפטי הגויים"" כפירה בעיקר",15-Feb-23,עברית,https://youtu.be/Kir7UBhU7Yc
772,"תנ""ך ואקטואליה",,,"תנ""ך ואקטואליה 31 - מה הוא באמת ""משפט צדק"" ?",22-Feb-23,עברית,https://youtu.be/iMIWKlmcYL0
773,"תנ""ך ואקטואליה",,,"תנ""ך ואקטואליה 32 - ""דעת"" דקדושה מול ""דעת"" דטומאה",8-Mar-23,עברית,https://youtu.be/NQ6EjmpdM9U
774,"תנ""ך ואקטואליה",,,"תנ""ך ואקטואליה 33 - מתודת הפעולה של ה""נחש""",15-Mar-23,עברית,https://youtu.be/RAPiv-Fo7Yc
775,"תנ""ך ואקטואליה",,,"תנ""ך ואקטואליה 34 - דברי הנביא צפניה על הגאולה העתידה",22-Mar-23,עברית,https://youtu.be/e3llim4qx28
776,"תנ""ך ואקטואליה",,,"תנ""ך ואקטואליה 35 - מותה של ה""דמוקרטיה""",29-Mar-23,עברית,https://youtu.be/_VVSpwLjwSg
777,"תנ""ך ואקטואליה",,,"תנ""ך ואקטואליה 36 - דברי הנביא צפניה על חיסול ""מערכת המשפט""",19-Apr-23,עברית,https://www.youtube.com/watch?v=xGe226XM9aQ
778,"תנ""ך ואקטואליה",,,"תנ""ך ואקטואליה 37 - הגרסה התנ""כית של ""המהפכה המשפטית""",26-Apr-23,עברית,https://www.youtube.com/watch?v=nfmIHbSd7HM
779,"תנ""ך ואקטואליה",,,"תנ""ך ואקטואליה 38 - תבנית ה""רפורמה"" של ירבעם בן נבט",3-May-23,עברית,https://www.youtube.com/watch?v=as9fcdElAag
780,"תנ""ך ואקטואליה",,,"תנ""ך ואקטואליה 39 - עשרת השבטים וחורבן ממלכת ישראל",10-May-23,עברית,https://www.youtube.com/watch?v=Gvt_1HcUQTA
781,"תנ""ך ואקטואליה",,,"תנ""ך ואקטואליה 40 - תקוה כשהכל נראה ""לאחר יאוש""",17-May-23,עברית,https://www.youtube.com/watch?v=Uh3GNE1Tn7w
782,"תנ""ך ואקטואליה",,,"תנ""ך ואקטואליה 41 - עוד אבינו חי עם ישראל חי",24-May-23,עברית,https://www.youtube.com/watch?v=Okf6Sl4Bs3M
783,"תנ""ך ואקטואליה",,,"תנ""ך ואקטואליה 42 - גאולת עם ישראל ונקמת ה' בגויים",31-May-23,עברית,https://www.youtube.com/watch?v=A15n03bQI8E
784,"תנ""ך ואקטואליה",,,"?תנ""ך ואקטואליה 43 - ""גוג ומגוג"" - מי הם",7-Jun-23,עברית,https://www.youtube.com/watch?v=Gyr7EtYNZys
785,"תנ""ך ואקטואליה",,,"תנ""ך ואקטואליה 44 - מלחמת גוג ומגוג על אדמת ישראל",14-Jun-23,עברית,https://www.youtube.com/watch?v=Ylfopv3W1rY
786,"תנ""ך ואקטואליה",,,"תנ""ך ואקטואליה 45 - מלחמת גוג ומגוג - ""יתגדל ויתקדש שמיה רבה""",21-Jun-23,עברית,https://www.youtube.com/watch?v=gHY9BHY2f9E
787,"תנ""ך ואקטואליה",,,"תנ""ך ואקטואליה 46 - מלחמת גוג ומגוג - סיום תקופת ""הסתר הפנים""",12-Jul-23,עברית,https://www.youtube.com/watch?v=8Jd0PTGqjHI
788,"תנ""ך ואקטואליה",,,"תנ""ך ואקטואליה 47 - מלחמת גוג ומגוג - נבואת זכריה על עם ישראל במלחמה",19-Jul-23,עברית,https://www.youtube.com/watch?v=C2FhfLZ14fs
789,"תנ""ך ואקטואליה",,,"תנ""ך ואקטואליה 48 - מלחמת גוג ומגוג - מי ישרוד את המלחמה",16-Aug-23,עברית,https://www.youtube.com/watch?v=pQIERJaOY4g
790,"תנ""ך ואקטואליה",,,"תנ""ך ואקטואליה 49 - מלחמת גוג ומגוג - נקמת השם - דם עבדיו יקום",23-Aug-23,עברית,https://www.youtube.com/watch?v=b0JMdlP990A
791,"תנ""ך ואקטואליה",,,"תנ""ך ואקטואליה 50 - מלחמת גוג ומגוג - וסוד ""חג הסוכות""",30-Aug-23,עברית,https://www.youtube.com/watch?v=uC0g7UO8EeM
792,"תנ""ך ואקטואליה",,,"תנ""ך ואקטואליה 51 - נבואות משה על אחרית הימים",6-Sep-23,עברית,https://www.youtube.com/watch?v=vPxTcYXXSBc
793,"תנ""ך ואקטואליה",,,"תנ""ך ואקטואליה 52 - נבואת משה בפרשת האזינו על ה""רעה"" אחרית הימים",13-Sep-23,עברית,https://www.youtube.com/watch?v=KT0Kms4oIQc
794,"תנ""ך ואקטואליה",,,"תנ""ך ואקטואליה 53 - פרשת האזינו - תיאור ההיסטוריה עד אחרית הימים",20-Sep-23,עברית,https://www.youtube.com/watch?v=7GLmrziXZTc
795,"תנ""ך ואקטואליה",,,"תנ""ך ואקטואליה 54 - פרשת האזינו - ה""חושך"" שלפני ה""אור"" של הגאולה",27-Sep-23,עברית,https://www.youtube.com/watch?v=70IS0PNmFBM
796,"תנ""ך ואקטואליה",,,"?תנ""ך ואקטואליה 55 - למי שייכת ""ארץ ישראל"" ? ולמה",11-Oct-23,עברית,https://www.youtube.com/watch?v=MYzHvIR5fVA
797,"תנ""ך ואקטואליה",,,"תנ""ך ואקטואליה 56 - נבואת ירמיה - המאבק על ירושת הארץ",18-Oct-23,עברית,https://www.youtube.com/watch?v=fgaUuXwso3k
798,"תנ""ך ואקטואליה",,,"תנ""ך ואקטואליה 57 - משמעות היותו של ישמעאל ""פרא אדם""",25-Oct-23,עברית,https://www.youtube.com/watch?v=XVbY51Hx4wc
799,"תנ""ך ואקטואליה",,,"?תנ""ך ואקטואליה 58 - מדוע החמאס גרוע מן הנאצים",1-Nov-23,עברית,https://www.youtube.com/watch?v=JWWu4Khdbc0
800,"תנ""ך ואקטואליה",,,"תנ""ך ואקטואליה 59 - האם יש זהות בין ""ישמעאלים"" ו""ערבים""",8-Nov-23,עברית,https://www.youtube.com/watch?v=z65--nz206I
801,"תנ""ך ואקטואליה",,,"תנ""ך ואקטואליה 60 - כוחם של עשו וישמעאל - פסולת ה""חסד"" ופסולת ה""גבורה""",15-Nov-23,עברית,https://www.youtube.com/watch?v=62JC68RgfRM
802,"תנ""ך ואקטואליה",,,"תנ""ך ואקטואליה 61 - משמעות החרטה על בריאתם של ה""ישמעאלים""",22-Nov-23,עברית,https://www.youtube.com/watch?v=GWXEMmeuidA
803,"תנ""ך ואקטואליה",,,"תנ""ך ואקטואליה 62 - ה""ישמעאלים"" מורדים בנורמות האנושיות",29-Nov-23,עברית,https://www.youtube.com/watch?v=QNQ79vk4k2A
804,"תנ""ך ואקטואליה",,,"תנ""ך ואקטואליה 63 - ""עת צרה ליעקב"" - צירוף ""ישמעאל""(האיסלם) ו""אדום""(המערב)",6-Dec-23,עברית,https://www.youtube.com/watch?v=iLgoP5A6gBk
805,"תנ""ך ואקטואליה",,,"תנ""ך ואקטואליה 64 - הקשר בין הופעת היוונים כמעצמה בעולם לסיום תקופת ה""נבואה""",13-Dec-23,עברית,https://www.youtube.com/watch?v=ndnL8l0AMeY
806,"תנ""ך ואקטואליה",,,"תנ""ך ואקטואליה 65 - אסון תרגום התורה ליוונית - ""תרגום השבעים""",20-Dec-23,עברית,https://www.youtube.com/watch?v=4PA0EpuK7ok
807,"תנ""ך ואקטואליה",,,"תנ""ך ואקטואליה 66 - נצרות ואתיאיזם - המכנה המשותף ""הומניזם""",27-Dec-23,עברית,https://www.youtube.com/watch?v=xRulCIQUd7A
808,"תנ""ך ואקטואליה",,,"תנ""ך ואקטואליה 67 - מסתרי ההיסטוריה - ה""משל"" של הרמח""ל",3-Jan-24,עברית,https://www.youtube.com/watch?v=fuvxeo8ghug
809,"תנ""ך ואקטואליה",,,"תנ""ך ואקטואליה 68 - מסתרי ההיסטוריה - ביאור יסודות ה""נמשל"" של הרמח""ל",10-Jan-24,עברית,https://www.youtube.com/watch?v=EQ3KkMPvWeU
810,"תנ""ך ואקטואליה",,,"תנ""ך ואקטואליה 69 - יסורי ה""תהילה"" , מזימת ה""תרמית"" וה""רהב""",17-Jan-24,עברית,https://www.youtube.com/watch?v=jhSvhgcJ2Zs
811,"תנ""ך ואקטואליה",,,"תנ""ך ואקטואליה 70 - ניתוח מעמיק של כח ה""דמיון""",24-Jan-24,עברית,https://www.youtube.com/watch?v=rOJYxc0D-fg
812,"תנ""ך ואקטואליה",,,"תנ""ך ואקטואליה 71 - מה הוא ""צבא המבוכה""? ומה היא עצת ה""שכל""",31-Jan-24,עברית,https://www.youtube.com/watch?v=ieGDKQv39Vw
813,"תנ""ך ואקטואליה",,,"תנ""ך ואקטואליה 72 - התנהלות ""יושר"" לאור עצת ה""שכל"" , ותפקידה של ה""סבלנות""",7-Feb-24,עברית,https://www.youtube.com/watch?v=8NQ7q2e5bV4
814,"תנ""ך ואקטואליה",,,"תנ""ך ואקטואליה 73 - פשר שנאת ה""סכלות"" לאנשי ה""שכל""",14-Feb-24,עברית,https://www.youtube.com/watch?v=gR1YpZHiowI
815,"תנ""ך ואקטואליה",,,"תנ""ך ואקטואליה 74 - חשיבות ה""תקוה"" לאנשי האמת , וסיבת הצלחת ה""תרמית""",21-Feb-24,עברית,https://www.youtube.com/watch?v=QpXgSRgq56o
816,"תנ""ך ואקטואליה",,,"תנ""ך ואקטואליה 75 - ""נפלאות הבריאה"" , וחוסר הישע של ""תהילה"" הכבולה בתככי ה""תרמית""",28-Feb-24,עברית,https://www.youtube.com/watch?v=fKwZheloI-c
817,"תנ""ך ואקטואליה",,,"תנ""ך ואקטואליה 76 - דברים גדולים ולא מובנים קורים מאחורי הקלעים",6-Mar-24,עברית,https://www.youtube.com/watch?v=2J6YCnk5zko
818,"תנ""ך ואקטואליה",,,"תנ""ך ואקטואליה 77 - ה""אסון"" שפותח את האפשרות לבירור האמת",13-Mar-24,עברית,https://www.youtube.com/watch?v=gdoZmqSn3sU
819,"תנ""ך ואקטואליה",,,"תנ""ך ואקטואליה 78 - חשיפת ה""תרמית"" והשקר בביתו של ""משפט""",20-Mar-24,עברית,https://www.youtube.com/watch?v=Yet3bRUSCgw
820,"תנ""ך ואקטואליה",,,"תנ""ך ואקטואליה 79 - המשבר וההלם הנורא בעקבות חשיפת ה""תרמית"" והמעבר לשלב גילוי האמת",27-Mar-24,עברית,https://www.youtube.com/watch?v=I7uCPFHer-s
821,"תנ""ך ואקטואליה",,,"תנ""ך ואקטואליה 80 - השמחה העצומה כשבסוף הכל מסתדר נכון",3-Apr-24,עברית,https://www.youtube.com/watch?v=g4bAiQdkrbQ
822,"תנ""ך ואקטואליה",,,"תנ""ך ואקטואליה 81 - ""בריאת העולם"" - ה""חושך"" שקודם ל""אור""",10-Apr-24,עברית,https://www.youtube.com/watch?v=s08v3LzdQjY
823,"תנ""ך ואקטואליה",,,"תנ""ך ואקטואליה 82 - הנגזרות של ""גילוי היחוד"" באחרית הימים",17-Apr-24,עברית,https://www.youtube.com/watch?v=Umn9yR99bQE
824,"תנ""ך ואקטואליה",,,"תנ""ך ואקטואליה 83 - הבנת דרכי הפעולה של ה""תרמית""",1-May-24,עברית,https://www.youtube.com/watch?v=frBi4pccZ8g
825,"תנ""ך ואקטואליה",,,"תנ""ך ואקטואליה 84 - ה""תרמית"" - עיוות האמת ב""נצרות"" וב""הומניזם""",8-May-24,עברית,https://www.youtube.com/watch?v=QPpq91UGhpk
826,"תנ""ך ואקטואליה",,,"תנ""ך ואקטואליה 85 - מחיר ה""רחמים"" המזוייפים על הרוע והרשע",15-May-24,עברית,https://www.youtube.com/watch?v=rK7YkKjuKQc
827,"תנ""ך ואקטואליה",,,"תנ""ך ואקטואליה 86 - ה""תרמית"" שמאחורי המושג ""שיויון""",22-May-24,עברית,https://www.youtube.com/watch?v=-mJ32RXw82o
828,"תנ""ך ואקטואליה",,,"תנ""ך ואקטואליה 87 - ""הטוטאליות של ה""אמת"" -""עד מתי אתם פוסחים על שתי הסעיפים""",29-May-24,עברית,https://www.youtube.com/watch?v=E8vb4u5YMrU
829,"תנ""ך ואקטואליה",,,"תנ""ך ואקטואליה 88 - מי הוא ומהו - ""יהודי"" ? הבוז של ה""תרמית"" ל""יהודי הגלותי""",5-Jun-24,עברית,https://www.youtube.com/watch?v=iiaB9auwhZc
830,"תנ""ך ואקטואליה",,,"תנ""ך ואקטואליה 89 - ה""גליל"" יחרב - מקום הגלות הוא מקום התחלת הגאולה",19-Jun-24,עברית,https://www.youtube.com/watch?v=yaL1-o80INA
831,"תנ""ך ואקטואליה",,,"תנ""ך ואקטואליה 90 - ה""ערב רב"" והדרישה לגיוס חרדים לצבא",26-Jun-24,עברית,https://www.youtube.com/watch?v=qoRMDezgBB0
832,"תנ""ך ואקטואליה",,,"תנ""ך ואקטואליה 91 - ההונאה הגדולה - עיוות המושג ""ציון"" והפיכתו ל""ציונות""",3-Jul-24,עברית,https://www.youtube.com/watch?v=c6o1KTOAJhA
833,"תנ""ך ואקטואליה",,,"תנ""ך ואקטואליה 92 - עומק המושג ""ציון"" והפיכתו ל""ציונות"" , ו""פוסט ציונות""",24-Jul-24,עברית,https://www.youtube.com/watch?v=mGNr29zwqV4
834,"תנ""ך ואקטואליה",,,"תנ""ך ואקטואליה 93 - מגדל בבל , ""גלובליזם"" , ומגילת איכה",31-Jul-24,עברית,https://www.youtube.com/watch?v=QJYLnBRy_7E
835,"תנ""ך ואקטואליה",,,"תנ""ך ואקטואליה 94 - שונאי ישראל שבתוכינו , המיעוט הבריוני ה""פרוגרסיבי""",7-Aug-24,עברית,https://www.youtube.com/watch?v=yd7WbAeZVx8
836,"תנ""ך ואקטואליה",,,"תנ""ך ואקטואליה 95 - עשו וישמעאל - נצרות ואסלאם בתקופה שלפני הגאולה",14-Aug-24,עברית,https://www.youtube.com/watch?v=tfIK7t3fSvs
837,"תנ""ך ואקטואליה",,,"תנ""ך ואקטואליה 96 - החיבור והפירוד בין עשו לישמעאל בסוף ההיסטוריה",21-Aug-24,עברית,https://www.youtube.com/watch?v=vaWePJTPYNM
838,"תנ""ך ואקטואליה",,,"תנ""ך ואקטואליה 97 - משיח בן יוסף , משיח בן דוד , משה רבנו וסוד הכנעת ה""ערב רב""",29-Aug-24,עברית,https://www.youtube.com/watch?v=dXYyTQSamxA
839,"תנ""ך ואקטואליה",,,"תנ""ך ואקטואליה 98 - התאחדות אומות העולם באחרית הימים כנגד ה' ועם ישראל",4-Sep-24,עברית,https://www.youtube.com/watch?v=ZkTO6ESmOBg
840,"תנ""ך ואקטואליה",,,"תנ""ך ואקטואליה 99 - ""ראשית גוים עמלק"" חוד החנית של ההתנגדות לישראל",11-Sep-24,עברית,https://www.youtube.com/watch?v=OPeobFeANMI
841,"תנ""ך ואקטואליה",,,"תנ""ך ואקטואליה 100 - על מה באמת תהיה המלחמה האחרונה בהיסטוריה",18-Sep-24,עברית,https://www.youtube.com/watch?v=nRDqHHjqR1U
842,"תנ""ך ואקטואליה",,,"תנ""ך ואקטואליה 101 - שלשת הסבבים של ""מלחמת גוג ומגוג""",25-Sep-24,עברית,https://www.youtube.com/watch?v=lNySj-O8M-U
843,"תנ""ך ואקטואליה",,,"תנ""ך ואקטואליה 102 - חלקה של מצרים במלחמת גוג ומגוג",30-Oct-24,עברית,https://www.youtube.com/watch?v=5K7XEp7DrKs
844,"תנ""ך ואקטואליה",,,"תנ""ך ואקטואליה 103 - ""מותו"" של משיח בן יוסף במלחמת גוג ומגוג",6-Nov-24,עברית,https://www.youtube.com/watch?v=Do15d6jSE0Q
845,"תנ""ך ואקטואליה",,,"תנ""ך ואקטואליה 104 - מקומם של משיח בן יוסף ושל משיח בן דוד בגאולה",13-Nov-24,עברית,https://www.youtube.com/watch?v=xqkgBHbznuM
846,"תנ""ך ואקטואליה",,,"תנ""ך ואקטואליה 105 - מה יכול למנוע את ""מותו"" של משיח בן יוסף במלחמת גוג ומגוג",20-Nov-24,עברית,https://www.youtube.com/watch?v=5TFSMlBkGRc
847,"תנ""ך ואקטואליה",,,"תנ""ך ואקטואליה 106 - מדוע ""ישמעאל"" ו""עשו"" כל כך מעוניינים להשמיד את עם ישראל ?",27-Nov-24,עברית,https://www.youtube.com/watch?v=5ogkQzeRiHo
848,"תנ""ך ואקטואליה",,,"תנ""ך ואקטואליה 107 - מה היא הסיבה האמיתית לאנטישמיות ולשנאת ישראל",4-Dec-24,עברית,https://www.youtube.com/watch?v=zLOwXWRejTQ
849,"תנ""ך ואקטואליה",,,"תנ""ך ואקטואליה 108 - ""אוטואנטישמיות"" - מהות התופעה של יהודים שונאי ישראל",11-Dec-24,עברית,https://www.youtube.com/watch?v=KbLeiG8Eegw
850,"תנ""ך ואקטואליה",,,"תנ""ך ואקטואליה 109 - ביאור ""וזדים ביד עושי תורתך"" בנוסח ""על הנסים"" בחנוכה",18-Dec-24,עברית,https://www.youtube.com/watch?v=w-sp8tAUD68
851,"תנ""ך ואקטואליה",,,"תנ""ך ואקטואליה 110 - יהודים , יוונים , ומתייוונים - בימים ההם ובזמן הזה",25-Dec-24,עברית,https://www.youtube.com/watch?v=WpkahEop-KI
852,"תנ""ך ואקטואליה",,,"תנ""ך ואקטואליה 111 - סוד עניין המלחמה של ""בניך ציון"" מול ""בניך יון""",1-Jan-25,עברית,https://www.youtube.com/watch?v=A3vb_6Oh4Rk
853,"תנ""ך ואקטואליה",,,"תנ""ך ואקטואליה 112 - עשרה בטבת ""המצור על ירושלים"" - היום ועכשיו",8-Jan-25,עברית,https://www.youtube.com/watch?v=3hn22SOLfJM
854,"תנ""ך ואקטואליה",,,"תנ""ך ואקטואליה 113 - בגאולה , לפני שיהיה מאוד טוב , יהיה מאוד רע",15-Jan-25,עברית,https://www.youtube.com/watch?v=upgVuKq939c
855,"תנ""ך ואקטואליה",,,"תנ""ך ואקטואליה 114 - המהדורה התנ""כית של המלחמה בעזה לבנון וסוריה",22-Jan-25,עברית,https://www.youtube.com/watch?v=jbC7EtLiR0Q
856,"תנ""ך ואקטואליה",,,"תנ""ך ואקטואליה 115 - הדרך הראויה לחילוץ החטופים על פי התנ""ך",29-Jan-25,עברית,https://www.youtube.com/watch?v=OyEa3S0dl90
857,"תנ""ך ואקטואליה",,,"תנ""ך ואקטואליה 116 - השחיתות והסיאוב של ""מערכת המשפט"" בירושלים והעומד בראשה",5-Feb-25,עברית,https://www.youtube.com/watch?v=Wpte2wFTM7M
858,"תנ""ך ואקטואליה",,,"תנ""ך ואקטואליה 117 - תכנית טראמפ לפינוי עזה",12-Feb-25,עברית,https://www.youtube.com/watch?v=ekIpIehI_NE
859,"תנ""ך ואקטואליה",,,"תנ""ך ואקטואליה 118 - ""ברית בין הבתרים"" - המפתח להבנת הגלות והגאולה",19-Feb-25,עברית,https://www.youtube.com/watch?v=EFE5MkcAgcU
860,"תנ""ך ואקטואליה",,,"תנ""ך ואקטואליה 119 - דניאל מבקש פשר לנבואת ירמיה בעניין ה""גלות""",12-Mar-25,עברית,https://www.youtube.com/watch?v=pWI7fDuuXLE
861,"תנ""ך ואקטואליה",,,"תנ""ך ואקטואליה 120 - הרמב""ם ב""איגרת תימן"" על ""גאולה"" לפני הזמן הראוי",19-Mar-25,עברית,https://www.youtube.com/watch?v=kGtGj__S_Uw
862,"תנ""ך ואקטואליה",,,"תנ""ך ואקטואליה 121 - ה""זוהר"" וה""אברבנאל"" בדבר אורך הגלות וזמני הגאולה",26-Mar-25,עברית,https://www.youtube.com/watch?v=YH8R39yCf8U
863,"תנ""ך ואקטואליה",,,"תנ""ך ואקטואליה 122 - התקדימים בתנ""ך ל""גאולה"" טרם זמנה ותוצאותיהם",2-Apr-25,עברית,https://www.youtube.com/watch?v=mrhbWl2DcO0
864,"תנ""ך ואקטואליה",,,"תנ""ך ואקטואליה 123 - המהר""ל - אי אפשר ואסור להתנגד לגזרת ה' על הגלות עד ביאת המשיח",9-Apr-25,עברית,https://www.youtube.com/watch?v=RHPJf3350kA
865,"תנ""ך ואקטואליה",,,"תנ""ך ואקטואליה 124 - ""שלשת השבועות"" בעניין ה""גלות"" של עם ישראל תחת המלכויות",16-Apr-25,עברית,https://www.youtube.com/watch?v=USA7T8CWYkA
866,"תנ""ך ואקטואליה",,,"תנ""ך ואקטואליה 125 - מעלת וקדושת ארץ ישראל , והתנאים הנדרשים על מנת לגור בארץ",23-Apr-25,עברית,https://www.youtube.com/watch?v=NYYL005fHU0
867,"תנ""ך ואקטואליה",,,"תנ""ך ואקטואליה 126 - האם קיימת ""מצוות ישוב ארץ ישראל"" בימינו",30-Apr-25,עברית,https://www.youtube.com/watch?v=yEQVrjP_uhI
868,"תנ""ך ואקטואליה",,,"תנ""ך ואקטואליה 127 - דע את האוייב - היהדות מול ""חוקי הגויים"" בימינו",7-May-25,עברית,https://www.youtube.com/watch?v=bNYQqKzHcAc
869,"תנ""ך ואקטואליה",,,"תנ""ך ואקטואליה 128 - עבודה זרה בימינו - ""הומניזם"" , ""פרוגרס"" , וה""ווק""",22-May-25,עברית,https://www.youtube.com/watch?v=UpCHdII4ugY
870,"תנ""ך ואקטואליה",,,"תנ""ך ואקטואליה 129 - האמת מאחרי הדרישה ל""שוויון בנטל"" וגיוס לומדי התורה",28-May-25,עברית,https://www.youtube.com/watch?v=WUoifdzGaoE
871,"תנ""ך ואקטואליה",,,"תנ""ך ואקטואליה 130 - מדוע אסור לשומר תורה ומצוות להתגייס לצה""ל - גם אם הוא לא לומד",12-Jun-25,עברית,https://www.youtube.com/watch?v=lR3NP28hIZQ
872,"תנ""ך ואקטואליה",,,"תנ""ך ואקטואליה 131 - מקורה ועניינה של ""מלכות פרס"" לאורך ההיסטוריה",19-Jun-25,עברית,https://www.youtube.com/watch?v=hNczbaz09Ig
873,"תנ""ך ואקטואליה",,,"תנ""ך ואקטואליה 132 - המאבק בין ""מלכות פרס"" ל""מלכות רומי"" סמוך למועד הגאולה",25-Jun-25,עברית,https://www.youtube.com/watch?v=MeoS9cADWAo
874,"תנ""ך ואקטואליה",,,"תנ""ך ואקטואליה 133 - ה""מלחמות הגדולות"" בין ישמעאל לאדום לפני הגאולה",2-Jul-25,עברית,https://www.youtube.com/watch?v=lgBedx6XIcU
875,"תנ""ך ואקטואליה",,,"תנ״ך ואקטואליה 134 - ""והיית משוגע ממראה עיניך"" - כשמשוגעים מנהלים את המדינה",9-Jul-25,עברית,https://www.youtube.com/watch?v=YdrE5hEJ1bs
876,"תנ""ך ואקטואליה",,,"תנ״ך ואקטואליה 135 - עונש ""נביאי השקר"" העומדים בראש העדר ומכשילים את העם",16-Jul-25,עברית,https://www.youtube.com/watch?v=nqbOAjcuFeM
877,"תנ""ך ואקטואליה",,,"תנ״ך ואקטואליה 136 - החלת ""ריבונות"" על שטחי ארץ ישראל , מיהו באמת ה""ריבון"" ?",23-Jul-25,עברית,https://www.youtube.com/watch?v=7kqMfT0QnC4
878,"תנ""ך ואקטואליה",,,תנ״ך ואקטואליה 137 - תשעה באב - האם זה עדיין רלוונטי להתאבל על ירושלים ?,30-Jul-25,עברית,https://www.youtube.com/watch?v=hDaSHlCnXDM
879,"תנ""ך ואקטואליה",,,"תנ״ך ואקטואליה 138 - משל השועל וה""דגים"" של רבי עקיבא , וההשלכות למציאות חיינו",6-Aug-25,עברית,https://www.youtube.com/watch?v=O1G3HYS2g_E
880,"תנ""ך ואקטואליה",,,תנ״ך ואקטואליה 139 - כיבוש הארץ בדרך נס אם אנו נאמנים להשם,13-Aug-25,עברית,https://www.youtube.com/watch?v=gx2sb_5fMd4
881,"תנ""ך ואקטואליה",,,תנ״ך ואקטואליה 140 - למה זה קורה לנו ? ואיך יוצאים מהמלחמה עם הערבים,20-Aug-25,עברית,https://www.youtube.com/watch?v=6mTSbX9Fm-g
882,"תנ""ך ואקטואליה",,,"תנ״ך ואקטואליה 141 - ה' מתגלה בהיסטוריה [הסתר-יה] באמצעות העובדה ש""עם ישראל חי""",29-Aug-25,עברית,https://www.youtube.com/watch?v=W3vt0t3jaGg
883,"תנ""ך ואקטואליה",,,תנ״ך ואקטואליה 142 - נצחיות עם ישראל והתורה - למה הם לעולם לא ינצחו אותנו,3-Sep-25,עברית,https://www.youtube.com/watch?v=zAIVaMmcHlE
884,"תנ""ך ואקטואליה",,,"תנ״ך ואקטואליה 143 - מהו ""משפט אלהי הארץ"" , ובנינו ובנותינו שנמצאים בשבי",10-Sep-25,עברית,https://www.youtube.com/watch?v=3WHvWNYuzdI
885,"תנ""ך ואקטואליה",,,"תנ״ך ואקטואליה 144 - משימתם של הנביאים - להיות ה""צופה"" והמתריע - כדי להציל את העם",17-Sep-25,עברית,https://www.youtube.com/watch?v=d1-Bl_TsrvA
886,"תנ""ך ואקטואליה",,,"תנ״ך ואקטואליה 145 - המאבק על ה""ירושה"" , והזיות טראמפ על ה""שלום"" עם הישמעאלים",22-Oct-25,עברית,https://www.youtube.com/watch?v=W93YcSgHeFw
887,"תנ""ך ואקטואליה",,,"תנ״ך ואקטואליה 146 - ה""גאולה"" רק בסיום שלטון אדום וישמעאל , ""לעת ערב יהיה אור""",29-Oct-25,עברית,https://www.youtube.com/watch?v=rX9tRbv-aog
888,"תנ""ך ואקטואליה",,,"תנ״ך ואקטואליה 147 - פרשת ""שדה תימן"" , הנבואה על ה""מוסרים"" לפני בוא המשיח",5-Nov-25,עברית,https://www.youtube.com/watch?v=v_ayM45qYLo
889,"תנ""ך ואקטואליה",,,"תנ״ך ואקטואליה 148 - סופם של ה""מוסרים"" , והתפילה המיוחדת להשמדתם",12-Nov-25,עברית,https://www.youtube.com/watch?v=XIfelxaXkp0
890,"תנ""ך ואקטואליה",,,"תנ״ך ואקטואליה 149 - המזימה של ה""מערב"" (עשו) להתחבר ל""אסלם"" (ישמעאל) להתנכל לישראל",19-Nov-25,עברית,https://www.youtube.com/watch?v=Rj5DhOX9q0I
891,"תנ""ך ואקטואליה",,,"תנ״ך ואקטואליה 150 - האופן שבו תופר מזימת ה""מערב"" וה""אסלם"" לחבירה משותפת",26-Nov-25,עברית,https://www.youtube.com/watch?v=CnLiJ7pNMW8
892,"תנ""ך ואקטואליה",,,"תנ""ך ואקטואליה 151 - משה רבינו הוא זה שיבטל את קליפת ה""ערב רב"" בזמן הגאולה",3-Dec-25,עברית,https://www.youtube.com/watch?v=ACzPL7j0KaA
893,"תנ""ך ואקטואליה",,,"תנ""ך ואקטואליה 152 - ה""ערב רב"" חותר לשנות את הזהות של העם היהודי וקורא לזה ""יהדות",10-Dec-25,עברית,https://www.youtube.com/watch?v=Ps1vO_r6J6k
894,"תנ""ך ואקטואליה",,,"תנ""ך ואקטואליה 153 - ""איכות הסביבה הרוחנית"" מול המתקפה על התורה ולומדיה",31-Dec-25,עברית,https://www.youtube.com/watch?v=NIzdcVpjGnk
895,"תנ""ך ואקטואליה",,,"תנ""ך ואקטואליה 154 - ""הבה נתחכמה לו"" - דרכי הרמיה של השקר ו""הנדסת התודעה""",7-Jan-26,עברית,https://www.youtube.com/watch?v=M_euVyovaRc
896,"תנ""ך ואקטואליה",,,"תנ""ך ואקטואליה 155 - ""ולא שמעו אל משה"" - הקושי לשמוע את האמת על אפשרות של ""גאולה""",14-Jan-26,עברית,https://www.youtube.com/watch?v=NE74GBPdvnU
897,"תנ""ך ואקטואליה",,,"תנ""ך ואקטואליה 156 - מחטיאי הרבים ב""מדינת ישראל"" במהדורה הראשונה ובמהדורה השניה שלה",21-Jan-26,עברית,https://www.youtube.com/watch?v=FhG4KCHXack
898,"תנ""ך ואקטואליה",,,Biblical Perspective on Current Events,29-Jan-26,אנגלית,https://www.youtube.com/watch?v=YGJsI0_Sr7I
899,"תנ""ך ואקטואליה",,,"תנ""ך ואקטואליה 157 - מדוע אסור בשום אופן לאדם שומר תורה ומצוות להתגייס לצבא",30-Jan-26,עברית,https://www.youtube.com/watch?v=qyKF7sFOOVQ
900,"תנ""ך ואקטואליה",,,"תנ""ך ואקטואליה 158 - על עיוות ""ערכי המוסר"" , והקרבת חיילנו על מזבח ה""פרוגרסיב""",4-Feb-26,עברית,https://www.youtube.com/watch?v=T26Jt8NBcb8
901,"תנ""ך ואקטואליה",,,"תנ""ך ואקטואליה 159 - איסור מוחלט על נשים לשאת נשק ולשרת בצבא",11-Feb-26,עברית,https://www.youtube.com/watch?v=blVPmmZ2cBg
902,"תנ""ך ואקטואליה",,,"תנ""ך ואקטואליה 160 - ההקבלה בין ""ממלכת ישראל"" בתקופת התנ""ך לבין ""מדינת ישראל"" בימינו",18-Feb-26,עברית,https://www.youtube.com/watch?v=OMR5b7Z632c
903,"תנ""ך ואקטואליה",,,"תנ""ך ואקטואליה 161 - ה""מופת"" של אליהו בהר הכרמל ודכויו על ידי שלטון הרשע אז ובימינו",25-Feb-26,עברית,https://www.youtube.com/watch?v=6hLx7rTdTHo
904,"תנ""ך ואקטואליה",,,"תנ""ך ואקטואליה 162 - התייחסות לעימות העכשווי מול פרס [אירן] בהקשר הכולל של המלכויות",11-Mar-26,עברית,https://www.youtube.com/watch?v=x_iiP6PeFvc
905,"תנ""ך ואקטואליה",,,"תנ""ך ואקטואליה 163 - מדוע זה נחוץ ש""תשלוט רומי הרשעה על כל העולם תשעה חודשים"" ?",18-Mar-26,עברית,https://www.youtube.com/watch?v=5QA68n_BiMw
906,"תנ""ך ואקטואליה",,,"תנ""ך ואקטואליה 164 - זמן סיום הגלות והתחלת הגאולה על פי הפסוקים בספר דניאל",25-Mar-26,עברית,https://www.youtube.com/watch?v=-mkeG2WKKF4
907,"תנ""ך ואקטואליה",,,"תנ""ך ואקטואליה 165 - ""משפט נבות היזרעאלי"" אז והיום - חיסול יריבים באמצעים ""משפטיים""",15-Apr-26,עברית,https://www.youtube.com/watch?v=3Ab7tL29LEs
908,"תנ""ך ואקטואליה",,,"תנ""ך ואקטואליה 166 - האידאולוגים [נביאי השקר] של שלטון הרשע , אז ועכשיו",22-Apr-26,עברית,https://www.youtube.com/watch?v=oOmIWqa0GmM
909,"תנ""ך ואקטואליה",,,"תנ""ך ואקטואליה 167 - האיסור ""להתחבר לרשע"" , והמחיר שעשויים לשלם על כך",29-Apr-26,עברית,https://www.youtube.com/watch?v=9cBPKfq6Wug
910,"תנ""ך ואקטואליה",,,"תנ""ך ואקטואליה 168 - סגירת המעגל - העונש על ""רצח נבות היזרעאלי"" ששילמו אחאב ואיזבל",6-May-26,עברית,https://www.youtube.com/watch?v=TsA4pR_cefE
911,"תנ""ך ואקטואליה",,,"תנ""ך ואקטואליה 169 - יהוא בן נמשי משמיד את כל בית אחאב ואת אידאולגיית השקר של הבעל",13-May-26,עברית,https://www.youtube.com/watch?v=Zkp29tBw7JQ
912,"תנ""ך ואקטואליה",,,"תנ""ך ואקטואליה 170 - אל תתחבר לרשע , ואל תתייאש מן הפורענות , אוי לרשע ואוי לשכנו",27-May-26,עברית,https://www.youtube.com/watch?v=csEI7JtsOno
913,"תנ""ך ואקטואליה",,,"תנ""ך ואקטואליה 171 - האמת הכואבת על ""חוק גיוס חרדים""",3-Jun-26,עברית,https://www.youtube.com/watch?v=p0nJFYvcKzM
914,"תנ""ך ואקטואליה",,,"תנ""ך ואקטואליה 172 - ""מדינת ישראל"" מנסה להשמיד את ה""זהות היהודית"" של עם ישראל",10-Jun-26,עברית,https://www.youtube.com/watch?v=MN9Vv6v4Cjc
915,"תנ""ך ואקטואליה",,,"תנ""ך ואקטואליה 173 - התייחסות התנ""ך והנבואה ל""ישמעאל"" ולאיסלם",18-Jun-26,עברית,https://www.youtube.com/watch?v=aasmt-BqrD8
916,שלש עשרה עיקרים,מבוא,,מבוא לשלש עשרה עיקרים - חלק א,2-Jul-14,עברית,https://www.youtube.com/watch?v=HfXTSNpRDvc
917,שלש עשרה עיקרים,מבוא,,שלש עשרה עיקרים 1 - מבוא כללי,5-Nov-19,עברית,https://www.youtube.com/watch?v=XxEEI7ZZPGI
918,שלש עשרה עיקרים,מבוא,,עקרונות13 האמונה היהודית - חלק א,8-Feb-23,אנגלית,https://www.youtube.com/watch?v=wZEW8KVlL5k
919,שלש עשרה עיקרים,מבוא,,עקרונות13 האמונה היהודית - חלק ב,15-Feb-23,אנגלית,https://www.youtube.com/watch?v=L_-g82pkkAo
920,שלש עשרה עיקרים,מבוא,,עקרונות13 האמונה היהודית - חלק ג,22-Feb-23,אנגלית,https://www.youtube.com/watch?v=_5pG7SB1D-M
921,שלש עשרה עיקרים,מבוא,,זהות יהודית - הגדרת עיניינה - שלשה עשר עיקרי היהדות,13-May-25,עברית,https://www.youtube.com/watch?v=G46Wolwz-_U
922,שלש עשרה עיקרים,היסוד הראשון,,העיקר הראשון - מציאות השם,6-Dec-16,עברית,https://www.youtube.com/watch?v=vwLyPbV7vdY
923,שלש עשרה עיקרים,היסוד הראשון,,היסוד הראשון - מציאות השם,16-Oct-18,ורביעית,https://www.youtube.com/watch?v=erzE4mLWwmM
924,שלש עשרה עיקרים,היסוד הראשון,,היסוד הראשון - מציאות השם,12-Nov-19,עברית,https://www.youtube.com/watch?v=SF4eP-cZlaE
925,שלש עשרה עיקרים,היסוד העשירי,,היסוד העשירי - השגחה פרטית,20-Mar-17,עברית,https://www.youtube.com/watch?v=K8vWMZfh-h0
926,שלש עשרה עיקרים,היסוד העשירי,,היסוד העשירי - ידיעתו של ה' מוחלטת,2-Mar-20,עברית,https://www.youtube.com/watch?v=pHHygsk2epY
927,שלש עשרה עיקרים,היסוד האחד עשר,,העיקר האחד עשר - שכר ועונש על פי המעשים,9-Jun-20,עברית,https://www.youtube.com/watch?v=UKg3TnV6Xs8
928,שלש עשרה עיקרים,היסוד השנים עשר,,מחכים למשיח - העיקר השניים עשר,22-Jan-15,עברית,https://www.youtube.com/watch?v=ouo0l4BMnC4
929,שלש עשרה עיקרים,היסוד השנים עשר,,היסוד השנים עשר - ביאת המשיח,10-Feb-15,אנגלית,https://www.youtube.com/watch?v=SocK9Ox_jNo
930,שלש עשרה עיקרים,היסוד השנים עשר,,היסוד השנים עשר - ביאת המשיח,8-Jan-17,עברית,https://www.youtube.com/watch?v=medSBdsTLeg
931,שלש עשרה עיקרים,היסוד השנים עשר,,העיקר השנים עשר - משיח בן דוד - חלק א,15-Jun-20,עברית,https://www.youtube.com/watch?v=x58hlqrBcgg
932,שלש עשרה עיקרים,היסוד השנים עשר,,העיקר השנים עשר - משיח בן דוד - חלק ב,23-Jun-20,עברית,https://www.youtube.com/watch?v=AhqJ0ZWA2-Y
933,שלש עשרה עיקרים,היסוד השנים עשר,,העיקר השנים עשר - משיח בן דוד - חלק ג,29-Jun-20,עברית,https://www.youtube.com/watch?v=WP6A1tc3cIY
934,שלש עשרה עיקרים,היסוד השנים עשר,,למה אנו צריכים לצפות שיקרה כשיגיע המשיח,26-Nov-24,אנגלית,https://www.youtube.com/watch?v=jMfAZCLYGYk
935,שלש עשרה עיקרים,היסוד השלושה עשר,,היסוד השלושה עשר - תחיית המתים,15-Feb-17,עברית,https://www.youtube.com/watch?v=p52YYSBa7dA
936,שלש עשרה עיקרים,היסוד השלושה עשר,,היסוד השלושה עשר,8-Jan-19,אנגלית,https://www.youtube.com/watch?v=L2rCq_Q9_PU
937,שלש עשרה עיקרים,היסוד השלושה עשר,,העיקר השלושה עשר - תחיית המתים - חלק א,6-Jul-20,עברית,https://www.youtube.com/watch?v=FU0oFq-MFeo
938,שלש עשרה עיקרים,היסוד השלושה עשר,,העיקר השלושה עשר - תחיית המתים - חלק ב,14-Jul-20,עברית,https://www.youtube.com/watch?v=v6Qfgy6tloU
939,שלש עשרה עיקרים,היסוד השלושה עשר,,העיקר השלושה עשר - תחיית המתים - חלק ג,24-Jul-20,עברית,https://www.youtube.com/watch?v=WFcMcShmhh4
940,שלש עשרה עיקרים,היסוד השלושה עשר,,״תחיית המתים״ - אחד משלש עשרה עיקרי היהדות - מה זה ? והאם זה יתכן ?,22-Nov-24,עברית,https://www.youtube.com/watch?v=GSPkYhHVD7Y
941,שלש עשרה עיקרים,היסוד השני,,היסוד השני - אחדות השם,4-Dec-16,עברית,https://www.youtube.com/watch?v=X0f9KHwzBTg
942,שלש עשרה עיקרים,היסוד השני,,היסוד השני,30-Oct-18,אנגלית,https://www.youtube.com/watch?v=_xI487Kwqzs
943,שלש עשרה עיקרים,היסוד השני,,היסוד השני - אחדות השם,10-Dec-19,עברית,https://www.youtube.com/watch?v=GlnP2gzkqaw
944,שלש עשרה עיקרים,היסוד השלישי,,היסוד השלישי - השם אינו גוף,13-Feb-17,עברית,https://www.youtube.com/watch?v=m_uC4Oyfu9E
945,שלש עשרה עיקרים,היסוד השלישי,,היסוד השלישי ורביעי,13-Nov-18,אנגלית,https://www.youtube.com/watch?v=x8Y4KpmKA_w
946,שלש עשרה עיקרים,היסוד השלישי,,העיקר השלישי - שלילת הגשמות,24-Dec-19,עברית,https://www.youtube.com/watch?v=tpmqIJqx8lw
947,שלש עשרה עיקרים,היסוד הרביעי,,היסוד הרביעי - ה׳ הוא קדמון ונצחי,31-Jan-19,עברית,https://www.youtube.com/watch?v=aEEKYrJSoO0
948,שלש עשרה עיקרים,היסוד הרביעי,,העיקר הרביעי,31-Dec-19,עברית,https://www.youtube.com/watch?v=6lkycZx3q98
949,שלש עשרה עיקרים,היסוד החמישי,,היסוד החמישי - איסור עבודה זרה,12-Feb-17,עברית,https://www.youtube.com/watch?v=TdqKZKokRJs
950,שלש עשרה עיקרים,היסוד החמישי,,היסוד החמישי,27-Nov-18,אנגלית,https://www.youtube.com/watch?v=glbOFIe5e48
951,שלש עשרה עיקרים,היסוד החמישי,,העיקר החמישי - רק הוא הראוי לעבדו ואין לעבוד לזולתו,6-Jan-20,עברית,https://www.youtube.com/watch?v=HE1CLc0HqCo
952,שלש עשרה עיקרים,היסוד השישי,,היסוד השישי - הנבואה,5-Dec-16,עברית,https://www.youtube.com/watch?v=V2kGQ1T47hQ
953,שלש עשרה עיקרים,היסוד השישי,,היסוד השישי,18-Dec-18,אנגלית,https://www.youtube.com/watch?v=r9HTq--gFp4
954,שלש עשרה עיקרים,היסוד השישי,,'העיקר השישי - הנבואה - חלק א,20-Jan-20,עברית,https://www.youtube.com/watch?v=naT9ry6ceDE
955,שלש עשרה עיקרים,היסוד השישי,,'העיקר השישי - הנבואה - חלק ב,28-Jan-20,עברית,https://www.youtube.com/watch?v=_D8eYRQNXUY
956,שלש עשרה עיקרים,היסוד השביעי,,היסוד השביעי - ייחודיותה של נבואת משה רבינו,8-May-17,עברית,https://www.youtube.com/watch?v=8kR0TxUDiyM
957,שלש עשרה עיקרים,היסוד השביעי,,היסוד השביעי,1-Jan-19,אנגלית,https://www.youtube.com/watch?v=A-G6aFxffY4
958,שלש עשרה עיקרים,היסוד השביעי,,היסוד השביעי - ייחודיותה של נבואת משה רבינו,4-Feb-20,עברית,https://www.youtube.com/watch?v=lLApICwN31Q
959,שלש עשרה עיקרים,היסוד השמיני,,היסוד השמיני - תורה שבכתב ושבעל פה משמים,21-Feb-17,עברית,https://www.youtube.com/watch?v=LeIswZGIsxo
960,שלש עשרה עיקרים,היסוד השמיני,,היסוד השמיני,29-Jan-19,אנגלית,https://www.youtube.com/watch?v=ENdd8sdxb98
961,שלש עשרה עיקרים,היסוד השמיני,,היסוד השמיני,11-Feb-20,עברית,https://www.youtube.com/watch?v=sjLUdHeCC2s
962,שלש עשרה עיקרים,היסוד התשיעי,,היסוד התשיעי - נצחיות התורה,28-Feb-17,עברית,https://www.youtube.com/watch?v=yn5LYtV2qpQ
963,שלש עשרה עיקרים,היסוד התשיעי,,היסוד התשיעי - נצחיות התורה,25-Feb-20,עברית,https://www.youtube.com/watch?v=VY_qoHuSHQQ
964,פילוסופיה יהודית,אסטרולוגיה ויהדות,,אסטרולוגיה ויהדות,11-Feb-14,עברית,https://www.youtube.com/watch?v=qaC1hnsb3Es
965,פילוסופיה יהודית,אסטרולוגיה ויהדות,,אסטרולוגיה ויהדות - אין מזל לישראל,25-Aug-15,עברית,https://www.youtube.com/watch?v=8RSAXk2HzuI
966,פילוסופיה יהודית,אסטרולוגיה ויהדות,,אסטרולוגיה ויהדות,19-May-16,עברית,https://www.youtube.com/watch?v=fC8PRtE2dpU
967,פילוסופיה יהודית,אסטרולוגיה ויהדות,,אין מזל לישראל,3-Jul-18,עברית,https://www.youtube.com/watch?v=KZjMCg7FWQA
968,פילוסופיה יהודית,גלות ה - ״ערב רב״,,גלות ה - ״ערב רב״ 1 - חלק א׳,9-May-19,עברית,https://www.youtube.com/watch?v=XXScCm1PUWA
969,פילוסופיה יהודית,גלות ה - ״ערב רב״,,גלות ה- ״ערב רב״ 2 - חלק ב׳,16-May-19,עברית,https://www.youtube.com/watch?v=b9U1w85O5Ac
970,פילוסופיה יהודית,גלות ה - ״ערב רב״,,גלות ה- ״ערב רב״ 3 - חלק ג׳,13-Jun-19,עברית,https://www.youtube.com/watch?v=frX7E2opz_Q
971,פילוסופיה יהודית,גלות ה - ״ערב רב״,,גלות ה- ״ערב רב״ 4 - חלק ד׳,20-Jun-19,עברית,https://www.youtube.com/watch?v=v6mQTQucbxA
972,פילוסופיה יהודית,גלות ה - ״ערב רב״,,גלות ה- ״ערב רב״ 5 - חלק ה׳ - שופטים ושוטרים רעים,4-Jul-19,עברית,https://www.youtube.com/watch?v=Q9M_z96TERI
973,פילוסופיה יהודית,גלות ה - ״ערב רב״,,גלות ה- ״ערב רב״ 6 - חלק ו׳ - הקשיים של חבלי משיח,11-Jul-19,עברית,https://www.youtube.com/watch?v=5rm3HRngSpg
974,פילוסופיה יהודית,גלות ה - ״ערב רב״,,גלות ה- ״ערב רב״ 7 - חלק ז׳ - האתגרים והניסיונות,18-Jul-19,עברית,https://www.youtube.com/watch?v=nk0OTBJjehg
975,פילוסופיה יהודית,בחירה החפשית,,ידיעה ובחירה - הבחירה החפשית וידיעתו המוחלטת של הבורא,5-Feb-14,עברית,https://www.youtube.com/watch?v=L6fJ8QEDXmc
976,פילוסופיה יהודית,בחירה החפשית,,הבחירה החפשית - חומר ורוח,14-May-15,עברית,https://www.youtube.com/watch?v=f0YzWKQ1RZg
977,פילוסופיה יהודית,בחירה החפשית,,בחירה חופשית בפילוסופיה היהודית - חלק א,25-Jul-19,אנגלית,https://www.youtube.com/watch?v=b_NZvqOzboQ
978,פילוסופיה יהודית,בחירה החפשית,,בחירה חופשית בפילוסופיה היהודית - חלק ב,1-Aug-19,אנגלית,https://www.youtube.com/watch?v=IWhaxsIck08
979,פילוסופיה יהודית,בחירה החפשית,,בחירה חופשית בפילוסופיה היהודית - חלק ג,8-Aug-19,אנגלית,https://www.youtube.com/watch?v=98FE38hL_eg
980,פילוסופיה יהודית,בחירה החפשית,,בחירה חופשית,28-Feb-19,אנגלית,https://www.youtube.com/watch?v=ewynVAv0bKY
981,פילוסופיה יהודית,בחירה החפשית,,בחירה חופשית,16-Feb-20,עברית,https://www.youtube.com/watch?v=fLE6kSoslls
982,פילוסופיה יהודית,בחירה החפשית,,ידיעה ובחירה - הסתירה לכאורה בין הידיעה האלוקית לבחירת האדם,28-Dec-25,עברית,https://www.youtube.com/watch?v=iP0pxyO1cRY
983,פילוסופיה יהודית,נבואות שהתגשמו,,נבואות שהתגשמו - בית שני והגלות הכללית,28-May-15,עברית,https://www.youtube.com/watch?v=oE6LsEyu1-w
984,פילוסופיה יהודית,נבואות שהתגשמו,,נבואות שהתגשמו,3-Aug-15,אנגלית,https://www.youtube.com/watch?v=x4qd2ml2C6g
985,פילוסופיה יהודית,ההיסטוריה על פי היהדות,,ההיסטוריה על פי היהדות - שיעור מספר 1 - ״מאדם עד נח״,31-May-18,עברית,https://www.youtube.com/watch?v=5936PPsOor8
986,פילוסופיה יהודית,ההיסטוריה על פי היהדות,,ההיסטוריה על פי היהדות - שיעור מספר 2 - ״מנח ועד אברהם״,7-Jun-18,עברית,https://www.youtube.com/watch?v=jT2XPg74FDs
987,פילוסופיה יהודית,ההיסטוריה על פי היהדות,,ההיסטוריה על פי היהדות - שיעור מספר 3 - תקופת האבות - אברהם אבינו,14-Jun-18,עברית,https://www.youtube.com/watch?v=AGe5WlzyO3Q
988,פילוסופיה יהודית,ההיסטוריה על פי היהדות,,ההיסטוריה על פי היהדות - שיעור מספר 4 - תקופת האבות - ההבטחה על העם והארץ,21-Jun-18,עברית,https://www.youtube.com/watch?v=JEQXw4Ami-Q
989,פילוסופיה יהודית,ההיסטוריה על פי היהדות,,ההיסטוריה על פי היהדות - שיעור מספר 5 - יעקב ועשו,28-Jun-18,עברית,https://www.youtube.com/watch?v=2qKMd__i8Rw
990,פילוסופיה יהודית,ההיסטוריה על פי היהדות,,ההיסטוריה על פי היהדות - שיעור מספר 6 - השבטים יהודה ויוסף,9-Jul-18,עברית,https://www.youtube.com/watch?v=tquNZRBY8yc
991,פילוסופיה יהודית,הומניזם ויהדות,,הומניזם ויהדות - חלק א,3-Nov-15,עברית,https://www.youtube.com/watch?v=L8OfiKX6-y8
992,פילוסופיה יהודית,הומניזם ויהדות,,הומניזם ויהדות - חלק ב,10-Nov-15,עברית,https://www.youtube.com/watch?v=hMT8VRQ5l_g
993,פילוסופיה יהודית,הומניזם ויהדות,,הומניזם ויהדות - חלק ג,24-Nov-15,עברית,https://www.youtube.com/watch?v=kOqmyuXbPEs
994,פילוסופיה יהודית,הומניזם ויהדות,,הומניזם ויהדות - חלק ד,1-Dec-15,עברית,https://www.youtube.com/watch?v=L63JZ9KcIFw
995,פילוסופיה יהודית,תורת הקבלה,,מקורה ואופן העברתה של תורת הקבלה - חלק א,5-May-15,עברית,https://www.youtube.com/watch?v=TddFjRYQgQA
996,פילוסופיה יהודית,תורת הקבלה,,מקורה ואופן העברתה של תורת הקבלה - חלק ב,12-May-15,עברית,https://www.youtube.com/watch?v=izrxj7-xr9A
997,פילוסופיה יהודית,תורת הקבלה,,מקורה ואופן העברתה של תורת הקבלה - חלק ג,3-Jun-15,עברית,https://www.youtube.com/watch?v=IK1kIXqZ23U
998,פילוסופיה יהודית,תורת הקבלה,,מקורה ואופן העברתה של תורת הקבלה - חלק ד,9-Jun-15,עברית,https://www.youtube.com/watch?v=GL8FQLW1CSU
999,פילוסופיה יהודית,תורת הקבלה,,רבי שמעון בר יוחאי ותורת הקבלה,24-May-16,עברית,https://www.youtube.com/watch?v=QtRWz6CnYOI
1000,פילוסופיה יהודית,תורת הקבלה,,מקומה של הקבלה במבנה הכללי של התורה,30-Apr-18,עברית,https://www.youtube.com/watch?v=ER6gYCO2BrY
1001,פילוסופיה יהודית,תורת הקבלה,,״רבי שמעון בר יוחאי ורובד הסוד בתורה״,1-May-18,עברית,https://www.youtube.com/watch?v=fabeVgshKck
1002,פילוסופיה יהודית,תורת הקבלה,,"ה""סוד״ שבתורת הקבלה",9-May-23,עברית,https://www.youtube.com/watch?v=LOfT0B0fKxI
1003,פילוסופיה יהודית,תורה שבעל פה,,תורה שבעל פה ניתנה למשה בסיני - חלק א,10-Jan-17,עברית,https://www.youtube.com/watch?v=_7QwXr51ES0
1004,פילוסופיה יהודית,תורה שבעל פה,,תורה שבעל פה ניתנה למשה בסיני - חלק ב,17-Jan-17,עברית,https://www.youtube.com/watch?v=JJVWGhuS_gQ
1005,פילוסופיה יהודית,תורה שבעל פה,,תורה שבעל פה ניתנה למשה בסיני - חלק ג,26-Jan-17,עברית,https://www.youtube.com/watch?v=6I4hiZQaclc
1006,פילוסופיה יהודית,תורה שבעל פה,,תורה שבעל פה ניתנה למשה בסיני - חלק ד,31-Jan-17,עברית,https://www.youtube.com/watch?v=cihu1uOBpoo
1007,פילוסופיה יהודית,תורה שבעל פה,,תורה שבעל פה ניתנה למשה בסיני - חלק ה,7-Feb-17,עברית,https://www.youtube.com/watch?v=wP-o0J-q72o
1008,פילוסופיה יהודית,תורה שבעל פה,,תורה שבעל פה משמים,22-Jul-18,עברית,https://www.youtube.com/watch?v=sDBL1BvtU50
1009,פילוסופיה יהודית,תורה שבעל פה,,תורה שבכתב ותורה שבעל פה ניתנו משמים,27-Jun-23,עברית,https://www.youtube.com/watch?v=tTv-AC_6_TQ
1010,פילוסופיה יהודית,תורה שבעל פה,,תורה שבכתב ותורה שבעל פה משמים,15-Sep-25,עברית,https://www.youtube.com/watch?v=0B6K_ZHdgo8
1011,פילוסופיה יהודית,עוד,,חומר ורוח - הדילמה המוסרית,26-Jan-14,עברית,https://www.youtube.com/watch?v=Pn3KinQ4pv8
1012,פילוסופיה יהודית,עוד,,הבנת מהי הגלות,30-Jul-14,אנגלית,https://www.youtube.com/watch?v=JOfbq8VFS38
1013,פילוסופיה יהודית,עוד,,נושאי הלפיד,11-Aug-14,אנגלית,https://www.youtube.com/watch?v=J0BviRgUiPE
1014,פילוסופיה יהודית,עוד,,שמות אבות האומה היהודית,10-Sep-14,עברית,https://www.youtube.com/watch?v=_8Mr5oz1FEY
1015,פילוסופיה יהודית,עוד,,עשרת הדיברות,28-May-15,עברית,https://www.youtube.com/watch?v=h2s0iU9GAu8
1016,פילוסופיה יהודית,עוד,,משיח בן דוד והנחש הקדמוני,14-Jul-15,עברית,https://www.youtube.com/watch?v=jK-nVjTMSiY
1017,פילוסופיה יהודית,עוד,,החטא והקילקול והכפרה והתיקון,6-Aug-15,עברית,https://www.youtube.com/watch?v=cU-FdyxPBbg
1018,פילוסופיה יהודית,עוד,,קבלת מלכות השם,26-Aug-15,אנגלית,https://www.youtube.com/watch?v=bacPvvv2D1c
1019,פילוסופיה יהודית,עוד,,משמעות החיים,20-Nov-15,עברית,https://www.youtube.com/watch?v=GrFj6KvD90M
1020,פילוסופיה יהודית,עוד,,כל אחד והאמת שלו,20-Dec-15,עברית,https://www.youtube.com/watch?v=7BpOoVQ6cwc
1021,פילוסופיה יהודית,עוד,,"""מוסריות"" ליברלית שקרית וקטלנית",29-Mar-16,עברית,https://www.youtube.com/watch?v=QlBvNPbJN-8
1022,פילוסופיה יהודית,עוד,,האדם והעולם,28-Mar-16,עברית,https://www.youtube.com/watch?v=BkQbNDuaRbU
1023,פילוסופיה יהודית,עוד,,יציאת מצרים בדורנו,19-Apr-16,עברית,https://www.youtube.com/watch?v=Wb3b8fme4VE
1024,פילוסופיה יהודית,עוד,,"""כבוד האדם"" - והאבלות על מותם של תלמידי רבי עקיבא",20-May-16,עברית,https://www.youtube.com/watch?v=17at_To7mYQ
1025,פילוסופיה יהודית,עוד,,דוד המלך ורות המואביה,17-Jun-16,עברית,https://www.youtube.com/watch?v=cfyzpOhBVQc
1026,פילוסופיה יהודית,עוד,,מצעד התאוה - סדום ועמורה בירושלים עיר הקודש,21-Jul-16,עברית,https://www.youtube.com/watch?v=uYEQVRD4f9g
1027,פילוסופיה יהודית,עוד,,"?למה אנחנו נקראים ""יהודים""",16-Aug-16,עברית,https://www.youtube.com/watch?v=1qDqTsz-q9s
1028,פילוסופיה יהודית,עוד,,?האם לקחת מזל ברצינות,22-Nov-16,אנגלית,https://www.youtube.com/watch?v=okeYMRAnjw8
1029,פילוסופיה יהודית,עוד,,"""פתי מאמין לכל דבר"" , האם זה רציונלי להאמין",8-Jan-17,עברית,https://www.youtube.com/watch?v=PVtp-ZUEuUc
1030,פילוסופיה יהודית,עוד,,"אקטואליה לאור התנ""ך - האמת הלא מושמעת על השואה וסיבותיה",24-Apr-17,עברית,https://www.youtube.com/watch?v=25s_2wUJI7s
1031,פילוסופיה יהודית,עוד,,מציאות הבורא,4-Jun-17,עברית,https://www.youtube.com/watch?v=9b0e-6D8WpU
1032,פילוסופיה יהודית,עוד,,מי הוא יהודי,4-Jun-17,עברית,https://www.youtube.com/watch?v=MvoazLp6w2w
1033,פילוסופיה יהודית,עוד,,עבודה זרה בעידן המודרני,23-Jun-17,עברית,https://www.youtube.com/watch?v=aQBYGT9hTDo
1034,פילוסופיה יהודית,עוד,,עבודה זרה בעידן המודרני,19-Jun-17,אנגלית,https://www.youtube.com/watch?v=pidlqIvxKjk
1035,פילוסופיה יהודית,עוד,,מה זה אילוי נשמה,20-Nov-17,אנגלית,https://www.youtube.com/watch?v=sGMaN0zJrYI
1036,פילוסופיה יהודית,עוד,,"""אמת"" - המציאות האמיתית",1-Dec-17,אנגלית,https://www.youtube.com/watch?v=IVRQ8SHriNY
1037,פילוסופיה יהודית,עוד,,?״כל אחד ואמת שלו״ - האמנם ? מהי ״אמת״,25-Dec-17,עברית,https://www.youtube.com/watch?v=Rat-1pZnOew
1038,פילוסופיה יהודית,עוד,,ביאור עומק המושג ״אמונה״ ביהדות,29-May-18,עברית,https://www.youtube.com/watch?v=8bgmp6EsmQE
1039,פילוסופיה יהודית,עוד,,סוד נצחיותו של העם היהודי,17-Jul-18,עברית,https://www.youtube.com/watch?v=yo6T2ZJGjIc
1040,פילוסופיה יהודית,עוד,,איסור כישוף ודרישה אל המתים,19-Aug-18,עברית,https://www.youtube.com/watch?v=4DvLlf9ZY4A
1041,פילוסופיה יהודית,עוד,,"2 יהודים, 3 דעות: מדוע הרבנים חלוקים כל כך לעתים קרובות",20-Aug-18,אנגלית,https://www.youtube.com/watch?v=o3eob5OAs5I
1042,פילוסופיה יהודית,עוד,,שם האדם הוא יעוד נשמתו בעולם,28-Aug-18,עברית,https://www.youtube.com/watch?v=12OoJoAkS1Q
1043,פילוסופיה יהודית,עוד,,חכמת האדם לעומת חכמת השם,12-Feb-19,אנגלית,https://www.youtube.com/watch?v=VgOTlxHiX-M
1044,פילוסופיה יהודית,עוד,,איפה היה אלוקים בשואה,2-May-19,עברית,https://www.youtube.com/watch?v=7_xR3mYDmAA
1045,פילוסופיה יהודית,עוד,,חנוכת בית,30-Apr-19,עברית,https://www.youtube.com/watch?v=loEUpKTA93M
1046,פילוסופיה יהודית,עוד,,?מי הוא יהודי? ומה היא יהדות,25-Oct-19,עברית,https://www.youtube.com/watch?v=vJoAq05M0yE
1047,פילוסופיה יהודית,עוד,,?האם כל בני האדם שווים,5-Dec-19,עברית,https://www.youtube.com/watch?v=JCujdz_4gPY
1048,פילוסופיה יהודית,עוד,,השגחה פרטית - הכל לטובה,28-Nov-19,עברית,https://www.youtube.com/watch?v=PFQVRAH2FPE
1049,פילוסופיה יהודית,עוד,,מציאות הבורא,13-Jan-20,עברית,https://www.youtube.com/watch?v=DqoouAAD078
1050,פילוסופיה יהודית,עוד,,סינת חינם: מה מגדיר שנאה לא מוצדקת?,12-Jul-21,אנגלית,https://www.youtube.com/watch?v=12w7QA6q0JM
1051,פילוסופיה יהודית,עוד,,?״זהות יהודית״ - העם היהודי - לאן,11-Aug-21,עברית,https://www.youtube.com/watch?v=86oalyazmOo
1052,פילוסופיה יהודית,עוד,,כח הדיבור,12-Aug-21,עברית,https://www.youtube.com/watch?v=3Ai88xWHc7k
1053,פילוסופיה יהודית,עוד,,ההתגלות בסיני,21-Apr-23,אנגלית,https://www.youtube.com/watch?v=peO_us28sPY
1054,פילוסופיה יהודית,עוד,,?מעמד הר סיני - מה היה שם,25-May-23,עברית,https://www.youtube.com/watch?v=E_6V-2ccr7E
1055,פילוסופיה יהודית,עוד,,מח ולב - כח המחשבה,29-Jun-23,עברית,https://www.youtube.com/watch?v=ll9irWMimxE
1056,פילוסופיה יהודית,עוד,,מה באמת שומר על עם ישראל,2-Jul-23,עברית,https://www.youtube.com/watch?v=zc7v7PGeHLg
1057,פילוסופיה יהודית,עוד,,?מותה של הדמוקרטיה - מה הלאה,5-Jul-23,אנגלית,https://www.youtube.com/watch?v=88lzE2LqMIc
1058,פילוסופיה יהודית,עוד,,עמידה באתגרי התקופה,10-Aug-23,עברית,https://www.youtube.com/watch?v=cwak-Q7q_5k
1059,פילוסופיה יהודית,עוד,,שופר,24-Aug-23,אנגלית,https://www.youtube.com/watch?v=PhJvCJrWWuQ
1060,פילוסופיה יהודית,עוד,,ארבע הגלויות - ״גלות״ וגהינום״ - העדר המציאות,5-Dec-23,עברית,https://www.youtube.com/watch?v=vO3Vc51jwb4
1061,פילוסופיה יהודית,עוד,,שם האדם הוא היעוד של נשמתו,10-Apr-24,עברית,https://www.youtube.com/watch?v=vxaht5nim_8
1062,פילוסופיה יהודית,עוד,,כבוד האדם,14-May-24,עברית,https://www.youtube.com/watch?v=Ktza5NTdVfo
1063,פילוסופיה יהודית,עוד,,המשמעות של קבלת התורה בהר הסיני,23-May-24,אנגלית,https://www.youtube.com/watch?v=gbMtrlMqp9o
1064,פילוסופיה יהודית,עוד,,מתן תורה בהר סיני - מה באמת קרה שם?,28-May-24,אנגלית,https://www.youtube.com/watch?v=L4FX7xdLqd8
1065,פילוסופיה יהודית,עוד,,״זהות יהודית״ בגולה,9-Dec-24,עברית,https://www.youtube.com/watch?v=WUHokFvhR8Y
1066,פילוסופיה יהודית,עוד,,"""זהות יהודית"" - בזמן המודרני",19-Mar-25,עברית,https://www.youtube.com/watch?v=W3LbuGmx2rA
1067,פילוסופיה יהודית,עוד,,"סדרת ""יסודות היהדות"" א . רציונליות ואמונה - סתירה או השלמה",4-Jul-25,עברית,https://www.youtube.com/watch?v=zd0X8wVoCDI
1068,פילוסופיה יהודית,עוד,,"סדרת ""יסודות היהדות"" ב . ""הבחירה החופשית״",11-Jul-25,עברית,https://www.youtube.com/watch?v=-biHf8VWST4
1069,פילוסופיה יהודית,עוד,,מירוץ העברת הלפיד - הנצחת מעמד הר סיני,18-Dec-25,עברית,https://www.youtube.com/watch?v=hx4qogjG1dE
1070,פילוסופיה יהודית,עוד,,הבחירה החופשית - עיקרון יסוד ביהדות,24-Dec-25,עברית,https://www.youtube.com/watch?v=K0lTH-kLYZc
1071,פילוסופיה יהודית,עוד,,זהות יהודית ואנטישמיות,28-Jan-26,עברית,https://www.youtube.com/watch?v=RBOG7uSwiFk
1072,פילוסופיה יהודית,עוד,,הוכחה שהתורה אותנטית כפי שקיבלנו אותה מהר סיני - חלק א',28-Apr-26,אנגלית,https://www.youtube.com/watch?v=3DeIw64yAsA
1073,פילוסופיה יהודית,עוד,,הוכחה שהתורה אותנטית כפי שקיבלנו אותה מהר סיני - חלק ב,28-Apr-26,אנגלית,https://www.youtube.com/watch?v=EEaC8um3wes
1074,פילוסופיה יהודית,עוד,,״זהות יהודית״ - מהי יהדות ? ומי הוא יהודי ?,24-Jun-26,עברית,https://www.youtube.com/watch?v=4xkOr2jfSWQ
1075,פילוסופיה יהודית,רציונליות ואמונה,,רציונליות ואמונה,16-May-14,עברית,https://www.youtube.com/watch?v=_TX31oDGRTY
1076,פילוסופיה יהודית,רציונליות ואמונה,,רציונליות ואמונה,1-Nov-14,אנגלית,https://www.youtube.com/watch?v=AQA4anLssQQ
1077,פילוסופיה יהודית,רציונליות ואמונה,,רציונליות ואמונה ביהדות,24-Jan-14,אנגלית,https://www.youtube.com/watch?v=7DVRj7wXMrI
1078,פילוסופיה יהודית,רציונליות ואמונה,,רציונליות ואמונה,20-Dec-15,עברית,https://www.youtube.com/watch?v=X_QxyteBZIs
1079,פילוסופיה יהודית,רציונליות ואמונה,,רציונליות ואמונה,20-Dec-15,אנגלית,https://www.youtube.com/watch?v=X5zBLptCyWs
1080,פילוסופיה יהודית,רציונליות ואמונה,,רציונליות ואמונה 2,6-Jan-16,אנגלית,https://www.youtube.com/watch?v=CexOLuE-6BQ
1081,פילוסופיה יהודית,רציונליות ואמונה,,?האם האמונה היהודית היא רציונלית,3-Jun-17,עברית,https://www.youtube.com/watch?v=reDGOCKCTxs
1082,פילוסופיה יהודית,רציונליות ואמונה,,רציונליות ואמונה,6-Feb-18,אנגלית,https://www.youtube.com/watch?v=pr2bDoBJOE4
1083,פילוסופיה יהודית,רציונליות ואמונה,,רציונליות ואמונה ביהדות,29-May-18,אנגלית,https://www.youtube.com/watch?v=XiE40k3JR_I
1084,פילוסופיה יהודית,רציונליות ואמונה,,רציונליות ואמונה (מורחב) חלק א׳,30-Aug-18,עברית,https://www.youtube.com/watch?v=ESQ7C7vWhPE
1085,פילוסופיה יהודית,רציונליות ואמונה,,רציונליות ואמונה (מורחב) חלק ב׳,5-Sep-18,עברית,https://www.youtube.com/watch?v=TwvnxYd3w_k
1086,פילוסופיה יהודית,רציונליות ואמונה,,?רציונליות ואמונה - האם זה רציונלי להאמין,15-Dec-19,עברית,https://www.youtube.com/watch?v=bj3FcYvoAa4
1087,פילוסופיה יהודית,רציונליות ואמונה,,"אמונה- ""רציונליות או אמונה - סתירה או השלמה""",29-Jan-25,אנגלית,https://www.youtube.com/watch?v=1dljtVV9eX8
1088,פילוסופיה יהודית,רציונליות ואמונה,,"רציונאליות ואמונה - גישה רציונאלית למושג ""אמונה"" על פי היהדות",27-Feb-25,עברית,https://www.youtube.com/watch?v=SmUFUdzXd2k
1089,פילוסופיה יהודית,רציונליות ואמונה,,מי שמאמין לא מפחד - כוחה של אמונה,21-Mar-25,עברית,https://www.youtube.com/watch?v=vMphziolm_E
1090,פילוסופיה יהודית,תחיית המתים/החיים לאור המוות,,גוף ונשמה - החיים לאחר המוות,9-Mar-14,אנגלית,https://www.youtube.com/watch?v=3VMrAPRg3R8
1091,פילוסופיה יהודית,תחיית המתים/החיים לאור המוות,,תחיית המתים ותכלית החיים,26-Dec-14,עברית,https://www.youtube.com/watch?v=xWASQ69uszg
1092,פילוסופיה יהודית,תחיית המתים/החיים לאור המוות,,גוף ונשמה - החיים לאחר המוות,20-Aug-15,עברית,https://www.youtube.com/watch?v=g2eDaN97R4Q
1093,פילוסופיה יהודית,תחיית המתים/החיים לאור המוות,,החיים לאור המוות,13-Nov-15,עברית,https://www.youtube.com/watch?v=kuNlrZSzXN0
1094,פילוסופיה יהודית,תחיית המתים/החיים לאור המוות,,גילגול נשמה ביהדות,22-May-16,עברית,https://www.youtube.com/watch?v=96bJPEc0klw
1095,פילוסופיה יהודית,תחיית המתים/החיים לאור המוות,,גוף ונשמה - האם יש חיים לאחר המוות,2-Dec-16,עברית,https://www.youtube.com/watch?v=DXBz7voltpI
1096,פילוסופיה יהודית,תחיית המתים/החיים לאור המוות,,גילגול נשמה ביהדות,28-Mar-19,אנגלית,https://www.youtube.com/watch?v=c14na2yo5vY
1097,פילוסופיה יהודית,תחיית המתים/החיים לאור המוות,,טעמי המצוות וסוד תחיית המתים,17-May-19,עברית,https://www.youtube.com/watch?v=0CfqbHCxOVo
1098,פילוסופיה יהודית,תחיית המתים/החיים לאור המוות,,גוף ונשמה - החיים לאחר המוות,26-Jan-22,עברית,https://www.youtube.com/watch?v=yz5M5go0vJM
1099,פילוסופיה יהודית,צדיק ורע לו רשע וטוב לו,,צדיק ורע לו רשע וטוב לו,10-Nov-14,עברית,https://www.youtube.com/watch?v=FhTX6G0vjFY
1100,פילוסופיה יהודית,צדיק ורע לו רשע וטוב לו,,צדיק ורע לו רשע וטוב לו - הכל לטובה,11-Mar-15,עברית,https://www.youtube.com/watch?v=lYLTM7E1SD4
1101,פילוסופיה יהודית,צדיק ורע לו רשע וטוב לו,,"'צדיק ורע לו , רשע וטוב לו - חלק א",6-Aug-20,עברית,https://www.youtube.com/watch?v=7j2vhqYpTD8
1102,פילוסופיה יהודית,צדיק ורע לו רשע וטוב לו,,"'צדיק ורע לו , רשע וטוב לו - חלק ב",13-Aug-20,עברית,https://www.youtube.com/watch?v=BeonFnxdBcw
1103,פילוסופיה יהודית,צדיק ורע לו רשע וטוב לו,,"'צדיק ורע לו , רשע וטוב לו - חלק ג",20-Aug-20,עברית,https://www.youtube.com/watch?v=LwlHtYHfqtU
1104,פילוסופיה יהודית,צדיק ורע לו רשע וטוב לו,,"'צדיק ורע לו , רשע וטוב לו - חלק ד",27-Aug-20,עברית,https://www.youtube.com/watch?v=SuT4mubiqgg
1105,פילוסופיה יהודית,צדיק ורע לו רשע וטוב לו,,"'צדיק ורע לו , רשע וטוב לו - חלק ה",3-Sep-20,עברית,https://www.youtube.com/watch?v=Y7FbQy1GUIc
1106,פילוסופיה יהודית,התשובה,,התשובה - תיקון רטרואקטיבי,17-Sep-14,עברית,https://www.youtube.com/watch?v=LlGfRefdsco
1107,פילוסופיה יהודית,התשובה,,התשובה - תיקון רטרואקטיבי,17-Aug-15,אנגלית,https://www.youtube.com/watch?v=Yq3vc2HTmlg
1108,פילוסופיה יהודית,התשובה,,"הלכות ""תשובה"" - השקפה+תכנית מעשית - שעור ראשון",13-Aug-15,עברית,https://www.youtube.com/watch?v=Gz8McKBSJHw
1109,פילוסופיה יהודית,התשובה,,"הלכות ""תשובה"" - השקפה+תכנית מעשית - שעור שני",17-Aug-15,עברית,https://www.youtube.com/watch?v=4hBRXBrUphI
1110,פילוסופיה יהודית,התשובה,,"הלכות ""תשובה"" - השקפה+תכנית מעשית - שעור שלישי",19-Aug-15,עברית,https://www.youtube.com/watch?v=vJ4JZkp6Sns
1111,פילוסופיה יהודית,התשובה,,כוחה של תשובה - תשובת מנשה מלך יהודה,24-Aug-15,עברית,https://www.youtube.com/watch?v=wYxR7KlM7bQ
1112,פילוסופיה יהודית,התשובה,,התשובה - תיקון רטרואקטיבי - חלק ראשון,7-Sep-15,עברית,https://www.youtube.com/watch?v=2jo29zLoh_0
1113,פילוסופיה יהודית,התשובה,,התשובה - תיקון רטרואקטיבי - חלק שני,10-Sep-15,עברית,https://www.youtube.com/watch?v=a2Fhc9s9Sj8
1114,פילוסופיה יהודית,התשובה,,המשמעות הפסיכולוגית של ה״וידוי״ בתהליך ה״תשובה״,28-Aug-18,עברית,https://www.youtube.com/watch?v=t44LtwB83II
1115,פילוסופיה יהודית,התשובה,,ה״תשובה״ - ״מודעות״ ו״לקיחת אחריות״,13-Sep-18,עברית,https://www.youtube.com/watch?v=Ap7hgjL-_QY
1116,פילוסופיה יהודית,התשובה,,כוחה של ״תשובה מאהבה״,17-Sep-18,עברית,https://www.youtube.com/watch?v=_fU77MBi7nU
1117,פילוסופיה יהודית,התשובה,,כוחה של ״תשובה״ -״אין דבר העומד בפני התשובה״,21-Aug-18,עברית,https://www.youtube.com/watch?v=8yzmU_sqQPg
1118,פילוסופיה יהודית,התשובה,,מדריך לתהליך הנכון והבריא לתשובה,23-Sep-20,אנגלית,https://www.youtube.com/watch?v=LVmirfjkxYE
1119,פילוסופיה יהודית,התשובה,,סוד כוחה של ה״תשובה״,14-Sep-21,עברית,https://www.youtube.com/watch?v=ETZ6j7qyu-4
1120,פילוסופיה יהודית,התשובה,,עשרת ימי תשובה - ״אין דבר העומד בפני התשובה״,19-Sep-23,עברית,https://www.youtube.com/watch?v=qiJhRTPJd8Y
1121,פילוסופיה יהודית,התשובה,,התשובה תיקון רטרואקטיבי,9-Oct-24,עברית,https://www.youtube.com/watch?v=Z632y5OPz7w
1122,פילוסופיה יהודית,חטא אדם הראשון,,"חטא אדם הראשון , עץ הדעת טוב ורע",17-Dec-15,עברית,https://www.youtube.com/watch?v=S_jsLvMjzIE
1123,פילוסופיה יהודית,חטא אדם הראשון,,חטא אדם הראשון - חלק א,6-Mar-18,עברית,https://www.youtube.com/watch?v=7jCXeWnVnSs
1124,פילוסופיה יהודית,חטא אדם הראשון,,חטא אדם הראשון - חלק ב׳,17-Apr-18,עברית,https://www.youtube.com/watch?v=AGS6nWHFf9Y
1125,פילוסופיה יהודית,חטא אדם הראשון,,חטא אדם הראשון - חלק ג׳,17-Apr-18,עברית,https://www.youtube.com/watch?v=3CRZGRNbMmQ
1126,פילוסופיה יהודית,חטא אדם הראשון,,חטא אדם הראשון - חלק ד׳,23-Apr-18,עברית,https://www.youtube.com/watch?v=VC844n2A-UY
1127,פילוסופיה יהודית,חטא אדם הראשון,,חטא אדם הראשון - חלק ה׳,1-May-18,עברית,https://www.youtube.com/watch?v=ow6yrmnb66o
1128,פילוסופיה יהודית,המצוות,,טעמי המצוות,17-Jun-16,עברית,https://www.youtube.com/watch?v=PUsC8YMVqKo
1129,פילוסופיה יהודית,המצוות,,המצוות - קדש את החומר,20-Feb-17,אנגלית,https://www.youtube.com/watch?v=GC6dopz5ii0
1130,פילוסופיה יהודית,המצוות,,טעמי המצוות,6-Mar-17,עברית,https://www.youtube.com/watch?v=a8hIEYVJIjw
1131,פילוסופיה יהודית,המצוות,,המצוות - מתכון מושלם להתפתחות עצמית,2-Jan-18,אנגלית,https://www.youtube.com/watch?v=viJIXnArfSs
1132,פילוסופיה יהודית,המצוות,,טעמי המצוות וסוד הגלגול,17-May-19,עברית,https://www.youtube.com/watch?v=0CfqbHCxOVo
1133,פילוסופיה יהודית,המצוות,,?תזכה למצוות - מהי ה״זכות״ הגדולה,12-Jan-20,עברית,https://www.youtube.com/watch?v=wEiIyo_2C2g
1134,פילוסופיה יהודית,המצוות,,?למה צריכים את המצוות כדי להיות יהודים,26-Jan-22,אנגלית,https://www.youtube.com/watch?v=kIltAtww_kI
1135,פילוסופיה יהודית,תכלית האדם/הבריאה,,מהי תכלית האדם בעולם ? - חלק א,10-Jul-14,עברית,https://www.youtube.com/watch?v=vee3pe8Okrc
1136,פילוסופיה יהודית,תכלית האדם/הבריאה,,מהי תכלית האדם בעולם ? - חלק ב,17-Jul-14,עברית,https://www.youtube.com/watch?v=n5BDI6FKhBI
1137,פילוסופיה יהודית,תכלית האדם/הבריאה,,מהי תכלית האדם בעולם ? - חלק ג,27-Jul-14,עברית,https://www.youtube.com/watch?v=mh5jzeXazA4
1138,פילוסופיה יהודית,תכלית האדם/הבריאה,,תכלית הבריאה על פי תורת הקבלה,30-May-15,עברית,https://www.youtube.com/watch?v=vr3Sz1M8voM
1139,פילוסופיה יהודית,תכלית האדם/הבריאה,,מה היא תכלית האדם בעולם,27-Apr-17,עברית,https://www.youtube.com/watch?v=1O3DfJYn0K0
1140,פילוסופיה יהודית,תכלית האדם/הבריאה,,תכלית האדם בעולם,5-Dec-17,עברית,https://www.youtube.com/watch?v=081U_DZqQ9c
1141,פילוסופיה יהודית,תכלית האדם/הבריאה,,תכלית האדם בעולם,19-Nov-19,עברית,https://www.youtube.com/watch?v=smVl2RLFCCg
1142,פילוסופיה יהודית,תכלית האדם/הבריאה,,תכלית הבריאה על פי תורת הקבלה,22-Jan-23,עברית,https://www.youtube.com/watch?v=ltwLq0O5ipk
1143,פילוסופיה יהודית,מעמד האשה,,מעמד האשה ביהדות,25-Apr-17,עברית,https://www.youtube.com/watch?v=o7q6C_1urLo
1144,פילוסופיה יהודית,מעמד האשה,,מעמד האשה ביהדות - חלק א׳,26-Nov-19,עברית,https://www.youtube.com/watch?v=9CC2qiFVWRw
1145,פילוסופיה יהודית,מעמד האשה,,מעמד האשה ביהדות - חלק ב׳,17-Dec-19,עברית,https://www.youtube.com/watch?v=1FEiGIuuAeE
1146,פילוסופיה יהודית,מעמד האשה,,מעמד האשה ביהדות - חלק א׳,9-Jan-20,אנגלית,https://www.youtube.com/watch?v=eKVdVLgWixY
1147,פילוסופיה יהודית,מעמד האשה,,מעמד האשה ביהדות - חלק ב׳,16-Jan-20,אנגלית,https://www.youtube.com/watch?v=84FMVQd_NYY
1148,פילוסופיה יהודית,מעמד האשה,,מעמד האשה ביהדות - חלק ג׳,23-Jan-20,אנגלית,https://www.youtube.com/watch?v=gbq7n-JK_JM
1149,פילוסופיה יהודית,מעמד האשה,,מעמד האשה ביהדות - חלק ד׳,30-Jan-20,אנגלית,https://www.youtube.com/watch?v=Z0FpC8YrYIw
1150,פילוסופיה יהודית,מעמד האשה,,מעמד האשה ביהדות - חלק ה׳,5-Feb-20,אנגלית,https://www.youtube.com/watch?v=sj8_U4fuxP4
1151,מודעות עצמית,גוף ונשמה,,הדילמה המוסרית - גוף ונשמה,15-Aug-14,אנגלית,https://www.youtube.com/watch?v=eUBhPdvf4ds
1152,מודעות עצמית,גוף ונשמה,,גוף ונשמה - השארות הנפש,26-Nov-14,עברית,https://www.youtube.com/watch?v=LfYey4zitZ4
1153,מודעות עצמית,גוף ונשמה,,גוף ונשמה,30-Apr-15,עברית,https://www.youtube.com/watch?v=OA0QkidDxiw
1154,מודעות עצמית,גוף ונשמה,,הסכסוך הפנימי גוף ונשמה,3-Feb-16,אנגלית,https://www.youtube.com/watch?v=vxcEqbHPul4
1155,מודעות עצמית,גוף ונשמה,,גוף ונשמה - גלגול נשמה והחיים שלאחר המוות,28-Jul-17,עברית,https://www.youtube.com/watch?v=GOJ3tmxSeZE
1156,מודעות עצמית,גוף ונשמה,,גוף ונשמה - הישארות הנפש,29-May-18,עברית,https://www.youtube.com/watch?v=iaKQQizjWEE
1157,מודעות עצמית,גוף ונשמה,,גוף ונשמה - החיים לאחר המוות,9-Oct-18,עברית,https://www.youtube.com/watch?v=h9GSJaj-Qxw
1158,מודעות עצמית,גוף ונשמה,,גוף ונשמה - חלק א,2-May-19,אנגלית,https://www.youtube.com/watch?v=Qu1Ac84xCzA
1159,מודעות עצמית,גוף ונשמה,,גוף ונשמה - חלק ב,9-May-19,אנגלית,https://www.youtube.com/watch?v=2nm_ng5U2qo
1160,מודעות עצמית,גוף ונשמה,,גוף ונשמה - חלק ג,16-May-19,אנגלית,https://www.youtube.com/watch?v=CfqI93getD0
1161,מודעות עצמית,גוף ונשמה,,גוף ונשמה - חלק ד,22-May-19,אנגלית,https://www.youtube.com/watch?v=dtKIy3T3DjM
1162,מודעות עצמית,גוף ונשמה,,שמירת הגוף והנפש,30-Jul-19,עברית,https://www.youtube.com/watch?v=sEeq2NzKCpU
1163,מודעות עצמית,גוף ונשמה,,גוף ונשמה - החיים לאחר המוות,5-Aug-19,עברית,https://www.youtube.com/watch?v=M75H8P54uiI
1164,מודעות עצמית,גוף ונשמה,,גוף ונשמה - מה קורה כשהם נפרדים,28-Jul-21,אנגלית,https://www.youtube.com/watch?v=_hGNXhSZobg
1165,מודעות עצמית,גוף ונשמה,,Body and Soul - Part I,27-Mar-22,אנגלית,https://www.youtube.com/watch?v=v10b0c3hcw8
1166,מודעות עצמית,גוף ונשמה,,גוף ונשמה - השארות הנפש,10-Jul-22,עברית,https://www.youtube.com/watch?v=ZyB0iWyrh1o
1167,מודעות עצמית,אחרים,,כח המחשבה,29-Jan-14,עברית,https://www.youtube.com/watch?v=Hhl1TmdBBfk
1168,מודעות עצמית,אחרים,,על מגידי עתידות ומתקשרים,6-Apr-14,עברית,https://www.youtube.com/watch?v=Ku9XrEBqy0g
1169,מודעות עצמית,אחרים,,הערכת חיים באמצעות מודעות המוות,31-Dec-14,אנגלית,https://www.youtube.com/watch?v=5adEz1XtOt4
1170,מודעות עצמית,אחרים,,תאהב את עצמך,26-Jan-15,אנגלית,https://www.youtube.com/watch?v=cpMGWj8d1Wc
1171,מודעות עצמית,אחרים,,השם והנשמה,2-Jun-15,עברית,https://www.youtube.com/watch?v=yiU90uMBgkY
1172,מודעות עצמית,אחרים,,מסע אל תוך כוחות הנפש - חלק א,8-Jan-17,עברית,https://www.youtube.com/watch?v=u-lQ8HzIR_Q
1173,מודעות עצמית,אחרים,,מסע אל תוך כוחות הנפש - חלק ב,8-Jan-17,עברית,https://www.youtube.com/watch?v=5t3b87t4HTU
1174,מודעות עצמית,אחרים,,תשובה - תיקון רטרואקטיבי,7-Sep-17,אנגלית,https://www.youtube.com/watch?v=hiW-hUHqzeU
1175,מודעות עצמית,אחרים,,הדילמה המוסרית,26-Nov-17,אנגלית,https://www.youtube.com/watch?v=e8UlfVsVlaw
1176,מודעות עצמית,אחרים,,"?הגוף שלי, הבריאות שלי - הבחירה שלי לשמור או לא",20-Aug-18,אנגלית,https://www.youtube.com/watch?v=qkURULmfyP4
1177,מודעות עצמית,אחרים,,״כף הקלע״ ו״צרור החיים״,13-Dec-18,עברית,https://www.youtube.com/watch?v=nxSlbh5JQ0g
1178,מודעות עצמית,אחרים,,מהות האושר,7-Feb-19,אנגלית,https://www.youtube.com/watch?v=NEKkKLQfhNg
1179,מודעות עצמית,אחרים,,מח ולב יחסי גומלין - חלק א׳,29-Jul-19,עברית,https://www.youtube.com/watch?v=V_Sfve6mX3Y
1180,מודעות עצמית,אחרים,,מח ולב יחסי גומלין - חלק ב׳,29-Jul-19,עברית,https://www.youtube.com/watch?v=1QaXrShvOG8
1181,מודעות עצמית,אחרים,,איך להשיג אושר אמיתי,16-Mar-20,אנגלית,https://www.youtube.com/watch?v=xNskwch3z1w
1182,מודעות עצמית,אחרים,,״בחירה חופשית״ ביהדות,3-Jun-22,עברית,https://www.youtube.com/watch?v=JoCfQDOTw6M
1183,מודעות עצמית,אחרים,,האם יש ״בחירה חופשית,14-Jun-22,עברית,https://www.youtube.com/watch?v=lnz0yLoZuvM
1184,מודעות עצמית,אחרים,,מח ולב - ידיעה ואמונה,22-Nov-22,עברית,https://www.youtube.com/watch?v=0n0jgGPTXPM
1185,מודעות עצמית,פיתוח האישיות,,פיתוח האישיות-המודעות לכוחות הנפש,11-Dec-13,עברית,https://www.youtube.com/watch?v=ogLtH_s76DE
1186,מודעות עצמית,פיתוח האישיות,,אישיות האדם ואיכות הסביבה,14-Aug-14,עברית,https://www.youtube.com/watch?v=p265Brgcoeo
1187,מודעות עצמית,פיתוח האישיות,,אישיות האדם - שליטה על מידת הכעס,19-Aug-14,עברית,https://www.youtube.com/watch?v=l3JlQSV8QbM
1188,מודעות עצמית,פיתוח האישיות,,פיתוח האישיות על פי מקורות היהדות - חלק א,7-Jan-15,עברית,https://www.youtube.com/watch?v=uECAeENTA_U
1189,מודעות עצמית,פיתוח האישיות,,פיתוח האישיות על פי מקורות היהדות - חלק ב,14-Jan-15,עברית,https://www.youtube.com/watch?v=9HRm7tQpQkg
1190,מודעות עצמית,פיתוח האישיות,,מודעות עצמית - חלק א' - האדם צלם אלוקים,5-Jul-16,עברית,https://www.youtube.com/watch?v=0vFIQqVFlE0
1191,מודעות עצמית,פיתוח האישיות,,מודעות עצמית - חלק ב' - כח הדיבור,7-Jul-16,עברית,https://www.youtube.com/watch?v=cLFqsdqrRCc
1192,מודעות עצמית,פיתוח האישיות,,מודעות עצמית - חלק ג' - כח המחשבה,11-Jul-16,עברית,https://www.youtube.com/watch?v=SVVwIgIGehw
1193,מודעות עצמית,פיתוח האישיות,,מודעות עצמית - חומר ורוח באדם,10-Aug-16,עברית,https://www.youtube.com/watch?v=FUbQIrt7v6U
1194,מודעות עצמית,פיתוח האישיות,,תיקון המידות - מידת הכעס,11-May-17,עברית,https://www.youtube.com/watch?v=UKYfr8ckv6o
1195,מודעות עצמית,פיתוח האישיות,,תיקון המידות - מידת הכעס,27-Aug-18,עברית,https://www.youtube.com/watch?v=c_BRXvGBURs
1196,מודעות עצמית,פיתוח האישיות,,אישיות האדם ואיכות הסביבה (החברתית),26-Jul-19,עברית,https://www.youtube.com/watch?v=dFS1UH-Rv9c
1197,מודעות עצמית,פיתוח האישיות,,'פיתוח האישיות על פי התורה - חלק א,2-Feb-22,אנגלית,https://www.youtube.com/watch?v=qscXVLJSh7o
1198,מודעות עצמית,פיתוח האישיות,,'פיתוח האישיות על פי התורה - חלק ב,9-Feb-22,אנגלית,https://www.youtube.com/watch?v=_sKPMHNt5_Q
1199,מודעות עצמית,פיתוח האישיות,,'פיתוח האישיות על פי התורה - חלק ג,16-Feb-22,אנגלית,https://www.youtube.com/watch?v=WcvVIBQ2ews
1200,מודעות עצמית,פיתוח האישיות,,'פיתוח האישיות על פי התורה - חלק ד,23-Feb-22,אנגלית,https://www.youtube.com/watch?v=gMq_ZmWWJl8
1201,מודעות עצמית,פיתוח האישיות,,אישיות האדם ואיכות הסביבה,15-Nov-22,עברית,https://www.youtube.com/watch?v=a2McbdJGbRI
1202,מודעות עצמית,כח הדיבור,,כח הדיבור,9-Dec-13,עברית,https://www.youtube.com/watch?v=qJPowFRa_Yc
1203,מודעות עצמית,כח הדיבור,,כח הדיבור - גרסה ב,25-Feb-14,עברית,https://www.youtube.com/watch?v=y4B0ZMDw6lE
1204,מודעות עצמית,כח הדיבור,,כח הדיבור,16-May-14,עברית,https://www.youtube.com/watch?v=iOL90D9mMlU
1205,מודעות עצמית,כח הדיבור,,כח הדיבור - לשון הטוב ולשון הרע,10-Jun-15,עברית,https://www.youtube.com/watch?v=zzvbjDjsEYU
1206,מודעות עצמית,כח הדיבור,,עוצמתו של כח הדיבור,6-Jan-16,אנגלית,https://www.youtube.com/watch?v=B5XRYlE6dSU
1207,מודעות עצמית,כח הדיבור,,עוצמתו של כח הדיבור,8-Jan-17,עברית,https://www.youtube.com/watch?v=PmFAHEeVsr8
1208,מודעות עצמית,כח הדיבור,,עוצמתו של כח הדיבור,10-Jun-19,עברית,https://www.youtube.com/watch?v=msbmLP2q6ok
1209,מודעות עצמית,כח הדיבור,,מודעות עצמית - כח הדיבור,5-Aug-19,עברית,https://www.youtube.com/watch?v=L0C8bPeSozM
1210,פרשת השבוע,ארבע פרשיות,פרשת החודש,"פרשת ""החדש הזה לכם"" - סוד התאריך היהודי",8-Apr-16,עברית,https://www.youtube.com/watch?v=9fxdbZCxjfI
1211,פרשת השבוע,ארבע פרשיות,פרשת זכור,"אובדנו של עמלק ב""אחרית הימים""",9-Mar-17,עברית,https://www.youtube.com/watch?v=79unTTQrh4I
1212,פרשת השבוע,ארבע פרשיות,פרשת זכור,"עמלק ""אשר קרך בדרך""",17-Mar-16,עברית,https://www.youtube.com/watch?v=rhV5OSMZWwQ
1213,פרשת השבוע,ארבע פרשיות,פרשת זכור,״אנשי העתיד״ מול ״אנשי ההווה״,13-Mar-19,עברית,https://www.youtube.com/watch?v=0BJ11w18nok
1214,פרשת השבוע,ארבע פרשיות,פרשת זכור,"פרשת זכור -""עמלק - אז ועכשיו""",10-Mar-22,עברית,https://www.youtube.com/watch?v=r7D6Nvr7050
1215,פרשת השבוע,ארבע פרשיות,פרשת זכור,פרשת זכור - כיצד מקיימים את מצוות ״מחיית עמלק״ בימינו ?,26-Feb-26,עברית,https://www.youtube.com/watch?v=UeomKKJsA0o
1216,פרשת השבוע,ספר במדבר,בלק,נבואת בלעם על ישמעאל באחרית הימים,2-Jul-14,עברית,https://www.youtube.com/watch?v=VRqF-6Xqnow
1217,פרשת השבוע,ספר במדבר,בלק,מהות עניין הקללה לעומת הברכה,3-Jul-14,עברית,https://www.youtube.com/watch?v=l5icWY4F7jw
1218,פרשת השבוע,ספר במדבר,בלק,הן עם לבדד ישכון,30-Jun-15,עברית,https://www.youtube.com/watch?v=R4wjbnXxvbA
1219,פרשת השבוע,ספר במדבר,בלק,"?מי הוא ""בלעם הרשע"" - ומהי רשעותו",4-Jul-17,עברית,https://www.youtube.com/watch?v=xmV9pmfqljM
1220,פרשת השבוע,ספר במדבר,בלק,נבואת בלעם על עתידה של האנושות באחרית הימים,6-Jul-17,עברית,https://www.youtube.com/watch?v=hqBd7qlj7yU
1221,פרשת השבוע,ספר במדבר,בלק,"הן עם לבדד ישכון"" [על ה""רפורמים"" ויתר שונאי ישראל]",6-Jul-17,עברית,https://www.youtube.com/watch?v=3bqpiZlqURs
1222,פרשת השבוע,ספר במדבר,בלק,״ויהפוך ה׳ את הקללה לברכה״,27-Jun-18,עברית,https://www.youtube.com/watch?v=uofuQ8DGrU8
1223,פרשת השבוע,ספר במדבר,בלק,נבואתו המיסתורית של בלעם לאחרית הימים,29-Jun-18,עברית,https://www.youtube.com/watch?v=yd9jWnXUnQI
1224,פרשת השבוע,ספר במדבר,בלק,חטא בעל פעור,16-Jul-19,עברית,https://www.youtube.com/watch?v=RHH0Tzw_j8A
1225,פרשת השבוע,ספר במדבר,בלק,"""הן עם לבדד ישכון״ - על ״התבדלות״ והתבוללות״",16-Jul-19,עברית,https://www.youtube.com/watch?v=r7oqQi8DC0g
1226,פרשת השבוע,ספר במדבר,בלק,חטא בעל פעור,18-Jul-19,אנגלית,https://www.youtube.com/watch?v=6jwFVAKQqXo
1227,פרשת השבוע,ספר במדבר,בלק,הנבואה ששם ה׳ בפי בלעם על השמדת עמלק באחרית הימים,30-Jun-20,עברית,https://www.youtube.com/watch?v=3Fvo_C-RJdo
1228,פרשת השבוע,ספר במדבר,בלק,"""דברי ספר ה""זוהר"" על בלק , בלעם , עמלק , וה""ערב רב",22-Jun-21,עברית,https://www.youtube.com/watch?v=rsJUi6HL8m8
1229,פרשת השבוע,ספר במדבר,בלק,סוד עניין ״פי האתון״,5-Jul-22,עברית,https://www.youtube.com/watch?v=lYLgNCNl6ss
1230,פרשת השבוע,ספר במדבר,בלק,"""הרקע הצבאי פוליטי ל""מלחמת מדין",11-Jul-22,עברית,https://www.youtube.com/watch?v=y0P_7yIBg2w
1231,פרשת השבוע,ספר במדבר,בלק,פרשת בלק - ״הן עם לבדד ישכון ״ - עם ישראל ואומות העולם,28-Jun-23,עברית,https://www.youtube.com/watch?v=_cZeGkn2vWY
1232,פרשת השבוע,ספר במדבר,בלק,פרשת בלק - הנבואה של בלעם על אדום וישמעאל באחרית הימים,18-Jul-24,עברית,https://www.youtube.com/watch?v=A5RhFSMHmhw
1233,פרשת השבוע,ספר במדבר,בלק,"פרשת בלק - ״רגע״ מסוכן של כעס , ו״המרחב המוגן״ של עם ישראל",8-Jul-25,עברית,https://www.youtube.com/watch?v=jCXvtkVkL2M
1234,פרשת השבוע,ספר במדבר,בלק,פרשת בלק - נבואת בלעם על עמלק באחרית הימים,24-Jun-26,עברית,https://www.youtube.com/watch?v=g77vdkFpCGM
1235,פרשת השבוע,ספר במדבר,במדבר,החלפת הבכורים בלוויים,22-May-14,עברית,https://www.youtube.com/watch?v=6hm2MwXbdxA
1236,פרשת השבוע,ספר במדבר,במדבר,ה״דגלים״ של שבטי ישראל במסע במדבר,19-May-20,עברית,https://www.youtube.com/watch?v=iAKnztrevCU
1237,פרשת השבוע,ספר במדבר,במדבר,עומק עניין ה״מפקד״ של בני ישראל במדבר,19-May-20,עברית,https://www.youtube.com/watch?v=hTpblEPFUzc
1238,פרשת השבוע,ספר במדבר,במדבר,"? ""מהו ""מדבר העמים",24-May-22,עברית,https://www.youtube.com/watch?v=s6nIxRwaTjo
1239,פרשת השבוע,ספר במדבר,במדבר,פרשת במדבר - סוד עניין ה״דגלים״,16-May-23,עברית,https://www.youtube.com/watch?v=_ry0GOgStDY
1240,פרשת השבוע,ספר במדבר,במדבר,פרשת במדבר - מדוע ניתנה התורה דווקא במדבר ?,4-Jun-24,עברית,https://www.youtube.com/watch?v=2_B7Ff1e-8M
1241,פרשת השבוע,ספר במדבר,במדבר,"פרשת במדבר - משמעותו של ""מדבר העמים"" המוזכר בנבואת יחזקאל כשלב הכרחי בגאולה",27-May-25,עברית,https://www.youtube.com/watch?v=DGfcD0LVCcg
1242,פרשת השבוע,ספר במדבר,בהעלותך,ויהי בנסוע - האויב והשונא,25-Nov-14,עברית,https://www.youtube.com/watch?v=4FIuery7WOI
1243,פרשת השבוע,ספר במדבר,בהעלותך,הסנהדרין וחוקי האלוקים,23-Jun-16,עברית,https://www.youtube.com/watch?v=DC5Hij-cvJA
1244,פרשת השבוע,ספר במדבר,בהעלותך,"משמעות התגלות השם בעולם ב""עמוד הענן",6-Jun-17,עברית,https://www.youtube.com/watch?v=7GfcJm2gxMA
1245,פרשת השבוע,ספר במדבר,בהעלותך,ויהי בנסוע הארון - המסע במדבר העמים,6-Jun-17,עברית,https://www.youtube.com/watch?v=dbiEFK_oBvc
1246,פרשת השבוע,ספר במדבר,בהעלותך,משה אהרן ומרים - בירור מדרגות הנבואה,8-Jun-17,עברית,https://www.youtube.com/watch?v=O7C0niCrq48
1247,פרשת השבוע,ספר במדבר,בהעלותך,יפוצו ״אוייביך ״ וינוסו ״משנאיך״,28-May-18,עברית,https://www.youtube.com/watch?v=9s1SBSneR_s
1248,פרשת השבוע,ספר במדבר,בהעלותך,סוד ה״ענן״ על המשכן שיש לו ״מראה אש״ בלילה,31-May-18,עברית,https://www.youtube.com/watch?v=j6muQo7Nbcc
1249,פרשת השבוע,ספר במדבר,בהעלותך,נבואתם של אלדד ומידד,18-Jun-19,עברית,https://www.youtube.com/watch?v=CqWpFTH_h0Y
1250,פרשת השבוע,ספר במדבר,בהעלותך,חצוצרות הכסף של משה,18-Jun-19,עברית,https://www.youtube.com/watch?v=sEBNWxZKCuI
1251,פרשת השבוע,ספר במדבר,בהעלותך,מסע הארון,20-Jun-19,אנגלית,https://www.youtube.com/watch?v=yuihA6PDr0Q
1252,פרשת השבוע,ספר במדבר,בהעלותך,״ויהי בנסוע הארון״ - המסע המופלא של ארון השם,21-Jun-19,עברית,https://www.youtube.com/watch?v=4jTWk3ARFH0
1253,פרשת השבוע,ספר במדבר,בהעלותך,הקשר המסתורי בין ה״ארון״ וה״אספסוף״,2-Jun-20,עברית,https://www.youtube.com/watch?v=wm7YXpKI3vE
1254,פרשת השבוע,ספר במדבר,בהעלותך,מעשה מרים ונבואת משה,9-Jun-20,עברית,https://www.youtube.com/watch?v=qCKQctKk0BE
1255,פרשת השבוע,ספר במדבר,בהעלותך,סוד הספרה שבעים,25-May-21,עברית,https://www.youtube.com/watch?v=-aGbJsQNT98
1256,פרשת השבוע,ספר במדבר,בהעלותך,פנימיות טובה של ארץ ישראל,14-Jun-22,עברית,https://www.youtube.com/watch?v=WtduY4H-MEU
1257,פרשת השבוע,ספר במדבר,בהעלותך,פרשת בהעלותך - שנים מיסודות היהדות בקשר שבין האדם לאלוקים,30-May-23,עברית,https://www.youtube.com/watch?v=XEqgLtyIX3g
1258,פרשת השבוע,ספר במדבר,בהעלותך,פרשת בהעלותך - אלדד ומידד - ונבואתם על גוג ומגוג באחרית הימים,30-May-23,עברית,https://www.youtube.com/watch?v=vGi1NWbYQWk
1259,פרשת השבוע,ספר במדבר,בהעלותך,פרשת בהעלותך - התנהלות נכונה בזמן מלחמה בארץ ישראל,17-Jun-24,עברית,https://www.youtube.com/watch?v=Y3ibYKrIuZY
1260,פרשת השבוע,ספר במדבר,בהעלותך,"פרשת בהעלותך - ״מערכת המשפט״ הראויה , מול שופטי השקר והעיוות",18-Jun-24,עברית,https://www.youtube.com/watch?v=8JTGq0sj0UQ
1261,פרשת השבוע,ספר במדבר,בהעלותך,פרשת בהעלותך - ״ויהי בנסוע הארון״ - ה״ארון״ וה״אספסוף״,10-Jun-25,עברית,https://www.youtube.com/watch?v=v_1iPDKpqwI
1262,פרשת השבוע,ספר במדבר,בהעלותך,פרשת בהעלותך - ה״ערב רב״ מאז ועד עתה,13-Jun-25,עברית,https://www.youtube.com/watch?v=7KbFz6KYuAE
1263,פרשת השבוע,ספר במדבר,בהעלותך,פרשת בהעלותך - סוד ״חצוצרות הכסף״ של משה,27-May-26,עברית,https://www.youtube.com/watch?v=9H_gGJhmfSk
1264,פרשת השבוע,ספר במדבר,בהעלותך,"פרשת בהעלותך - פשר ועומק הדו שיח בין משה ל""חובב"" בדבר ""טובה"" של ארץ ישראל",2-Jun-26,עברית,https://www.youtube.com/watch?v=Td_q-YRKHUo
1265,פרשת השבוע,ספר במדבר,חקת,פרה אדומה,24-Jun-14,עברית,https://www.youtube.com/watch?v=CdMAwNuA2lk
1266,פרשת השבוע,ספר במדבר,חקת,פרה אדומה - [גרסה ב'],25-Jun-14,עברית,https://www.youtube.com/watch?v=2ddngpEUlMc
1267,פרשת השבוע,ספר במדבר,חקת,פרה אדומה ( גרסה ג'),26-Jun-14,עברית,https://www.youtube.com/watch?v=LmKH6qk8mP8
1268,פרשת השבוע,ספר במדבר,חקת,סודו של נחש הנחושת,23-Jun-15,עברית,https://www.youtube.com/watch?v=wKPn2JSkp7w
1269,פרשת השבוע,ספר במדבר,חקת,"פרה אדומה ותחיית המתים [ב' תמוז תשע""ז]",27-Jun-17,עברית,https://www.youtube.com/watch?v=sLsn_KU1xkA
1270,פרשת השבוע,ספר במדבר,חקת,"סוד נחש הנחושת [ג' תמוז תשע""ז]",28-Jun-17,עברית,https://www.youtube.com/watch?v=OYx4Ci15M3c
1271,פרשת השבוע,ספר במדבר,חקת,"חטאם של משה ואהרן [ ד' תמוז תשע""ז]",29-Jun-17,עברית,https://www.youtube.com/watch?v=ifUXE1Ki-J0
1272,פרשת השבוע,ספר במדבר,חקת,סוד ״שירת הבאר״,19-Jun-18,עברית,https://www.youtube.com/watch?v=DrvJZBwnFpw
1273,פרשת השבוע,ספר במדבר,חקת,עומק עניין ״בארה של מרים״,19-Jun-18,עברית,https://www.youtube.com/watch?v=8g47KZQA7T8
1274,פרשת השבוע,ספר במדבר,חקת,עומק עניין ״נחש הנחושת״,9-Jul-19,עברית,https://www.youtube.com/watch?v=YoYs6eAwvm4
1275,פרשת השבוע,ספר במדבר,חקת,פרה אדומה - [גרסה א'],9-Jul-19,אנגלית,https://www.youtube.com/watch?v=NPUzHljWHRw
1276,פרשת השבוע,ספר במדבר,חקת,פרה אדומה - [גרסה ב'],9-Jul-19,אנגלית,https://www.youtube.com/watch?v=EmElrKBWYvM
1277,פרשת השבוע,ספר במדבר,חקת,'פרה אדומה - סוד ההיטהרות מן המוות - חלק א,10-Jul-19,עברית,https://www.youtube.com/watch?v=byTJYwMo130
1278,פרשת השבוע,ספר במדבר,חקת,פרה אדומה - סוד ההיטהרות מן המוות - המשך,10-Jul-19,עברית,https://www.youtube.com/watch?v=YjL28Jxk6I0
1279,פרשת השבוע,ספר במדבר,חקת,משה מכה בסלע,11-Jul-19,אנגלית,https://www.youtube.com/watch?v=uxFU3wbRbHs
1280,פרשת השבוע,ספר במדבר,חקת,"""פרה אדומה / ""אתם קרויים אדם ואין אומות העולם קרויים אדם",15-Jun-21,עברית,https://www.youtube.com/watch?v=-ouKRDEMvsA
1281,פרשת השבוע,ספר במדבר,חקת,טעימה מסוד ״פרה אדומה״,28-Jun-22,עברית,https://www.youtube.com/watch?v=r6HIdNsofeQ
1282,פרשת השבוע,ספר במדבר,חקת,"""שירת הבאר"" על פי הקבלה",5-Jul-22,עברית,https://www.youtube.com/watch?v=nWifglN-O4o
1283,פרשת השבוע,ספר במדבר,חקת,פרשת חקת -סוד הפיכת ״מים מרים״ ל״מים מתוקים״,20-Jun-23,עברית,https://www.youtube.com/watch?v=fHvFiJbJSB4
1284,פרשת השבוע,ספר במדבר,חקת,פרשת חקת - כח הנחש להמית ולהחיות,20-Jun-23,עברית,https://www.youtube.com/watch?v=PXDdGE4ZXtE
1285,פרשת השבוע,ספר במדבר,חקת,פרשת חוקת - ישראל ואדום מאז ועד עולם,1-Jul-25,עברית,https://www.youtube.com/watch?v=_it4-JXrnZc
1286,פרשת השבוע,ספר במדבר,חקת,פרשת חוקת - סוד עניין ״שירת הבאר״ על פי ה״אור החיים״ הקדוש,2-Jul-25,עברית,https://www.youtube.com/watch?v=2n-LEg6uQDw
1287,פרשת השבוע,ספר במדבר,חקת,"פרשת חוקת - ה""מיאון"" של אדום , והנסיון - אז ועכשיו , למנוע את עם ישראל להגיע ליעדו",16-Jun-26,עברית,https://www.youtube.com/watch?v=kE4ty09Yb5s
1288,פרשת השבוע,ספר במדבר,קרח,המחלוקת,19-Jun-14,עברית,https://www.youtube.com/watch?v=Zxyvs-V6lAQ
1289,פרשת השבוע,ספר במדבר,קרח,שבט לוי - תפקידו ומעמדו בעם ישראל,16-Jun-15,עברית,https://www.youtube.com/watch?v=d0iIhoTV2cE
1290,פרשת השבוע,ספר במדבר,קרח,"""הפסיכולוגיה של ה-""מחלוקת",6-Jul-16,עברית,https://www.youtube.com/watch?v=tOVysvdAnm8
1291,פרשת השבוע,ספר במדבר,קרח,ביאור עומק מצות נתינת מעשר וסגולותיה,20-Jun-17,עברית,https://www.youtube.com/watch?v=TF9RAx2bU5A
1292,פרשת השבוע,ספר במדבר,קרח,הקנאה מוציאה את האדם מן העולם,21-Jun-17,עברית,https://www.youtube.com/watch?v=EE6J_Va4JNs
1293,פרשת השבוע,ספר במדבר,קרח,בין ״מחלוקת״ קונסטרוקטיבית למחלוקת דיסטרקטיבית,12-Jun-18,עברית,https://www.youtube.com/watch?v=JsSH3mG8Njk
1294,פרשת השבוע,ספר במדבר,קרח,כיצד מגיעים ״בני קרח״ לספר תהילים,12-Jun-18,עברית,https://www.youtube.com/watch?v=2Br3-hmiN0o
1295,פרשת השבוע,ספר במדבר,קרח,'אמינותו של משה רבנו - חלק א,2-Jul-19,אנגלית,https://www.youtube.com/watch?v=8VQ6m6k8P1w
1296,פרשת השבוע,ספר במדבר,קרח,'אמינותו של משה רבנו - חלק ב,2-Jul-19,אנגלית,https://www.youtube.com/watch?v=XSEFaZj2Aw8
1297,פרשת השבוע,ספר במדבר,קרח,שרשה הפנימי של המחלוקת,2-Jul-19,עברית,https://www.youtube.com/watch?v=AOqQGnI30JE
1298,פרשת השבוע,ספר במדבר,קרח,סוד הספרה עשר - הדרך אל העושר,2-Jul-19,עברית,https://www.youtube.com/watch?v=mbDWV4Ahkks
1299,פרשת השבוע,ספר במדבר,קרח,היתרון במתן מעשר,4-Jul-19,אנגלית,https://www.youtube.com/watch?v=mTWEgjX5xGw
1300,פרשת השבוע,ספר במדבר,קרח,כפירת קרח בנבואת משה ובתורה משמים,17-Jun-20,עברית,https://www.youtube.com/watch?v=WHRU9v9G3Wk
1301,פרשת השבוע,ספר במדבר,קרח,פתיחת האדמה את ״פיה״ ו״בליעתה״ את קרח ועדתו,23-Jun-20,עברית,https://www.youtube.com/watch?v=oOf6eiwyfjc
1302,פרשת השבוע,ספר במדבר,קרח,חלקם של דתן ואבירם במרד נגד משה,8-Jun-21,עברית,https://www.youtube.com/watch?v=Ji2b1NEiO6I
1303,פרשת השבוע,ספר במדבר,קרח,חלקם של דתן ואבירם במרד נגד משה,8-Jun-21,עברית,https://www.youtube.com/watch?v=Ji2b1NEiO6I
1304,פרשת השבוע,ספר במדבר,קרח,ה״מעשר״ - סוד האות יו״ד והסיפרה עשר,21-Jun-22,עברית,https://www.youtube.com/watch?v=3ggQhe68s6Q
1305,פרשת השבוע,ספר במדבר,קרח,"המהר""ל על עומק מהות עניין ה""גהינום",28-Jun-22,עברית,https://www.youtube.com/watch?v=Y_ps4TY2n24
1306,פרשת השבוע,ספר במדבר,קרח,פרשת קורח - ״הקנאה והתאוה והכבוד״,13-Jun-23,עברית,https://www.youtube.com/watch?v=VRgxXSLFr2g
1307,פרשת השבוע,ספר במדבר,קרח,פרשת קורח - ״מחלוקת״ - עומק עיניינה,13-Jun-23,עברית,https://www.youtube.com/watch?v=CSDZ6qTd8vg
1308,פרשת השבוע,ספר במדבר,קרח,פרשת קרח - המופת שמוכיח שכל התורה כולה היא מן השמים,2-Jul-24,עברית,https://www.youtube.com/watch?v=UicIi7vk10M
1309,פרשת השבוע,ספר במדבר,קרח,פרשת קרח - סוד גילגול הנשמות של קרח ועדתו,2-Jul-24,עברית,https://www.youtube.com/watch?v=NsrLkByKoag
1310,פרשת השבוע,ספר במדבר,קרח,פרשת קורח - יחודו של שבט לוי וחשיבות ענין ה״מעשר״,24-Jun-25,עברית,https://www.youtube.com/watch?v=q-zV4_0RjE4
1311,פרשת השבוע,ספר במדבר,קרח,פרשת קורח - מהי מחלוקת ״לשם שמים״ לעומת מחלוקתו של ״קורח וכל עדתו״,25-Jun-25,עברית,https://www.youtube.com/watch?v=NqayXCv8ik8
1312,פרשת השבוע,ספר במדבר,קרח,פרשת קורח - מהות המחלוקת של קורח ועדתו עם משה וליקחה לדורות,10-Jun-26,עברית,https://www.youtube.com/watch?v=WUiUkvr36r0
1313,פרשת השבוע,ספר במדבר,מסעי,הציווי להרוס ולהשמיד את התרבות הכנענית,21-Jul-14,עברית,https://www.youtube.com/watch?v=KB07-3l9nzU
1314,פרשת השבוע,ספר במדבר,מסעי,הציווי להרוס ולהשמיד את התרבות הכנענית - גרסה ב,27-Jul-14,עברית,https://www.youtube.com/watch?v=2ki5tIcVg2c
1315,פרשת השבוע,ספר במדבר,מסעי,״והיו לשכים בעיניכם ולצנינים בצדיכם״,10-Jul-18,עברית,https://www.youtube.com/watch?v=xsF0W7YRz9E
1316,פרשת השבוע,ספר במדבר,מסעי,השמדת עמי כנען ותרבותם,1-Aug-19,עברית,https://www.youtube.com/watch?v=LXfkAE5Kqpg
1317,פרשת השבוע,ספר במדבר,מסעי,סוד מסעות עם ישראל במדבר ההיסטוריה,14-Jul-20,עברית,https://www.youtube.com/watch?v=Jh8ZH2Th5DA
1318,פרשת השבוע,ספר במדבר,מסעי,המסע של עם ישראל בהיסטוריה בדרך ליעד,25-Jul-22,עברית,https://www.youtube.com/watch?v=j1dXt02kraw
1319,פרשת השבוע,ספר במדבר,מסעי,פרשת מסעי - נגיעה בסוד המסע האישי והלאומי של עם ישראל עד הגאולה,11-Jul-23,עברית,https://www.youtube.com/watch?v=ziiyKrXNitk
1320,פרשת השבוע,ספר במדבר,מסעי,פרשת מסעי - תנאי הקיום וההשרדות של עם ישראל בארץ ישראל,30-Jul-24,עברית,https://www.youtube.com/watch?v=YqYNXUF16kM
1321,פרשת השבוע,ספר במדבר,מסעי,"פרשת מסעי - ""שינאת חנם"" לעומת ""שינאה מוצדקת"" - ""אהבת הטוב"" מחייבת את ""שינאת הרע""",22-Jul-25,עברית,https://www.youtube.com/watch?v=ke4Hsq911Z8
1322,פרשת השבוע,ספר במדבר,מטות,כיצד עורכים מלחמה ללא אבדות בנפש,14-Jul-14,עברית,https://www.youtube.com/watch?v=75-eUerpcno
1323,פרשת השבוע,ספר במדבר,מטות,מלחמת מדין - צבא ומלחמה על פי התורה,15-Jul-15,עברית,https://www.youtube.com/watch?v=Ya9sghpBcPs
1324,פרשת השבוע,ספר במדבר,מטות,נדר - כוחה של מלה,16-Jul-15,עברית,https://www.youtube.com/watch?v=YLGPWSSJoYk
1325,פרשת השבוע,ספר במדבר,מטות,מלחמת מדין - צבא ומלחמה על פי התורה,18-Jul-17,עברית,https://www.youtube.com/watch?v=-jNgeKp1IZY
1326,פרשת השבוע,ספר במדבר,מטות,כוחו של נדר - אחריות בניהול הדיבור,20-Jul-17,עברית,https://www.youtube.com/watch?v=A0tFgvC5q8E
1327,פרשת השבוע,ספר במדבר,מטות,מלחמה ללא נפגעים,10-Jul-18,עברית,https://www.youtube.com/watch?v=lpC7ZwWA434
1328,פרשת השבוע,ספר במדבר,מטות,איסור חילול קדושת הדיבור,30-Jul-19,עברית,https://www.youtube.com/watch?v=Mk0w_FGe0HQ
1329,פרשת השבוע,ספר במדבר,מטות,"?פרשת מטות - ""נקמת ה' במדין"" - מתי ""נקמה"" מתבקשת וראויה","Jul 6, 2021",עברית,https://www.youtube.com/watch?v=kAYzYyA5vlI
1330,פרשת השבוע,ספר במדבר,מטות,פרשת מטות - מלחמת מדין - ההשוואה המופרכת בין צה״ל לבין הצבא של משה יהושע ודוד המלך,30-Jul-24,עברית,https://www.youtube.com/watch?v=CjGgYemPw7g
1331,פרשת השבוע,ספר במדבר,מטות,פרשת מטות - ״כח הדיבור״ - עצמת המחוייבות לקיים את הדיבורים,23-Jul-25,עברית,https://www.youtube.com/watch?v=ypl-Hj1OHnM
1332,פרשת השבוע,ספר במדבר,נשא,ברכת הכהנים,26-May-14,עברית,https://www.youtube.com/watch?v=5oZ9ROoUhfQ
1333,פרשת השבוע,ספר במדבר,נשא,ברכת הכהנים,13-Jun-19,אנגלית,https://www.youtube.com/watch?v=BBRR4jBg8sw
1334,פרשת השבוע,ספר במדבר,נשא,מקומה של ה״הנאה״ בחיים על פי התורה,26-May-20,עברית,https://www.youtube.com/watch?v=wQFstWl25IQ
1335,פרשת השבוע,ספר במדבר,נשא,ברכת הכהנים - קדושתו של אהרן - לברך את עמו ישראל באהבה,4-Jun-20,עברית,https://www.youtube.com/watch?v=BZ5nYWjDFhs
1336,פרשת השבוע,ספר במדבר,נשא,"פרשת נשא - ""נזיר חוטא הוא"" !!! - מהו מקומה הנכון של ה״הנאה״ בחיים היהודיים",26-May-26,עברית,https://www.youtube.com/watch?v=OxMzRbj_JCM
1337,פרשת השבוע,ספר במדבר,פנחס,הכישורים הנדרשים למנהיג האידאלי של עם ישראל,7-Jul-14,עברית,https://www.youtube.com/watch?v=3lzsfgfD12M
1338,פרשת השבוע,ספר במדבר,פנחס,?מה זה שלום אמיתי,8-Jul-14,אנגלית,https://www.youtube.com/watch?v=zLcvTGiF5PE
1339,פרשת השבוע,ספר במדבר,פנחס,מהות השלום,9-Jul-14,עברית,https://www.youtube.com/watch?v=stlCPpDvO84
1340,פרשת השבוע,ספר במדבר,פנחס,סיכול מזימת בלעם להשמדת עם ישראל,7-Jul-15,עברית,https://www.youtube.com/watch?v=oQ56BtnOyXo
1341,פרשת השבוע,ספר במדבר,פנחס,"שלום, חיים וצניעות",8-Jul-15,אנגלית,https://www.youtube.com/watch?v=QbgUo9keqIU
1342,פרשת השבוע,ספר במדבר,פנחס,השפעת החטא של בעל פעור על החורבן והגלות,11-Jul-17,עברית,https://www.youtube.com/watch?v=emtYddYz9Zg
1343,פרשת השבוע,ספר במדבר,פנחס,פנחס בן אלעזר הוא אליהו הנביא,13-Jul-17,עברית,https://www.youtube.com/watch?v=e42TXEChsEg
1344,פרשת השבוע,ספר במדבר,פנחס,סוד קרבן עולת התמיד וימי בין המצרים,13-Jul-17,עברית,https://www.youtube.com/watch?v=A51xwYUuu4I
1345,פרשת השבוע,ספר במדבר,פנחס,״קנאות מצילת חיים״,3-Jul-18,עברית,https://www.youtube.com/watch?v=Qlul5SevsQ8
1346,פרשת השבוע,ספר במדבר,פנחס,נפלאות דרכי ה״גורל״,5-Jul-18,עברית,https://www.youtube.com/watch?v=sR82pSCw4Kg
1347,פרשת השבוע,ספר במדבר,פנחס,יהושע בן נון - דמותו של מנהיג אידאלי,23-Jul-19,עברית,https://www.youtube.com/watch?v=wp8yPD1jpZg
1348,פרשת השבוע,ספר במדבר,פנחס,סוד ״עולת התמיד״,23-Jul-19,עברית,https://www.youtube.com/watch?v=-e-76b0M4bo
1349,פרשת השבוע,ספר במדבר,פנחס,קינאת פינחס לאלוקיו,25-Jul-19,עברית,https://www.youtube.com/watch?v=KgY4PSoZdoE
1350,פרשת השבוע,ספר במדבר,פנחס,הנני נותן לו את בריתי ״שלום״,7-Jul-20,עברית,https://www.youtube.com/watch?v=srHunpt67mM
1351,פרשת השבוע,ספר במדבר,פנחס,"בלעם ה""נוכל"" ופינחס ה""מקנא את קנאת השם""","Jun 29, 2021",עברית,https://www.youtube.com/watch?v=Uu91XOl4Hhc
1352,פרשת השבוע,ספר במדבר,פנחס,"- פינחס , אחאב , ואליהו הנביא",19-Jul-22,עברית,https://www.youtube.com/watch?v=Lsa8BLl5PWk
1353,פרשת השבוע,ספר במדבר,פנחס,פרשת פינחס - איך בוחרים מנהיג לעם ישראל,22-Jul-24,עברית,https://www.youtube.com/watch?v=-Se8-c7hwCY
1354,פרשת השבוע,ספר במדבר,פנחס,"פרשת פינחס - משמעות ""ברית השלום"" שכרת הקדוש ברוך הוא עם פינחס בשל ""קנאותו""",15-Jul-25,עברית,https://www.youtube.com/watch?v=RSprfZOdDic
1355,פרשת השבוע,ספר במדבר,פנחס,פרשת פינחס - הכישורים הנדרשים לבחירת מנהיג לעם ישראל,16-Jul-25,עברית,https://www.youtube.com/watch?v=8Ygy3RYIVTc
1356,פרשת השבוע,ספר במדבר,שלח,חטא המרגלים,9-Jun-14,עברית,https://www.youtube.com/watch?v=T6Pv2aJIsQw
1357,פרשת השבוע,ספר במדבר,שלח,חטא המרגלים [גירסה מורחבת],11-Jun-14,עברית,https://www.youtube.com/watch?v=425eP2HaiVM
1358,פרשת השבוע,ספר במדבר,שלח,חטא המרגלים,12-Jun-15,עברית,https://www.youtube.com/watch?v=pvPpGNZWKjM
1359,פרשת השבוע,ספר במדבר,שלח,מהות מצות הפרשת חלה,13-Jun-17,עברית,https://www.youtube.com/watch?v=5RaCcVoGXsg
1360,פרשת השבוע,ספר במדבר,שלח,סוד התכלת במצות הציצית,13-Jun-17,עברית,https://www.youtube.com/watch?v=9SYG93_Swl0
1361,פרשת השבוע,ספר במדבר,שלח,חטא המרגלים,15-Jun-17,עברית,https://www.youtube.com/watch?v=YvYcF9v6k3Y
1362,פרשת השבוע,ספר במדבר,שלח,מה גרם לראיה המעוותת של המרגלים,4-Jun-18,עברית,https://www.youtube.com/watch?v=Fsvlklpvzg0
1363,פרשת השבוע,ספר במדבר,שלח,״פנס הקסם״ המפתח להבנת כוחות הנפש הנסתרים,5-Jun-18,עברית,https://www.youtube.com/watch?v=Hp7XI4VdTIA
1364,פרשת השבוע,ספר במדבר,שלח,״והנפש אשר תעשה ביד רמה״ - בין ״שוגג״ ל״מזיד״,7-Jun-18,עברית,https://www.youtube.com/watch?v=Fv7QyiGyboI
1365,פרשת השבוע,ספר במדבר,שלח,חטא המרגלים וסוד ״התכלת שבציצית״,25-Jun-19,עברית,https://www.youtube.com/watch?v=bGVmwNGa9wo
1366,פרשת השבוע,ספר במדבר,שלח,הכוחות הנסתרים בנפש האדם,25-Jun-19,עברית,https://www.youtube.com/watch?v=rSCiMGzrdgY
1367,פרשת השבוע,ספר במדבר,שלח,?האם ניתן לסיים את הגלות לפני בא המשיח,10-Jun-20,עברית,https://www.youtube.com/watch?v=DajiLZ7f_6Q
1368,פרשת השבוע,ספר במדבר,שלח,עומק עניין הוצאת הדיבה של המרגלים על הארץ,16-Jun-20,עברית,https://www.youtube.com/watch?v=dNuXrVFJZ6s
1369,פרשת השבוע,ספר במדבר,שלח,"ה""מרד"" בעקבות דברי המרגלים והשלכותיו לדורות",1-Jun-21,עברית,https://www.youtube.com/watch?v=HfX0EhdQyp8
1370,פרשת השבוע,ספר במדבר,שלח,ההתנגדות לגזירת הגלות ומחירה,20-Jun-22,עברית,https://www.youtube.com/watch?v=8B78fAkcwnk
1371,פרשת השבוע,ספר במדבר,שלח,פרשת שלח - ״ונהי בעיננו כחגבים וכן היינו בעינהם״ - על דימוי עצמי לאומי,6-Jun-23,עברית,https://www.youtube.com/watch?v=CfZwM66PyAw
1372,פרשת השבוע,ספר במדבר,שלח,פרשת שלח לך - עומק עניין מצוות ״הפרשת חלה״,6-Jun-23,עברית,https://www.youtube.com/watch?v=0GBrc8BVsYs
1373,פרשת השבוע,ספר במדבר,שלח,פרשת שלח - גזירת ה״גלות״ של דור המדבר בעקבות חטא המרגלים ומשמעותה לימינו אלה,25-Jun-24,עברית,https://www.youtube.com/watch?v=GuzfTT7NFxw
1374,פרשת השבוע,ספר במדבר,שלח,"פרשת שלח - על ״שוגג״ ו""מזיד״ ומהו ״תינוק שנשבה״ ?",17-Jun-25,עברית,https://www.youtube.com/watch?v=m1CGoeh67d8
1375,פרשת השבוע,ספר במדבר,שלח,פרשת שלח - המרגלים והציצית - ראיה מעוותת מול ראיה נכונה,18-Jun-25,עברית,https://www.youtube.com/watch?v=usrh2ZMNDl8
1376,פרשת השבוע,ספר במדבר,שלח,פרשת שלח - הקמת ה״מדינה״ היא חזרה מסוכנת על נסיון סיום הגלות והתרסה כלפי גזרת השם,3-Jun-26,עברית,https://www.youtube.com/watch?v=T29WNCBs5e8
1377,פרשת השבוע,ספר במדבר,שלח,פרשת שלח - משמעות מצוות ״הפרשת חלה״,9-Jun-26,עברית,https://www.youtube.com/watch?v=wqe-VVt1t-I
1378,פרשת השבוע,ספר בראשית,בראשית,פרשת בראשית - תכלית הבריאה וחטא אדם הראשון,4-Nov-14,עברית,https://www.youtube.com/watch?v=cDClLwRvjYk
1379,פרשת השבוע,ספר בראשית,בראשית,פרשת בראשית - חטא אדם הראשון,11-Nov-14,עברית,https://www.youtube.com/watch?v=RTNX4LCmYn8
1380,פרשת השבוע,ספר בראשית,בראשית,פרשת בראשית - ״ויהיו שניהם ערומים ולא יתבוששו״,4-Oct-18,עברית,https://www.youtube.com/watch?v=O_OpTBjigpw
1381,פרשת השבוע,ספר בראשית,בראשית,פרשת בראשית - סוד ארבעת הנהרות בגן העדן,5-Oct-18,עברית,https://www.youtube.com/watch?v=mygSzEgZWuE
1382,פרשת השבוע,ספר בראשית,בראשית,פרשת בראשית - קין והבל וסוד איסור לבישת שעטנז - חלק א,13-Oct-20,עברית,https://www.youtube.com/watch?v=9FU2fmqHt3U
1383,פרשת השבוע,ספר בראשית,בראשית,פרשת בראשית - קין והבל וסוד איסור לבישת שעטנז - חלק ב,14-Oct-20,עברית,https://www.youtube.com/watch?v=a5si83ym4Q4
1384,פרשת השבוע,ספר בראשית,בראשית,פרשת בראשית - הנגלה והנסתר מאחורי המושג ״ גן עדן״,1-Oct-21,עברית,https://www.youtube.com/watch?v=dRTY8bgxq_0
1385,פרשת השבוע,ספר בראשית,בראשית,?פרשת בראשית - מדוע ברא השם את העולם,10-Oct-23,עברית,https://www.youtube.com/watch?v=LRQWgdkx5OM
1386,פרשת השבוע,ספר בראשית,בראשית,פרשת בראשית - השקפת התורה על הטבח בשמחת תורה,10-Oct-23,עברית,https://www.youtube.com/watch?v=QMJsTpbUMKI
1387,פרשת השבוע,ספר בראשית,בראשית,פרשת בראשית - הבריאה כולה נבראה בשביל עם ישראל,17-Oct-25,עברית,https://www.youtube.com/watch?v=cEbx_fVzUOk
1388,פרשת השבוע,ספר בראשית,חיי שרה,פרשת חיי שרה - בחירת בת זוג,12-Nov-14,עברית,https://www.youtube.com/watch?v=ivJfxQq62uA
1389,פרשת השבוע,ספר בראשית,חיי שרה,"פרשת חיי שרה - חסד , כח הנתינה",4-Nov-15,עברית,https://www.youtube.com/watch?v=vtTAzMjfoOs
1390,פרשת השבוע,ספר בראשית,חיי שרה,פרשת חיי שרה - בחירת בת\בן זוג,5-Nov-15,עברית,https://www.youtube.com/watch?v=CcFbyTOlINw
1391,פרשת השבוע,ספר בראשית,חיי שרה,"פרשת חיי שרה - עומק משמעות ""וה' ברך את אברהם בכל""",6-Nov-17,עברית,https://www.youtube.com/watch?v=QEovoRnL_Os
1392,פרשת השבוע,ספר בראשית,חיי שרה,"פרשת חיי שרה - ""מהשם יצא הדבר"" - האם זיווגו של אדם הוא בחירה או גזירה ? חלק א",7-Nov-17,עברית,https://www.youtube.com/watch?v=z-ORrYfHK1c
1393,פרשת השבוע,ספר בראשית,חיי שרה,"פרשת חיי שרה - ""מהשם יצא הדבר"" - האם זיווגו של אדם הוא בחירה או גזירה ? חלק ב",7-Nov-17,עברית,https://www.youtube.com/watch?v=qLsd-mYmZmk
1394,פרשת השבוע,ספר בראשית,חיי שרה,פרשת חיי שרה - ״סוד מערת המכפלה והעיר חברון״,30-Oct-18,עברית,https://www.youtube.com/watch?v=zGgeoLYE9zU
1395,פרשת השבוע,ספר בראשית,חיי שרה,פרשת חיי שרה - ״לא תקח אשה מבנות כנען״,30-Oct-18,עברית,https://www.youtube.com/watch?v=CW7W4VFIJaU
1396,פרשת השבוע,ספר בראשית,חיי שרה,פרשת חיי שרה - יצחק ורבקה ״מהשם יצא הדבר״,19-Nov-19,עברית,https://www.youtube.com/watch?v=R2fzwRLkf50
1397,פרשת השבוע,ספר בראשית,חיי שרה,פרשת חיי שרה - יצחק ורבקה,21-Nov-19,אנגלית,https://www.youtube.com/watch?v=YZjlcl6qB0g
1398,פרשת השבוע,ספר בראשית,חיי שרה,פרשת חיי שרה - חשיבות ה״זמן״ וה״חיים״,21-Nov-19,עברית,https://www.youtube.com/watch?v=pRl9_kMYgV0
1399,פרשת השבוע,ספר בראשית,חיי שרה,"פרשת חיי שרה - ""סוד עניינה של ""באר לחי רואי",10-Nov-20,עברית,https://www.youtube.com/watch?v=k7m-DnvvStg
1400,פרשת השבוע,ספר בראשית,חיי שרה,פרשת חיי שרה - מי הם אוייבי ושונאי ישראל,10-Nov-20,עברית,https://www.youtube.com/watch?v=ADo5tQF_mKg
1401,פרשת השבוע,ספר בראשית,חיי שרה,"פרשת חיי שרה - סודה של ""מערת המכפלה"" על פי הקבלה",26-Oct-21,עברית,https://www.youtube.com/watch?v=6l3pTadiip4
1402,פרשת השבוע,ספר בראשית,חיי שרה,פרשת חיי שרה - אמנות הנתינה בפסיכולוגיה היהודית,15-Nov-22,עברית,https://www.youtube.com/watch?v=F-lA3dLV-qg
1403,פרשת השבוע,ספר בראשית,חיי שרה,"פרשת חיי שרה - מי הם ""אוייבי"" ו""שונאי"" ישראל",15-Nov-22,עברית,https://www.youtube.com/watch?v=16BSoEe63eE
1404,פרשת השבוע,ספר בראשית,חיי שרה,פרשת חיי שרה - ״נפילת״ ישמעאל באחרית הימים,7-Nov-23,עברית,https://www.youtube.com/watch?v=W2KjraDp3mw
1405,פרשת השבוע,ספר בראשית,חיי שרה,פרשת חיי שרה - ערך החיים וחשיבות הזמן,7-Nov-23,עברית,https://www.youtube.com/watch?v=VRcLWr7I-aw
1406,פרשת השבוע,ספר בראשית,חיי שרה,פרשת חיי שרה - ״מערת המכפלה״ פתחו של גן עדן,19-Nov-24,עברית,https://www.youtube.com/watch?v=Re1AP3CtJ9o
1407,פרשת השבוע,ספר בראשית,חיי שרה,"פרשת חיי שרה - ״בכל מכל כל״ , סוד עניין ״וה’ ברך את אברהם בכל״",20-Nov-24,עברית,https://www.youtube.com/watch?v=1mXs_vz39Bk
1408,פרשת השבוע,ספר בראשית,חיי שרה,"פרשת חיי שרה - מי הם ה""שונאים"" וה""אוייבים"" של עם ישראל",10-Nov-25,עברית,https://www.youtube.com/watch?v=zyzm95Z7RXY
1409,פרשת השבוע,ספר בראשית,חיי שרה,"פרשת חיי שרה - ""על פני כל אחיו נפל"" - נפילת ישמעאל באחרית הימים",12-Nov-25,עברית,https://www.youtube.com/watch?v=y1lm4n9V27Q
1410,פרשת השבוע,ספר בראשית,לך לך,פרשת לך לך - המלחמה הראשונה בהיסטוריה,1-Nov-14,עברית,https://www.youtube.com/watch?v=kVraPNGXP1U
1411,פרשת השבוע,ספר בראשית,לך לך,פרשת לך לך - אברהם מנתץ את האלילים,2-Nov-14,עברית,https://www.youtube.com/watch?v=yYEGTtx-1x0
1412,פרשת השבוע,ספר בראשית,לך לך,"פרשת לך לך - עבודת אלילים , והוכחת מציאות הבורא",20-Oct-15,עברית,https://www.youtube.com/watch?v=XFRS-TYeU4w
1413,פרשת השבוע,ספר בראשית,לך לך,"פרשת לך לך - ""מדוע ""העולם כולו נגדנו",21-Oct-15,עברית,https://www.youtube.com/watch?v=Z9hpquxoQFs
1414,פרשת השבוע,ספר בראשית,לך לך,"פרשת לך לך - מהי ""זכותנו על ארץ ישראל",22-Oct-15,עברית,https://www.youtube.com/watch?v=y43PzmDhvIg
1415,פרשת השבוע,ספר בראשית,לך לך,פרשת לך לך - אברהם אבינו וארבעת המלכים - המלחמה הראשונה בהיסטוריה,24-Oct-17,עברית,https://www.youtube.com/watch?v=kUj8XQnOlyQ
1416,פרשת השבוע,ספר בראשית,לך לך,פרשת לך לך - אברהם אבינו - מדת החסד - אופיו ומהותו של עם ישראל,24-Oct-17,עברית,https://www.youtube.com/watch?v=3Iceo02TNhU
1417,פרשת השבוע,ספר בראשית,לך לך,פרשת לך לך - רמזים על המלחמה האחרונה בהיסטוריה,25-Oct-17,אנגלית,https://www.youtube.com/watch?v=rCuQ9pqXl-U
1418,פרשת השבוע,ספר בראשית,לך לך,פרשת לך לך - הנסיון של לקיחת שרה לבית פרעה,27-Oct-17,עברית,https://www.youtube.com/watch?v=BthHpQUlRQ0
1419,פרשת השבוע,ספר בראשית,לך לך,פרשת לך לך - ״מגן אברהם״,16-Oct-18,עברית,https://www.youtube.com/watch?v=O0JaWYJ_LFg
1420,פרשת השבוע,ספר בראשית,לך לך,פרשת לך לך - ״ואעשך לגוי גדול״,16-Oct-18,עברית,https://www.youtube.com/watch?v=QagDeBQTjvM
1421,פרשת השבוע,ספר בראשית,לך לך,פרשת לך לך - המאבק עם ישמעאל על על ירושת הארץ,18-Oct-18,עברית,https://www.youtube.com/watch?v=vNdwq48xtcg
1422,פרשת השבוע,ספר בראשית,לך לך,פרשת לך לך - הבטחת הארץ לאברהם אבינו,5-Nov-19,עברית,https://www.youtube.com/watch?v=SLdxZMn3Zko
1423,פרשת השבוע,ספר בראשית,לך לך,פרשת לך לך - ישראל נמצאת מעל המזל,7-Nov-19,אנגלית,https://www.youtube.com/watch?v=mB586BZwrf8
1424,פרשת השבוע,ספר בראשית,לך לך,פרשת לך לך - המלחמה הראשונה והשלכותיה על המלחמה האחרונה בהיסטוריה,7-Nov-19,עברית,https://www.youtube.com/watch?v=UnZbqG-r8B8
1425,פרשת השבוע,ספר בראשית,לך לך,פרשת לך לך - 'אברהם אבינו ועם ישראל נגד כל העולם - חלק א,26-Oct-20,עברית,https://www.youtube.com/watch?v=HxvS2qkBZZg
1426,פרשת השבוע,ספר בראשית,לך לך,פרשת לך לך - 'אברהם אבינו ועם ישראל נגד כל העולם - חלק ב,27-Oct-20,עברית,https://www.youtube.com/watch?v=K0Jtf6rUsrc
1427,פרשת השבוע,ספר בראשית,לך לך,"פרשת לך לך - עומק ברכת ""מגן אברהם"" בתפילת שמונה עשרה",30-Oct-20,עברית,https://www.youtube.com/watch?v=5P0F99VmayI
1428,פרשת השבוע,ספר בראשית,לך לך,פרשת לך לך - המסע של הנשמה - חלק א',11-Oct-21,עברית,https://www.youtube.com/watch?v=n5rcDU8QyHY
1429,פרשת השבוע,ספר בראשית,לך לך,פרשת לך לך - המסע של הנשמה - חלק ב׳,12-Oct-21,עברית,https://www.youtube.com/watch?v=aLl0naMPjYA
1430,פרשת השבוע,ספר בראשית,לך לך,פרשת לך לך - ההוכחה למציאות הבורא,30-Oct-22,עברית,https://www.youtube.com/watch?v=X_FoGRfm8bY
1431,פרשת השבוע,ספר בראשית,לך לך,פרשת לך לך - סוד שינוי השם,1-Nov-22,עברית,https://www.youtube.com/watch?v=mUTwHJYcO0g
1432,פרשת השבוע,ספר בראשית,לך לך,פרשת לך לך - המוצא היחיד מן המלחמה מול הערבים - על פי הנבואה,23-Oct-23,עברית,https://www.youtube.com/watch?v=LmJGMr-wGHc
1433,פרשת השבוע,ספר בראשית,לך לך,פרשת לך לך - אברם מחלץ את החטופים במבצע מוצלח,24-Oct-23,עברית,https://www.youtube.com/watch?v=Qea5O_1G3i4
1434,פרשת השבוע,ספר בראשית,לך לך,פרשת לך לך - ״בהבראם״ באברהם - העולם עומד על אברהם ועם ישראל,5-Nov-24,עברית,https://www.youtube.com/watch?v=_b1ME18JIe8
1435,פרשת השבוע,ספר בראשית,לך לך,פרשת לך לך - אברהם ותרח - סוד בירור הקדושה מתוך הטומאה,6-Nov-24,עברית,https://www.youtube.com/watch?v=CL4BVyRcLc0
1436,פרשת השבוע,ספר בראשית,לך לך,"פרשת לך לך - ההגנה על עם ישראל לאורך הדורות עד הגאולה בזכות אברהם אבינו ""מגן אברהם""",28-Oct-25,עברית,https://www.youtube.com/watch?v=w0Oj0fBe1JI
1437,פרשת השבוע,ספר בראשית,לך לך,"פרשת לך לך - המסע של אברהם אבינו מתחיל ב""אלף השלישי"" ונמשך עד ימינו",29-Oct-25,עברית,https://www.youtube.com/watch?v=P3ylaJyzqiA
1438,פרשת השבוע,ספר בראשית,מקץ,פרשת מקץ - חנוכה - קיצו של החושך,24-Dec-19,עברית,https://www.youtube.com/watch?v=JpnTs6M7Nhs
1439,פרשת השבוע,ספר בראשית,מקץ,"פרשת מקץ - ""יוסף הצדיק"" ו""דניאל איש חמודות"" יודעים את סודות הבורא",15-Dec-20,עברית,https://www.youtube.com/watch?v=FuBsxMi4Y0A
1440,פרשת השבוע,ספר בראשית,מקץ,"פרשת מקץ - עוצמת ה""אור"" שיוצא מתוך ה""חושך",19-Dec-22,עברית,https://www.youtube.com/watch?v=8kPQiT1caBQ
1441,פרשת השבוע,ספר בראשית,מקץ,פרשת מקץ - ״ויריצוהו מן הבור״ - המעבר המופלא מגלות לגאולה אצל יוסף ואצל כלל ישראל,24-Dec-24,עברית,https://www.youtube.com/watch?v=AadexuLbLqU
1442,פרשת השבוע,ספר בראשית,מקץ,"פרשת מקץ - תפיסתינו המוגבלת את האירועים במציאות לעומת ה""מחשבה"" האלוקית",16-Dec-25,עברית,https://www.youtube.com/watch?v=6DYEEeCzty4
1443,פרשת השבוע,ספר בראשית,נח,פרשת נח - המבול ומערכת הגמול,23-Oct-14,עברית,https://www.youtube.com/watch?v=FmdRFwJHKR0
1444,פרשת השבוע,ספר בראשית,נח,"פרשת נח - דור הפלגה , מגדל בבל , ועם ישראל",15-Oct-15,עברית,https://www.youtube.com/watch?v=T8IdxNsTM-Y
1445,פרשת השבוע,ספר בראשית,נח,פרשת נח - הקשת בענן - ברית עולם,1-Nov-16,עברית,https://www.youtube.com/watch?v=b6MOzxw-nIA
1446,פרשת השבוע,ספר בראשית,נח,"פרשת נח - ""מנמרוד ו""מגדל בבל"" ועד יש""ו וה""נצרות",17-Oct-17,עברית,https://www.youtube.com/watch?v=x3D9rOQz6cU
1447,פרשת השבוע,ספר בראשית,נח,"פרשת נח - ""האדם ""צלם אלוקים",17-Oct-17,עברית,https://www.youtube.com/watch?v=W5Z9DmQJYIQ
1448,פרשת השבוע,ספר בראשית,נח,"פרשת נח - האדם ""צלם אלוקים""- המשך",17-Oct-17,עברית,https://www.youtube.com/watch?v=GTrEAaZEsQA
1449,פרשת השבוע,ספר בראשית,נח,פרשת נח - שורש ההתפלגות בין ישראל לאומות העולם,9-Oct-18,עברית,https://www.youtube.com/watch?v=aetjcUSFG40
1450,פרשת השבוע,ספר בראשית,נח,פרשת נח - תיבת נח ומי המבול,11-Oct-18,עברית,https://www.youtube.com/watch?v=4m_Fh4JqaOU
1451,פרשת השבוע,ספר בראשית,נח,פרשת נח - סוד עניין ה״קשת בענן״,28-Oct-19,עברית,https://www.youtube.com/watch?v=bj-zK2GdB64
1452,פרשת השבוע,ספר בראשית,נח,פרשת נח - ״מגדל בבל״ - היווצרותם של העמים והלשונות,29-Oct-19,עברית,https://www.youtube.com/watch?v=6jkFb2sIdBc
1453,פרשת השבוע,ספר בראשית,נח,פרשת נח - שם חם ויפת - מפת ההיסטוריה האנושית,29-Oct-19,עברית,https://www.youtube.com/watch?v=j97EITOLNww
1454,פרשת השבוע,ספר בראשית,נח,פרשת נח - סוד עניין ה״קשת בענן״,31-Oct-19,אנגלית,https://www.youtube.com/watch?v=Y2C-rpBmqiA
1455,פרשת השבוע,ספר בראשית,נח,פרשת נח - שבע מצוות בני נח,31-Oct-19,עברית,https://www.youtube.com/watch?v=odkuOVIJXbo
1456,פרשת השבוע,ספר בראשית,נח,פרשת נח - למה אסור לרצוח ? - האדם ״צלם אלהים״,20-Oct-20,עברית,https://www.youtube.com/watch?v=mqIfk0AVWQU
1457,פרשת השבוע,ספר בראשית,נח,פרשת נח - אכילת בשר אחרי המבול,20-Oct-20,עברית,https://www.youtube.com/watch?v=KmO-f6o_R0I
1458,פרשת השבוע,ספר בראשית,נח,פרשת נח - המבול ו״מערכת הגמול״,4-Oct-21,עברית,https://www.youtube.com/watch?v=Nia_26M6tTc
1459,פרשת השבוע,ספר בראשית,נח,פרשת נח - יסודות התפלגות האנושות,5-Oct-21,עברית,https://www.youtube.com/watch?v=5bjyNmcnD2s
1460,פרשת השבוע,ספר בראשית,נח,"פרשת נח - סוד עניין ""ונח מצא חן""",5-Oct-21,עברית,https://www.youtube.com/watch?v=Xf7DxiUMUCo
1461,פרשת השבוע,ספר בראשית,נח,פרשת נח - השפעת המבול על מבנה כדור הארץ,8-Oct-21,עברית,https://www.youtube.com/watch?v=T1NyBADx3Ds
1462,פרשת השבוע,ספר בראשית,נח,פרשת נח - המבול ותיבת נח על פי הקבלה,25-Oct-22,עברית,https://www.youtube.com/watch?v=b_y2zzmoky4
1463,פרשת השבוע,ספר בראשית,נח,פרשת נח - התהליך המסתתר מאחורי דור הפלגה,25-Oct-22,עברית,https://www.youtube.com/watch?v=UfSZGGdK1xs
1464,פרשת השבוע,ספר בראשית,נח,פרשת נח - חם בן נח השורש הראשוני של ״ישמעאל״,17-Oct-23,עברית,https://www.youtube.com/watch?v=rmeUqyHwBh4
1465,פרשת השבוע,ספר בראשית,נח,פרשת נח - מגדל בבל - מה הוא הדבר הרע בכוונת בוני המגדל ?,29-Oct-24,עברית,https://www.youtube.com/watch?v=snQKidZLt5k
1466,פרשת השבוע,ספר בראשית,נח,פרשת נח - מגדל בבל - ״ונעשה לנו שם״,30-Oct-24,עברית,https://www.youtube.com/watch?v=aONS20fN9IY
1467,פרשת השבוע,ספר בראשית,נח,פרשת נח- אברהם אבינו ומסעו אל האמת,31-Oct-24,אנגלית,https://www.youtube.com/watch?v=U4qDk2BvOgk
1468,פרשת השבוע,ספר בראשית,נח,"פרשת נח - כיצד יתכן שיצא ""טוב"" דוקא מתוך ה""רוע"" הגמור ?",21-Oct-25,עברית,https://www.youtube.com/watch?v=fHTK_ulnyRk
1469,פרשת השבוע,ספר בראשית,נח,"פרשת נח - מהי ""תיבת נח"" בימינו שרק באמצעותה אפשר להינצל מ""המבול"" המשחית בדורינו",22-Oct-25,עברית,https://www.youtube.com/watch?v=kkqvVbAhNOY
1470,פרשת השבוע,ספר בראשית,תולדות,פרשת תולדות - יעקב ועשו המאבק על הבכורה,12-Nov-15,עברית,https://www.youtube.com/watch?v=RyOyrhZcAfE
1471,פרשת השבוע,ספר בראשית,תולדות,"פרשת תולדות - ""יעקב ועשו - ""המאבק",29-Nov-16,עברית,https://www.youtube.com/watch?v=qAASNrpWhYM
1472,פרשת השבוע,ספר בראשית,תולדות,פרשת תולדות - תולדות המאבק בין יעקב ועשו,14-Nov-17,עברית,https://www.youtube.com/watch?v=z7uPXnU6o2c
1473,פרשת השבוע,ספר בראשית,תולדות,פרשת תולדות - ?מתי מותר וצריך לשקר,16-Nov-17,עברית,https://www.youtube.com/watch?v=Oxv4pfKTtkI
1474,פרשת השבוע,ספר בראשית,תולדות,פרשת תולדות - ״ועל חרבך תחיה״ הסכנה שבחרבו של עשו,6-Nov-18,עברית,https://www.youtube.com/watch?v=1Rg5CkN7Slc
1475,פרשת השבוע,ספר בראשית,תולדות,פרשת תולדות - יעקב ועשו,6-Nov-18,עברית,https://www.youtube.com/watch?v=jjhISnMGM3o
1476,פרשת השבוע,ספר בראשית,תולדות,פרשת תולדות - עוצמת האיום של הצירוף בין עשו לישמעאל,8-Nov-18,עברית,https://www.youtube.com/watch?v=YajVQWsH9Ys
1477,פרשת השבוע,ספר בראשית,תולדות,פרשת תולדות - סוד חפירת הבארות,26-Nov-19,עברית,https://www.youtube.com/watch?v=obw5o1PIhu0
1478,פרשת השבוע,ספר בראשית,תולדות,פרשת תולדות - פשר השנאה של עשו ליעקב,25-Nov-19,עברית,https://www.youtube.com/watch?v=vj1FtPKQveA
1479,פרשת השבוע,ספר בראשית,תולדות,פרשת תולדות - יעקב ועשו,28-Nov-19,אנגלית,https://www.youtube.com/watch?v=tylpW5CSBh8
1480,פרשת השבוע,ספר בראשית,תולדות,"פרשת תולדות - ""עם ישראל"" ושורשיו באבות - אברהם , יצחק , ויעקב",16-Nov-20,עברית,https://www.youtube.com/watch?v=w_Yb0iraD34
1481,פרשת השבוע,ספר בראשית,תולדות,פרשת תולדות - עומק המאבק שבין יעקב לעשו,17-Nov-20,עברית,https://www.youtube.com/watch?v=ekZIMIyELbQ
1482,פרשת השבוע,ספר בראשית,תולדות,פרשת תולדות - כיצד מגדירים שמות האבות את תולדות אומתנו,31-Oct-21,אנגלית,https://www.youtube.com/watch?v=ryDfvg5s8Is
1483,פרשת השבוע,ספר בראשית,תולדות,"פרשת תולדות - סוד הפרדת ה""טוב"" מן ה""רע""",2-Nov-21,עברית,https://www.youtube.com/watch?v=_W7fk-VjKtg
1484,פרשת השבוע,ספר בראשית,תולדות,פרשת תולדות - שמותיהם של האבות כמעצבי היעוד וההסטוריה של עם ישראל,2-Nov-21,עברית,https://www.youtube.com/watch?v=sgmSX5QmVAQ
1485,פרשת השבוע,ספר בראשית,תולדות,פרשת תולדות - סוד ההגנה של עם ישראל מפני ״חרבו של עשיו״,21-Nov-22,עברית,https://www.youtube.com/watch?v=S4tGwgBZUE4
1486,פרשת השבוע,ספר בראשית,תולדות,פרשת תולדות - ניטרול הקשר המסוכן בין הערבים למדינות המערב על פי הקבלה - ״חזון הצלם״,14-Nov-23,עברית,https://www.youtube.com/watch?v=njO8jccSigQ
1487,פרשת השבוע,ספר בראשית,תולדות,"פרשת תולדות - יעקב ועשו - המתח שבין ה""חומר"" ל""רוח"" , ונצחון ה""רוח""",14-Nov-23,עברית,https://www.youtube.com/watch?v=jWNrXybvOFE
1488,פרשת השבוע,ספר בראשית,תולדות,פרשת תולדות - הנפילה של ישמעל והאיסלם בסוף הימים,25-Nov-24,אנגלית,https://www.youtube.com/watch?v=FJtx4MQfNxM
1489,פרשת השבוע,ספר בראשית,תולדות,פרשת תולדות - מתי ה״אמת״ מחייבת לשקר ?,26-Nov-24,עברית,https://www.youtube.com/watch?v=dsdUFKvaMcU
1490,פרשת השבוע,ספר בראשית,תולדות,"פרשת תולדות - סוד עניין חפירת ה״בארות״ , והאובססיה של ה״פלישתים״ לסתום אותם",27-Nov-24,עברית,https://www.youtube.com/watch?v=NLXAxhYwhns
1491,פרשת השבוע,ספר בראשית,תולדות,"פרשת תולדות - עומק כוונת ""איש יודע ציד"" של עשו , ודרכו של יעקב להתמודד מולה",18-Nov-25,עברית,https://www.youtube.com/watch?v=dT-9jCf16T8
1492,פרשת השבוע,ספר בראשית,תולדות,"פרשת תולדות - גילגולו של ""תיקון"" - אדם , חוה , הנחש , יעקב , רבקה , ועשו",19-Nov-25,עברית,https://www.youtube.com/watch?v=mdibt351Q9o
1493,פרשת השבוע,ספר בראשית,ויחי,פרשת ויחי - שמע ישראל,12-Dec-13,עברית,https://www.youtube.com/watch?v=TCNy4olfkzg
1494,פרשת השבוע,ספר בראשית,ויחי,פרשת ויחי - קיבוץ גלויות באחרית הימים,13-Dec-13,עברית,https://www.youtube.com/watch?v=9gH-ENKnRl8
1495,פרשת השבוע,ספר בראשית,ויחי,פרשת ויחי - במבט מלמעלה הכל נראה אחרת,22-Dec-15,עברית,https://www.youtube.com/watch?v=iMfmsMbEU5A
1496,פרשת השבוע,ספר בראשית,ויחי,פרשת ויחי - יעקב אבינו לא מגלה את הקץ,24-Dec-15,עברית,https://www.youtube.com/watch?v=tbhIrooyp-M
1497,פרשת השבוע,ספר בראשית,ויחי,פרשת ויחי - ״הכל לטובה״,26-Dec-17,עברית,https://www.youtube.com/watch?v=M4_bFdMjTco
1498,פרשת השבוע,ספר בראשית,ויחי,פרשת ויחי - עוד אבינו חי - יעקב אבינו לא מת,28-Dec-17,עברית,https://www.youtube.com/watch?v=Hlg88iOz8z4
1499,פרשת השבוע,ספר בראשית,ויחי,פרשת ויחי - יעקב רוצה לגלות לבניו את סוד אחרית הימים,11-Jan-17,עברית,https://www.youtube.com/watch?v=ajEuP-j8lig
1500,פרשת השבוע,ספר בראשית,ויחי,פרשת ויחי - ״הציפיה לישועה״,17-Dec-18,עברית,https://www.youtube.com/watch?v=wouDIbxHJPA
1501,פרשת השבוע,ספר בראשית,ויחי,פרשת ויחי - הכל לטובה - דברים שרואים משם לא רואים מכאן,20-Dec-18,עברית,https://www.youtube.com/watch?v=pPUYxFPSBmA
1502,פרשת השבוע,ספר בראשית,ויחי,פרשת ויחי - ״עוד אבינו חי - עם ישראל חי״,21-Dec-18,עברית,https://www.youtube.com/watch?v=dH0gMwBqGew
1503,פרשת השבוע,ספר בראשית,ויחי,פרשת ויחי - ברכת יעקב לשבטים,7-Jan-20,עברית,https://www.youtube.com/watch?v=jsV7Ux0aZPw
1504,פרשת השבוע,ספר בראשית,ויחי,פרשת ויחי - דבריו האחרונים של יעקב לבניו,9-Jan-20,עברית,https://www.youtube.com/watch?v=m-NF1kplpvw
1505,פרשת השבוע,ספר בראשית,ויחי,פרשת ויחי - ברכת יעקב לשבטים,9-Jan-20,אנגלית,https://www.youtube.com/watch?v=jsV7Ux0aZPw
1506,פרשת השבוע,ספר בראשית,ויחי,פרשת ויחי - יעקב ואחרית הימים,10-Jan-20,אנגלית,https://www.youtube.com/watch?v=WRu4rKef7rU
1507,פרשת השבוע,ספר בראשית,ויחי,פרשת ויחי - ה״קץ״ הסתום והנעלם,28-Dec-20,עברית,https://www.youtube.com/watch?v=zVvdQbUgJnA
1508,פרשת השבוע,ספר בראשית,ויחי,פרשת ויחי - סוד ה״ביטחון״ בה' של יעקב אבינו ועם ישראל לדורות,29-Dec-20,עברית,https://www.youtube.com/watch?v=xNq0vWaQrZ8
1509,פרשת השבוע,ספר בראשית,ויחי,"פרשת ויחי - קוד ""מנצפ""ך"" - אותיות הגאולה",14-Dec-21,עברית,https://www.youtube.com/watch?v=dFs_BjaVRNE
1510,פרשת השבוע,ספר בראשית,ויחי,"פרשת ויחי - נבואת יעקב על ה""ישועה"" האולטימטיבית",6-Jan-23,עברית,https://www.youtube.com/watch?v=TuFkPSa6lN8
1511,פרשת השבוע,ספר בראשית,ויחי,פרשת ויחי - תופעת ״משיחי השקר״ לאורך ההיסטוריה,26-Dec-23,עברית,https://www.youtube.com/watch?v=INjuHvwlfTI
1512,פרשת השבוע,ספר בראשית,ויחי,פרשת ויחי - מה מסתתר מאחרי דברי יעקב אבינו על ״אחרית הימים״,26-Dec-23,עברית,https://www.youtube.com/watch?v=5MsbLzWbT1Q
1513,פרשת השבוע,ספר בראשית,ויחי,פרשת ויחי - סוד עניין ״משיח בן אפרים״ - ״וישם את אפרים לפני מנשה״,7-Jan-25,עברית,https://www.youtube.com/watch?v=21WB99B6EJw
1514,פרשת השבוע,ספר בראשית,ויחי,פרשת ויחי - ״יהודה אתה יודוך אחיך״ מי הוא יהודי ?,8-Jan-25,עברית,https://www.youtube.com/watch?v=DxYMZO2V2pk
1515,פרשת השבוע,ספר בראשית,ויחי,"פרשת ויחי - יעקב אבינו לא מת - הסוד מאחורי ""עם ישראל חי""",28-Dec-25,עברית,https://www.youtube.com/watch?v=OThdZLA700g
1516,פרשת השבוע,ספר בראשית,ויחי,"פרשת ויחי - ברכת יעקב לשנים עשר שבטי ישראל , וסוד המילים ""כל אלה שבטי ישראל""",31-Dec-25,עברית,https://www.youtube.com/watch?v=K1lnykCC_FQ
1517,פרשת השבוע,ספר בראשית,וירא,פרשת וירא - גירוש ישמעאל והמאבק על הר הבית,27-Oct-15,עברית,https://www.youtube.com/watch?v=kfV8DoJJ6Fk
1518,פרשת השבוע,ספר בראשית,וירא,פרשת וירא - ישמעאל באחרית הימים,27-Oct-15,אנגלית,https://www.youtube.com/watch?v=wXRFtqkfNnQ
1519,פרשת השבוע,ספר בראשית,וירא,פרשת וירא - הפיכת סדום ועמורה,29-Oct-15,עברית,https://www.youtube.com/watch?v=UBMDxYJHmmY
1520,פרשת השבוע,ספר בראשית,וירא,"פרשת וירא - גירוש ישמעאל - ""תהליך השלום"" עם הערבים [חלק א']",30-Oct-17,עברית,https://www.youtube.com/watch?v=o84JAcS8fWY
1521,פרשת השבוע,ספר בראשית,וירא,"פרשת וירא - גירוש ישמעאל - ""תהליך השלום"" עם הערבים [חלק ב']",30-Oct-17,עברית,https://www.youtube.com/watch?v=R5XorCAgIcQ
1522,פרשת השבוע,ספר בראשית,וירא,פרשת וירא - מה גרם להפיכת סדום ועמורה,31-Oct-17,עברית,https://www.youtube.com/watch?v=muwcK3Q1KbM
1523,פרשת השבוע,ספר בראשית,וירא,פרשת וירא - ?מדוע המלך המשיח נמצא בסדום,1-Nov-17,עברית,https://www.youtube.com/watch?v=BMMI6YNI9eo
1524,פרשת השבוע,ספר בראשית,וירא,פרשת וירא - תפקידו של ישמעאל בהיסטוריה של עם ישראל,2-Nov-17,עברית,https://www.youtube.com/watch?v=8YGsOdPliG4
1525,פרשת השבוע,ספר בראשית,וירא,פרשת וירא - מדת החסד של אברהם מול החסד המעוות של ישמעאל,2-Nov-17,עברית,https://www.youtube.com/watch?v=O4uvGmb-mmI
1526,פרשת השבוע,ספר בראשית,וירא,פרשת וירא - מה יכל למנוע את חורבן סדום ועמורה,23-Oct-18,עברית,https://www.youtube.com/watch?v=Z34pztqhrHM
1527,פרשת השבוע,ספר בראשית,וירא,פרשת וירא - ״צוחק - מי שצוחק אחרון״,23-Oct-18,עברית,https://www.youtube.com/watch?v=8M4dB4-336E
1528,פרשת השבוע,ספר בראשית,וירא,פרשת וירא - לידת יצחק - צוחק מי שצוחק אחרון,12-Nov-19,עברית,https://www.youtube.com/watch?v=kxaO4da8PGk
1529,פרשת השבוע,ספר בראשית,וירא,פרשת וירא - לידת יצחק - צוחק מי שצוחק אחרון,12-Nov-19,אנגלית,https://www.youtube.com/watch?v=E71kiczKtSw
1530,פרשת השבוע,ספר בראשית,וירא,פרשת וירא - חורבן סדום,14-Nov-19,אנגלית,https://www.youtube.com/watch?v=pbbG42SvqZs
1531,פרשת השבוע,ספר בראשית,וירא,פרשת וירא - בנות לוט וסוד משיח בן דוד,14-Nov-19,עברית,https://www.youtube.com/watch?v=67TOsc1l0wg
1532,פרשת השבוע,ספר בראשית,וירא,פרשת וירא - המכסה אני מאברהם - גילוי סוד ההנהגה לנביאים,2-Nov-20,עברית,https://www.youtube.com/watch?v=IyfQ88niWwU
1533,פרשת השבוע,ספר בראשית,וירא,פרשת וירא - אברהם אבינו כמחנך האומה,4-Nov-20,עברית,https://www.youtube.com/watch?v=kVaGyj2E9KQ
1534,פרשת השבוע,ספר בראשית,וירא,פרשת וירא - אברהם וסוד האותיות במילה ״ירושלים״,18-Oct-21,עברית,https://www.youtube.com/watch?v=MKLcGykaKMQ
1535,פרשת השבוע,ספר בראשית,וירא,"פרשת וירא - אברהם אבינו - ""חסד"" ראוי , ו""חסד"" מעוות",19-Oct-21,עברית,https://www.youtube.com/watch?v=3DXjABwo6go
1536,פרשת השבוע,ספר בראשית,וירא,פרשת וירא - עומק הבנת הדיאלוג בין אברהם והקב״ה על גורלה של סדום,7-Nov-22,עברית,https://www.youtube.com/watch?v=5tvc_2Obtiw
1537,פרשת השבוע,ספר בראשית,וירא,פרשת וירא - שרה מזהה ומתקנת את החטא של חוה והנחש,8-Nov-22,עברית,https://www.youtube.com/watch?v=MdlmVQ4mDnU
1538,פרשת השבוע,ספר בראשית,וירא,פרשת וירא - אין היתכנות ל״דו קיום״ בין יצחק וישמעאל,31-Oct-23,עברית,https://www.youtube.com/watch?v=iGobme6P3Oc
1539,פרשת השבוע,ספר בראשית,וירא,?פרשת וירא - מה באמת מצחיק בשם של ״יצחק״,31-Oct-23,עברית,https://www.youtube.com/watch?v=yBSSISFIBM0
1540,פרשת השבוע,ספר בראשית,וירא,פרשת וירא - השגחה פרטית על ארץ ישראל שהיא ״נחלת השם״,12-Nov-24,עברית,https://www.youtube.com/watch?v=S86S7GWuElg
1541,פרשת השבוע,ספר בראשית,וירא,פרשת וירא - חמישים הצדיקים ב״סדום״ של ימינו בארץ ישראל,13-Nov-24,עברית,https://www.youtube.com/watch?v=2ROGgtwVrIU
1542,פרשת השבוע,ספר בראשית,וירא,פרשת וירא - עקידת יצחק ״ומצאת את לבבו נאמן לפניך״,15-Nov-24,עברית,https://www.youtube.com/watch?v=3F7KD9i388s
1543,פרשת השבוע,ספר בראשית,וירא,"רשת וירא - גילוי סודות ""הנהגת העולם"" לנביאים ול""חכמים""",4-Nov-25,עברית,https://www.youtube.com/watch?v=TPCVCE1C8P0
1544,פרשת השבוע,ספר בראשית,וירא,פרשת וירא - על מה ובזכות מי העולם ממשיך להתקיים למרות כל הטפשות והרוע,5-Nov-25,עברית,https://www.youtube.com/watch?v=ZDiHGSW2xbM
1545,פרשת השבוע,ספר בראשית,וישב,?פרשת וישב - החלומות של יוסף - כיצד יש להתייחס לחלומות,4-Dec-17,עברית,https://www.youtube.com/watch?v=s5j6HWNhvzE
1546,פרשת השבוע,ספר בראשית,וישב,פרשת וישב - יעקב ויוסף וסוד ״כתונת הפסים״,29-Nov-18,עברית,https://www.youtube.com/watch?v=ew82wuTUzVE
1547,פרשת השבוע,ספר בראשית,וישב,פרשת וישב - מקומו המיוחד של יוסף בתשתית של עם ישראל,8-Dec-20,עברית,https://www.youtube.com/watch?v=FoINSJQ_Qo4
1548,פרשת השבוע,ספר בראשית,וישב,פרשת וישב - יהודה ותמר - סוד מלכות בית דוד,23-Nov-21,עברית,https://www.youtube.com/watch?v=0LVnsc46eS0
1549,פרשת השבוע,ספר בראשית,וישב,"""פרשת וישב - סוד ""כתונת הפסים",13-Dec-22,עברית,https://www.youtube.com/watch?v=OJdF_vaZ7nM
1550,פרשת השבוע,ספר בראשית,וישב,פרשת וישב - העיר שכם וסוד עניין ה״מלוכה״,4-Dec-23,עברית,https://www.youtube.com/watch?v=I0a2ahsV-zM
1551,פרשת השבוע,ספר בראשית,וישב,פרשת וישב - סוד ועומק עניין ״וישלחהו מעמק חברון״,17-Dec-24,עברית,https://www.youtube.com/watch?v=NrNnU0d8dAk
1552,פרשת השבוע,ספר בראשית,וישב,"פרשת וישב - ענין ה""חלומות"" , מהות ה""חלום"" וכיצד יש להתייחס אליו",9-Dec-25,עברית,https://www.youtube.com/watch?v=-KEEHbva4H8
1553,פרשת השבוע,ספר בראשית,ויצא,פרשת ויצא - המקום בו נפגשים השמים והארץ - החומר והרוח,16-Nov-15,עברית,https://www.youtube.com/watch?v=tkMhsLdDx2c
1554,פרשת השבוע,ספר בראשית,ויצא,פרשת ויצא - אחדות עם ישראל,17-Nov-15,עברית,https://www.youtube.com/watch?v=i2uR60lg2Pg
1555,פרשת השבוע,ספר בראשית,ויצא,"פרשת ויצא - אמת ושקר , למי ומתי מותר וצריך לשקר",19-Nov-15,עברית,https://www.youtube.com/watch?v=78t6RR9JU_o
1556,פרשת השבוע,ספר בראשית,ויצא,פרשת ויצא - חלום סולם יעקב - חלק א,20-Nov-17,עברית,https://www.youtube.com/watch?v=jth8mhV6Vig
1557,פרשת השבוע,ספר בראשית,ויצא,פרשת ויצא - חלום סולם יעקב - חלק ב׳,20-Nov-17,עברית,https://www.youtube.com/watch?v=QCAKauj9wEY
1558,פרשת השבוע,ספר בראשית,ויצא,?פרשת ויצא - ״ואמונתך בלילות״ - מהי אמונה,21-Nov-17,עברית,https://www.youtube.com/watch?v=psxfA-wG7bQ
1559,פרשת השבוע,ספר בראשית,ויצא,פרשת ויצא - עומק משמעות שמות השבטים,23-Nov-17,עברית,https://www.youtube.com/watch?v=PqeDT5YHjXU
1560,פרשת השבוע,ספר בראשית,ויצא,פרשת ויצא - לבן הארמי - שורש שנאת ישראל,23-Nov-17,עברית,https://www.youtube.com/watch?v=VmSFwJR0xTw
1561,פרשת השבוע,ספר בראשית,ויצא,פרשת ויצא - המקום בו נפגשים השמים והארץ,12-Nov-18,עברית,https://www.youtube.com/watch?v=jyCyPxeJOes
1562,פרשת השבוע,ספר בראשית,ויצא,פרשת ויצא - ״ושמרתיך בכל אשר תלך״,13-Nov-18,עברית,https://www.youtube.com/watch?v=PPyzgJSNQUM
1563,פרשת השבוע,ספר בראשית,ויצא,?פרשת ויצא - מתי ה-״אמת״ מחייבת לשקר,5-Dec-19,אנגלית,https://www.youtube.com/watch?v=sweZrQUxguI
1564,פרשת השבוע,ספר בראשית,ויצא,?פרשת ויצא - מתי ה-״אמת״ מחייבת לשקר,3-Dec-19,עברית,https://www.youtube.com/watch?v=3mEeQuDZ_0s
1565,פרשת השבוע,ספר בראשית,ויצא,פרשת ויצא - סוד האמונה בלילות ומזמור שיר ליום השבת,24-Nov-20,עברית,https://www.youtube.com/watch?v=HBBuBQ4h3w8
1566,פרשת השבוע,ספר בראשית,ויצא,פרשת ויצא - הבטחת הקדוש ברוך הוא על קיומו הנצחי של עם ישראל בנבואת ״סולם יעקב״,24-Nov-20,עברית,https://www.youtube.com/watch?v=JMuzA4KxxQI
1567,פרשת השבוע,ספר בראשית,ויצא,"פרשת ויצא - הנבואה ב""חלום סולם יעקב""",9-Nov-21,עברית,https://www.youtube.com/watch?v=5mC1etGKNWQ
1568,פרשת השבוע,ספר בראשית,ויצא,פרשת ויצא - עוצמת ועומק התמודדות ה״אמת״ מול ה״שקר״,9-Nov-21,עברית,https://www.youtube.com/watch?v=TP7PHQaqpEg
1569,פרשת השבוע,ספר בראשית,ויצא,"פרשת ויצא - היציאה מה""מגבלות"" אל ה""אין סוף""",28-Nov-22,עברית,https://www.youtube.com/watch?v=GQuW2Ju-rNc
1570,פרשת השבוע,ספר בראשית,ויצא,פרשת ויצא - משמעות שמות השבטים,29-Nov-22,עברית,https://www.youtube.com/watch?v=vZOJTd563Ms
1571,פרשת השבוע,ספר בראשית,ויצא,פרשת ויצא - המירשם ל״הישרדות״ עם ישראל בהיסטוריה,21-Nov-23,עברית,https://www.youtube.com/watch?v=0gi3vnQIK3Y
1572,פרשת השבוע,ספר בראשית,ויצא,פרשת ויצא - מי הוא ״לבן הארמי״ ? ומדוע הוא כל כך מסוכן,21-Nov-23,עברית,https://www.youtube.com/watch?v=HnlnJD0hoh4
1573,פרשת השבוע,ספר בראשית,ויצא,פרשת ויצא - ״מעשה אבות״ ל״גלות אדום״ בה אנו נמצאים,3-Dec-24,עברית,https://www.youtube.com/watch?v=vKpwIM20wYo
1574,פרשת השבוע,ספר בראשית,ויצא,פרשת ויצא - ״יוסף״ (ומשיח בן יוסף) משמיד את עשו ועמלק,4-Dec-24,עברית,https://www.youtube.com/watch?v=bhvreGe24aY
1575,פרשת השבוע,ספר בראשית,ויצא,"פרשת ויצא - המיסתורין שמסביב ל""עיר"" ""לוז"" , והקשר ליעקב אבינו ולעם ישראל",25-Nov-25,עברית,https://www.youtube.com/watch?v=-FTWV3ywf1Q
1576,פרשת השבוע,ספר בראשית,ויצא,"פרשת ויצא - תעלומת העיר ""לוז""",25-Nov-25,אנגלית,https://www.youtube.com/watch?v=QZJJZIk6lJE
1577,פרשת השבוע,ספר בראשית,ויצא,"פרשת ויצא - סוד עניין ""צאן לבן"" - שש מאות אלף נשמות ישראל",26-Nov-25,עברית,https://www.youtube.com/watch?v=f_OjylY-hjQ
1578,פרשת השבוע,ספר בראשית,ויגש,פרשת ויגש - יהודה ויוסף,9-Dec-13,עברית,https://www.youtube.com/watch?v=N5LV3yHgewY
1579,פרשת השבוע,ספר בראשית,ויגש,פרשת ויגש - המלכות של יוסף ויהודה,8-Jan-17,עברית,https://www.youtube.com/watch?v=yBCri3DWQ1Y
1580,פרשת השבוע,ספר בראשית,ויגש,פרשת ויגש - סוד משיח בן יוסף ומשיח בן דוד,11-Dec-18,עברית,https://www.youtube.com/watch?v=8Yz0WXS5MuA
1581,פרשת השבוע,ספר בראשית,ויגש,פרשת ויגש - ה״ערבות״ ההיסטורית של יהודה,11-Dec-18,עברית,https://www.youtube.com/watch?v=CwCnBawrwSQ
1582,פרשת השבוע,ספר בראשית,ויגש,פרשת ויגש - הירידה של יעקב אבינו למצרים,31-Dec-19,עברית,https://www.youtube.com/watch?v=Np6Wh75qtd8
1583,פרשת השבוע,ספר בראשית,ויגש,פרשת ויגש - הירידה של יעקב אבינו למצרים,2-Jan-20,אנגלית,https://www.youtube.com/watch?v=q64H5uu6i2A
1584,פרשת השבוע,ספר בראשית,ויגש,פרשת ויגש - עץ יוסף ועץ יהודה ועצי הגן בגן העדן,21-Dec-20,עברית,https://www.youtube.com/watch?v=jAxO3Uv8L50
1585,פרשת השבוע,ספר בראשית,ויגש,פרשת ויגש - סוד הישרדותו של עם ישראל בתוככי טומאת ה״גלות״,7-Dec-21,עברית,https://www.youtube.com/watch?v=AWmKhFSuWY8
1586,פרשת השבוע,ספר בראשית,ויגש,פרשת ויגש - החיבור שבין יהודה לבנימין,7-Dec-21,עברית,https://www.youtube.com/watch?v=0mJtEPd7W_Y
1587,פרשת השבוע,ספר בראשית,ויגש,"""פרשת ויגש - סוד עניינה של ""ארץ גושן",27-Dec-22,עברית,https://www.youtube.com/watch?v=qYK_FpyuhWw
1588,פרשת השבוע,ספר בראשית,ויגש,"פרשת ויגש - ה""התגלות"" של יוסף לאחיו והמקבילה באחרית הימים",27-Dec-22,עברית,https://www.youtube.com/watch?v=AHeT6fxVPh4
1589,פרשת השבוע,ספר בראשית,ויגש,פרשת ויגש - איך שומרים על ה״זהות היהודית״ מול אתגרי העידן העכשוי,19-Dec-23,עברית,https://www.youtube.com/watch?v=6pwV_Gu0MaE
1590,פרשת השבוע,ספר בראשית,ויגש,פרשת ויגש - סוד עניין “גלות מצרים״ על פי הקבלה ותורת האר״י ז״ל,19-Dec-23,עברית,https://www.youtube.com/watch?v=O4yCPGJm0ls
1591,פרשת השבוע,ספר בראשית,ויגש,פרשת ויגש - ״אל תירא מרדה מצרימה״ - נחיצות ״גלות מצרים״ וה״גלות״ בכלל על פי הקבלה,31-Dec-24,עברית,https://www.youtube.com/watch?v=fR0IrTUTMM8
1592,פרשת השבוע,ספר בראשית,ויגש,"פרשת ויגש - עניין ""משיח בן יוסף"" ו""משיח בן דוד"" וחלקו של כל אחד מהם בגאולה העתידה",24-Dec-25,עברית,https://www.youtube.com/watch?v=RMtDrLCEJbs
1593,פרשת השבוע,ספר בראשית,וישלח,פרשת וישלח - כיצד מתמודדים מול האנטישמיות,25-Nov-15,עברית,https://www.youtube.com/watch?v=0c4OCLbHBVs
1594,פרשת השבוע,ספר בראשית,וישלח,פרשת וישלח - הצלת ישראל מאיום המלחמה של עשיו,13-Dec-16,עברית,https://www.youtube.com/watch?v=tAEWR1bbV0s
1595,פרשת השבוע,ספר בראשית,וישלח,פרשת וישלח - האונס של דינה ומלחמת החשמונאים,13-Dec-16,עברית,https://www.youtube.com/watch?v=VLjO_r2b7Hk
1596,פרשת השבוע,ספר בראשית,וישלח,פרשת וישלח - המאבק במעבר יבוק ושינוי שמו של יעקב ל- ״ישראל״,28-Nov-17,עברית,https://www.youtube.com/watch?v=tQ_PMKm8lao
1597,פרשת השבוע,ספר בראשית,וישלח,פרשת וישלח - השורש הרוחני של מלחמת החשמונאים ביוונים,28-Nov-17,עברית,https://www.youtube.com/watch?v=Qmn2d86utTU
1598,פרשת השבוע,ספר בראשית,וישלח,פרשת וישלח - חיוך וחיבוק הדב של עשו עלול לחסל את עם ישראל,28-Nov-17,עברית,https://www.youtube.com/watch?v=OGGZYFLTOPY
1599,פרשת השבוע,ספר בראשית,וישלח,פרשת וישלח - ״עשו הוא אדום״ - רומא והנצרות,30-Nov-17,עברית,https://www.youtube.com/watch?v=RMMhpIIdwYc
1600,פרשת השבוע,ספר בראשית,וישלח,פרשת וישלח - סוד שם העיר ״לוז״,15-Nov-18,עברית,https://www.youtube.com/watch?v=qH4Wd7Hnrbw
1601,פרשת השבוע,ספר בראשית,וישלח,פרשת וישלח - הנחש הקדמוני מנסה להחזיר את רגליו,20-Nov-18,עברית,https://www.youtube.com/watch?v=IhB2gXDkpaY
1602,פרשת השבוע,ספר בראשית,וישלח,פרשת וישלח - העימות בין ה״כל״ לבין ה״רב״,20-Nov-18,עברית,https://www.youtube.com/watch?v=m9bNtGMiDrk
1603,פרשת השבוע,ספר בראשית,וישלח,פרשת וישלח - ״לא יקרא שמך עוד יעקב״,10-Dec-19,עברית,https://www.youtube.com/watch?v=0UdZ2kZ0lqs
1604,פרשת השבוע,ספר בראשית,וישלח,פרשת וישלח - 'סיפור חנוכה וסיפורה של דינה - חלק א,10-Dec-19,אנגלית,https://www.youtube.com/watch?v=m-94pjFXhCI
1605,פרשת השבוע,ספר בראשית,וישלח,פרשת וישלח - 'סיפור חנוכה וסיפורה של דינה - חלק ב,10-Dec-19,אנגלית,https://www.youtube.com/watch?v=QFuBi5ykymM
1606,פרשת השבוע,ספר בראשית,וישלח,פרשת וישלח - ההקבלה המדהימה בין חנוכה למעשה דינה,12-Dec-19,עברית,https://www.youtube.com/watch?v=efsg_uKP68U
1607,פרשת השבוע,ספר בראשית,וישלח,פרשת וישלח - הסוד שמאחורי השמות יעקב וישראל,12-Dec-19,אנגלית,https://www.youtube.com/watch?v=S4zmPC-IvKE
1608,פרשת השבוע,ספר בראשית,וישלח,פרשת וישלח - ההיערכות האסטרטגית של יעקב להישרדות של עם ישראל בהיסטוריה,13-Dec-19,עברית,https://www.youtube.com/watch?v=rLaRORyJgXA
1609,פרשת השבוע,ספר בראשית,וישלח,פרשת וישלח - יעקב מזהה את הסכנה המרכזית לקיומו של עם ישראל,1-Dec-20,עברית,https://www.youtube.com/watch?v=Ly76u4FnAKU
1610,פרשת השבוע,ספר בראשית,וישלח,"פרשת וישלח - ""הפגיעה בכף הירך - ""גזירות השמד",2-Dec-20,עברית,https://www.youtube.com/watch?v=bJTsfSgFSIY
1611,פרשת השבוע,ספר בראשית,וישלח,"פרשת וישלח - סוד ״גלות אדום״ , עשיו , רומא , והנצרות",17-Nov-21,עברית,https://www.youtube.com/watch?v=UxiJniIILXo
1612,פרשת השבוע,ספר בראשית,וישלח,פרשת וישלח - הקשר המרתק בין מלחמת החשמונאים למעשה דינה,5-Dec-22,עברית,https://www.youtube.com/watch?v=Zpgc6fNSOKc
1613,פרשת השבוע,ספר בראשית,וישלח,פרשת וישלח - סודה הנשגב של ה״מנחה״ שנתן יעקב לעשו,6-Dec-22,עברית,https://www.youtube.com/watch?v=1r6Pqrr03Ng
1614,פרשת השבוע,ספר בראשית,וישלח,פרשת וישלח - התנהלות יעקב מול ה״שונא״ הרצחני - עשו,28-Nov-23,עברית,https://www.youtube.com/watch?v=5RSRTGy46nI
1615,פרשת השבוע,ספר בראשית,וישלח,פרשת וישלח - אסטרטגיית ״שני המחנות״ - סוד ההשרדות של עם ישראל בהיסטוריה,10-Dec-24,עברית,https://www.youtube.com/watch?v=MZv3B2_Yd0U
1616,פרשת השבוע,ספר בראשית,וישלח,"פרשת וישלח - ההשלכה לדורות של ה""מאבק במעבר יבוק""",11-Dec-24,עברית,https://www.youtube.com/watch?v=y3yB26-MrEg
1617,פרשת השבוע,ספר בראשית,וישלח,"פרשת וישלח - עומק ענין ה""דורונות"" שנתן יעקב לעשו , וחזרתם למקומם באחרית הימים",2-Dec-25,עברית,https://www.youtube.com/watch?v=lkO0wdDtV84
1618,פרשת השבוע,ספר בראשית,וישלח,"פרשת וישלח - ""עשו הוא אדום"" - מהו הקשר שבין עשו ו""אדום"" ל""רומא"" וה""נצרות""",3-Dec-25,עברית,https://www.youtube.com/watch?v=X6U-rsKFk40
1619,פרשת השבוע,ספר דברים,דברים,שרשי הגלות בתוכחת משה את ישראל לפני מותו,28-Jul-14,עברית,https://www.youtube.com/watch?v=zwebawfBDyI
1620,פרשת השבוע,ספר דברים,דברים,שרשי הגלות בתוכחת משה את ישראל לפני מותו [גירסה ב],31-Jul-14,עברית,https://www.youtube.com/watch?v=ThlDCH4M1x8
1621,פרשת השבוע,ספר דברים,דברים,מגילת איכה - שרשי הגלות והגאולה,20-Jul-15,עברית,https://www.youtube.com/watch?v=rinX2ZQp2j0
1622,פרשת השבוע,ספר דברים,דברים,"חזון ישעיהו , ומגילת איכה",9-Aug-16,עברית,https://www.youtube.com/watch?v=M2quTe4aRsA
1623,פרשת השבוע,ספר דברים,דברים,פרשת דברים ומגילת איכה,11-Aug-16,אנגלית,https://www.youtube.com/watch?v=loQGnD_DJ5w
1624,פרשת השבוע,ספר דברים,דברים,איכה אשא לבדי - בכיה לדורות,25-Jul-17,עברית,https://www.youtube.com/watch?v=LM_KqyG5I0A
1625,פרשת השבוע,ספר דברים,דברים,תשעה באב ומגילת איכה,6-Aug-19,עברית,https://www.youtube.com/watch?v=pZkjovBdlBo
1626,פרשת השבוע,ספר דברים,דברים,"""איכה"" של משה , ו""איכה"" של ישעיהו הנביא",21-Jul-20,עברית,https://www.youtube.com/watch?v=TdrwvVXDSR8
1627,פרשת השבוע,ספר דברים,דברים,"שורש עניין ""שנאת חנם"" על פי הקבלה","Jul 13, 2021",עברית,https://www.youtube.com/watch?v=1YZd5M6scAE
1628,פרשת השבוע,ספר דברים,דברים,? מה היא באמת - ״שנאת חינם״,1-Aug-22,עברית,https://www.youtube.com/watch?v=Qz55tiHIo7M
1629,פרשת השבוע,ספר דברים,דברים,פרשת דברים - ״דברי ירמיהו״ - ההתרעה שלפני החורבן,18-Jul-23,עברית,https://www.youtube.com/watch?v=qNJsQtu2riI
1630,פרשת השבוע,ספר דברים,דברים,פרשת דברים - ביאור עניין ״שנאת חינם״,18-Jul-23,עברית,https://www.youtube.com/watch?v=CewC9dbmqcQ
1631,פרשת השבוע,ספר דברים,דברים,פרשת דברים - שלשת השושבינים ששואלים ״איכה״ ?,6-Aug-24,עברית,https://www.youtube.com/watch?v=KRTwLh3LOcQ
1632,פרשת השבוע,ספר דברים,דברים,"פרשת דברים - מה היא ""שנאת חנם"" ?",6-Aug-24,עברית,https://www.youtube.com/watch?v=V9mFMMKyOUc
1633,פרשת השבוע,ספר דברים,דברים,פרשת דברים - חטא המרגלים ט' באב,7-Aug-24,אנגלית,https://www.youtube.com/watch?v=nAyIKcAKcgg
1634,פרשת השבוע,ספר דברים,דברים,פרשת דברים - ״חזון ישעיהו״ - השחיתות והסיאוב ב״מערכת המשפט״ בימים ההם ובזמן הזה,29-Jul-25,עברית,https://www.youtube.com/watch?v=LNIZl-upP14
1635,פרשת השבוע,ספר דברים,האזינו,שירת האזינו,22-Sep-14,עברית,https://www.youtube.com/watch?v=2tO2W4g1N_M
1636,פרשת השבוע,ספר דברים,האזינו,כי לא דבר ריק הוא מכם,23-Sep-14,עברית,https://www.youtube.com/watch?v=weMdxEj6Zq8
1637,פרשת השבוע,ספר דברים,האזינו,לא משתלם להתחכם עם הקדוש ברוך הוא,10-Oct-19,עברית,https://www.youtube.com/watch?v=tae5Hu_7qoo
1638,פרשת השבוע,ספר דברים,האזינו,ה״נבואה״ האחרונה של משה רבנו,14-Sep-21,עברית,https://www.youtube.com/watch?v=Dxzl4nWmFjY
1639,פרשת השבוע,ספר דברים,האזינו,"פרשת האזינו - ה""מסמך"" שעונה על כל השאלות בדבר סבלו של עם ישראל לאורך ההיסטוריה",1-Oct-25,עברית,https://www.youtube.com/watch?v=WlNGeJfCdkI
1640,פרשת השבוע,ספר דברים,כי תבא,פרשת כי תבא - המפתח לעיצוב פני ההיסטוריה,10-Sep-14,עברית,https://www.youtube.com/watch?v=f9HzRZDKYOQ
1641,פרשת השבוע,ספר דברים,כי תבא,פרשת כי תבא - הגורל ההיסטורי המוזר של עם ישראל,5-Sep-17,עברית,https://www.youtube.com/watch?v=hVIE1az79K8
1642,פרשת השבוע,ספר דברים,כי תבא,פרשת כי תבא - הנבואות בפרשה המתגשמות לנגד עיננו,17-Sep-19,עברית,https://www.youtube.com/watch?v=jhAM1x4sIho
1643,פרשת השבוע,ספר דברים,כי תבא,פרשת כי תבא - הנבואות בפרשה המתגשמות לנגד עיננו,19-Sep-19,אנגלית,https://www.youtube.com/watch?v=z1mPd7FNTeE
1644,פרשת השבוע,ספר דברים,כי תבא,פרשת כי תבא - הגורל ההיסטורי המוזר של עם ישראל,22-Sep-19,אנגלית,https://www.youtube.com/watch?v=BMHgpyhvuZ4
1645,פרשת השבוע,ספר דברים,כי תבא,"פרשת כי תבא - ""הכרת הטוב"" לעומת ""כפיות טובה",1-Sep-20,עברית,https://www.youtube.com/watch?v=YZxfN-qljzk
1646,פרשת השבוע,ספר דברים,כי תבא,"פרשת כי תבא - ""תכלה שנה וקללותיה , תחל שנה וברכותיה","Aug 23, 2021",עברית,https://www.youtube.com/watch?v=MdMi84O0o_4
1647,פרשת השבוע,ספר דברים,כי תבא,פרשת כי תבא - משמעות היותו של עם ישראל ״עם סגולה״,"Aug 24, 2021",עברית,https://www.youtube.com/watch?v=8RYzytcsXnA
1648,פרשת השבוע,ספר דברים,כי תבא,פרשת כי תבא - עניינה של ״ברית״ ערבות מואב,12-Sep-22,עברית,https://www.youtube.com/watch?v=oqeafXe3PCg
1649,פרשת השבוע,ספר דברים,כי תבא,פרשת כי תבא - הזוהר והרמב״ן על הגלות והגאולה,13-Sep-22,עברית,https://www.youtube.com/watch?v=I5h4LydyuNE
1650,פרשת השבוע,ספר דברים,כי תבא,פרשת כי תבא - עם ישראל ״עליון על כל הגויים״,29-Aug-23,עברית,https://www.youtube.com/watch?v=Lq7M97UZrlo
1651,פרשת השבוע,ספר דברים,כי תבא,פרשת כי תבא - הנבואות מראש על ההיסטוריה יוצאת הדופן של עם ישראל,17-Sep-24,עברית,https://www.youtube.com/watch?v=vNkqPkC5J_w
1652,פרשת השבוע,ספר דברים,כי תבא,פרשת כי תבא - ״מציאת ספר התורה״ בתקופת יאשיהו מלך יהודה,18-Sep-24,עברית,https://www.youtube.com/watch?v=t7hmVzsLd6A
1653,פרשת השבוע,ספר דברים,כי תבא,"פרשת כי תבא - ה""צעדים הראשונים"" של עם ישראל בארץ ישראל - העיר ""שכם"" לטוב ולרע",9-Sep-25,עברית,https://www.youtube.com/watch?v=wmFwPugAF2g
1654,פרשת השבוע,ספר דברים,כי תצא,פרשת כי תצא - מצוות השבת אבידה על פי הנגלה והנסתר,3-Sep-14,עברית,https://www.youtube.com/watch?v=hqnBOfv4dW0
1655,פרשת השבוע,ספר דברים,כי תצא,פרשת כי תצא - סוד מצוות שילוח הקן [חלק ראשון],29-Aug-17,עברית,https://www.youtube.com/watch?v=e45TWn0RSps
1656,פרשת השבוע,ספר דברים,כי תצא,פרשת כי תצא - סוד מצוות שילוח הקן [חלק שני],29-Aug-17,עברית,https://www.youtube.com/watch?v=AdGPCDn8zD4
1657,פרשת השבוע,ספר דברים,כי תצא,"פרשת כי תצא - עומק מצוות ""השבת אבידה"" - הפשט , הרמז , והסוד",30-Aug-17,עברית,https://www.youtube.com/watch?v=S-uNKUXm4pw
1658,פרשת השבוע,ספר דברים,כי תצא,פרשת כי תצא - מחיית עמלק ומלכות השם בעולם,31-Aug-17,עברית,https://www.youtube.com/watch?v=AavK1hcT2Ww
1659,פרשת השבוע,ספר דברים,כי תצא,פרשת כי תצא - מצוות שילוח הקן,10-Sep-19,עברית,https://www.youtube.com/watch?v=KEA7VXzfGPk
1660,פרשת השבוע,ספר דברים,כי תצא,פרשת כי תצא - האספקט הנסתר בעניין ״בן סורר ומורה״,26-Aug-20,עברית,https://www.youtube.com/watch?v=qWcoZDN5PnI
1661,פרשת השבוע,ספר דברים,כי תצא,"פרשת כי תצא - סוד עניין ""אשת יפת תואר","Aug 18, 2021",עברית,https://www.youtube.com/watch?v=RopaV3ujJAk
1662,פרשת השבוע,ספר דברים,כי תצא,"פרשת כי תצא - סכנת צירוף ה""שור"" וה""חמור",6-Sep-22,עברית,https://www.youtube.com/watch?v=tDeN38OKWys
1663,פרשת השבוע,ספר דברים,כי תצא,"פרשת כי תצא - ""לא תשים דמים בביתך"" - שמירת הגוף והנפש",6-Sep-22,עברית,https://www.youtube.com/watch?v=kmCzZtofW-o
1664,פרשת השבוע,ספר דברים,כי תצא,פרשת כי תצא - כח הדיבור,22-Aug-23,עברית,https://www.youtube.com/watch?v=L209dTca5_c
1665,פרשת השבוע,ספר דברים,כי תצא,פרשת כי תצא - ״לא יבא עמוני ומואבי בקהל השם״ - סוד מלכות בית דוד,10-Sep-24,עברית,https://www.youtube.com/watch?v=xNHp0GJ9nys
1666,פרשת השבוע,ספר דברים,כי תצא,פרשת כי תצא - מהות ועוצמת שנאת עמלק,11-Sep-24,עברית,https://www.youtube.com/watch?v=vbfG8SJEFSs
1667,פרשת השבוע,ספר דברים,כי תצא,"פרשת כי תצא - מצות ""מחיית עמלק"" עניינו ומהותו של ""עמלק"" , והרלוונטיות לימינו",3-Sep-25,עברית,https://www.youtube.com/watch?v=t001PoLy80g
1668,פרשת השבוע,ספר דברים,נצבים,"פרשת נצבים - הברית בין עם ישראל לבין ה' , והשלכותיה על אדמת ארץ ישראל",11-Sep-14,עברית,https://www.youtube.com/watch?v=b6SdPZbNJ_o
1669,פרשת השבוע,ספר דברים,נצבים,פרשת נצבים - משמעות הברית בין ה' לעם ישראל,8-Sep-15,עברית,https://www.youtube.com/watch?v=fD097x_f4jY
1670,פרשת השבוע,ספר דברים,נצבים,פרשת נצבים - ה״ברית״ הדרמטית ביום פטירתו של משה רבינו,4-Sep-18,עברית,https://www.youtube.com/watch?v=WShcmyNxOiM
1671,פרשת השבוע,ספר דברים,נצבים,פרשת נצבים - הנבואה על תהליך הגאולה באחרית הימים,5-Sep-18,עברית,https://www.youtube.com/watch?v=mVbgDEdKjL8
1672,פרשת השבוע,ספר דברים,נצבים,פרשת נצבים - הברית הנצחית עם עם ישראל לדורותיו,23-Sep-19,עברית,https://www.youtube.com/watch?v=2HMv6v9UyKU
1673,פרשת השבוע,ספר דברים,נצבים,פרשת נצבים - ביטול הבחירה באחרית הימים,31-Aug-21,עברית,https://www.youtube.com/watch?v=XquWVximQgs
1674,פרשת השבוע,ספר דברים,נצבים,פרשת נצבים - סוד תופעת ״שורש פורה ראש ולענה״,19-Sep-22,עברית,https://www.youtube.com/watch?v=0qH44wtUVWU
1675,פרשת השבוע,ספר דברים,נצבים,פרשת נצבים וילך - העברת ההנהגה ליהושע וכתיבת התורה,5-Sep-23,עברית,https://www.youtube.com/watch?v=NKAXt0A6U-E
1676,פרשת השבוע,ספר דברים,נצבים,פרשת נצבים-וילך - משמעות קיום או קיום חלקינו בהסכם (״הברית״)עם הקדוש ברוך הוא,24-Sep-24,עברית,https://www.youtube.com/watch?v=LdIo2zWNZBc
1677,פרשת השבוע,ספר דברים,נצבים,פרשת נצבים - מי היא ה״אחות הקטנה״ ? ותפילתה שתכלה השנה וקללותיה,25-Sep-24,עברית,https://www.youtube.com/watch?v=_I7GKQjH_8Q
1678,פרשת השבוע,ספר דברים,ראה,תורת ה' ניצחית ולא ניתנת לשינוי,18-Aug-14,עברית,https://www.youtube.com/watch?v=tREIkPctgtM
1679,פרשת השבוע,ספר דברים,ראה,הפילוסופיה שמאחרי כשרות המזון,11-Aug-15,עברית,https://www.youtube.com/watch?v=EdO20SBynV8
1680,פרשת השבוע,ספר דברים,ראה,הבחירה והשלכותיה - הברכה והקללה,12-Aug-15,עברית,https://www.youtube.com/watch?v=lvJiSM8EbCA
1681,פרשת השבוע,ספר דברים,ראה,כח הבחירה החפשית,14-Aug-17,עברית,https://www.youtube.com/watch?v=pQh_MFL0dho
1682,פרשת השבוע,ספר דברים,ראה,"יהדות ונצרות - מי היה יש""ו",17-Aug-17,עברית,https://www.youtube.com/watch?v=QRVE0dvCASA
1683,פרשת השבוע,ספר דברים,ראה,"״נביא או חולם חלום"" - מהו ערכם של אותות ומופתים",6-Aug-18,עברית,https://www.youtube.com/watch?v=3g0Ydlwyy3w
1684,פרשת השבוע,ספר דברים,ראה,מאכלים אסורים,7-Aug-18,עברית,https://www.youtube.com/watch?v=HuJtjy8EG-0
1685,פרשת השבוע,ספר דברים,ראה,״לא תוסיף ולא תגרע״ - נצחיות התורה,27-Aug-19,עברית,https://www.youtube.com/watch?v=9wpm16ZsHJI
1686,פרשת השבוע,ספר דברים,ראה,הברכה והקללה בהר גריזים ובהר עיבל,29-Aug-19,עברית,https://www.youtube.com/watch?v=aNgz8_D9ZEM
1687,פרשת השבוע,ספר דברים,ראה,הברכה והקללה תלויות בשמירת הברית עם השם,11-Aug-20,עברית,https://www.youtube.com/watch?v=jzqSVWZmpFc
1688,פרשת השבוע,ספר דברים,ראה,"אתגר ה""עמידה בנסיון"" של עם ישראל","Aug 3, 2021",עברית,https://www.youtube.com/watch?v=aCRs7FTncms
1689,פרשת השבוע,ספר דברים,ראה,"""עשר תעשר"" - עשר כדי שתתעשר","Aug 3, 2021",עברית,https://www.youtube.com/watch?v=tU7JM_PrPtA
1690,פרשת השבוע,ספר דברים,ראה,"״לפניכם״ ״היום״ - תנאי שירות , והגמול האמיתי",22-Aug-22,עברית,https://www.youtube.com/watch?v=mB7L0UoMSuo
1691,פרשת השבוע,ספר דברים,ראה,""" סוד האפקט של ה""מצוות",23-Aug-22,עברית,https://www.youtube.com/watch?v=2l5o-O9U_h4
1692,פרשת השבוע,ספר דברים,ראה,פרשת ראה - ״בחירה חופשית״ - ניתוח מנגנוני קבלת החלטות,8-Aug-23,עברית,https://www.youtube.com/watch?v=GP-zz4fbCuc
1693,פרשת השבוע,ספר דברים,ראה,פרשת ראה - מאורעות ימינו לאור הנבואה,9-Aug-23,עברית,https://www.youtube.com/watch?v=QMcUYgWyZ3g
1694,פרשת השבוע,ספר דברים,ראה,"פרשת ראה- ה״דרך״ , וה״הסתה״ וה״הדחה״ מן הדרך",27-Aug-24,עברית,https://www.youtube.com/watch?v=DAI7me6TBZY
1695,פרשת השבוע,ספר דברים,ראה,פרשת ראה - החשיבות והברכה של מצוות ״מעשר״,29-Aug-24,עברית,https://www.youtube.com/watch?v=1qKH9IZl63s
1696,פרשת השבוע,ספר דברים,ראה,"פרשת ראה - עמידה מול ""מסיתים ומדיחים"" רבי עוצמה",19-Aug-25,עברית,https://www.youtube.com/watch?v=fg8MpgVGVso
1697,פרשת השבוע,ספר דברים,ראה,"פרשת ראה - ""עשר תעשר"" - סוד הסיפרה עשר , וכיצד הפרשת מעשר לקדושה מביאה לעשירות",20-Aug-25,עברית,https://www.youtube.com/watch?v=HfU6qeBd_DA
1698,פרשת השבוע,ספר דברים,שופטים,מהי שיטת הממשל האידיאלית,1-Sep-14,עברית,https://www.youtube.com/watch?v=omqt4hpAQnk
1699,פרשת השבוע,ספר דברים,שופטים,מערכת המשפט על פי תורת ה,18-Aug-15,עברית,https://www.youtube.com/watch?v=BsK8_Rn9Q8c
1700,פרשת השבוע,ספר דברים,שופטים,"""ושפטו את העם משפט צדק"" - בין בג""ץ של אמת ל-בג""ץ של שקר",22-Aug-17,עברית,https://www.youtube.com/watch?v=DgQbsM-cExM
1701,פרשת השבוע,ספר דברים,שופטים,איסור כישוף ודרישה אל המתים,23-Aug-17,עברית,https://www.youtube.com/watch?v=1NOv1sFhWdw
1702,פרשת השבוע,ספר דברים,שופטים,"מצוות מינוי מלך בישראל , הסיכון והתקוה",24-Aug-17,עברית,https://www.youtube.com/watch?v=mleqFi2vXEE
1703,פרשת השבוע,ספר דברים,שופטים,סמכות השיפוט ופרשנות חוקי התורה לסנהדרין בלבד,14-Aug-18,עברית,https://www.youtube.com/watch?v=uUjCvI105jE
1704,פרשת השבוע,ספר דברים,שופטים,מלך בישראל - המלך המשיח,15-Aug-18,עברית,https://www.youtube.com/watch?v=c94TLcokra0
1705,פרשת השבוע,ספר דברים,שופטים,״נביא מקרבך מאחיך כמוני״,16-Aug-18,עברית,https://www.youtube.com/watch?v=nMSK8g6b5DU
1706,פרשת השבוע,ספר דברים,שופטים,?״השוחד יעוור עיני חכמים״ - איך זה עובד,3-Sep-19,עברית,https://www.youtube.com/watch?v=yCXS0yBW40g
1707,פרשת השבוע,ספר דברים,שופטים,מינוי המלך בישראל,3-Sep-19,עברית,https://www.youtube.com/watch?v=jjiQ2A5YO6k
1708,פרשת השבוע,ספר דברים,שופטים,״לא תסור ימין ושמאל״,5-Sep-19,עברית,https://www.youtube.com/watch?v=wqwR8pcby9M
1709,פרשת השבוע,ספר דברים,שופטים,האיכות הנדרשת מ״מערכת המשפט״,18-Aug-20,עברית,https://www.youtube.com/watch?v=NZYjz-Bzk3g
1710,פרשת השבוע,ספר דברים,שופטים,״השיבה שופטינו כבראשונה״,"Aug 11, 2021",עברית,https://www.youtube.com/watch?v=93ry2ocX-O4
1711,פרשת השבוע,ספר דברים,שופטים,שוחד מעוות את שיקול הדעת,30-Aug-22,עברית,https://www.youtube.com/watch?v=StZzW7tRcYc
1712,פרשת השבוע,ספר דברים,שופטים,מינוי מלך בישראל,30-Aug-22,עברית,https://www.youtube.com/watch?v=leQNYu-hEyQ
1713,פרשת השבוע,ספר דברים,שופטים,פרשת שופטים - מה הם סמכויותיהם של השופטים ?,14-Aug-23,עברית,https://www.youtube.com/watch?v=ZmXQBta9V1E
1714,פרשת השבוע,ספר דברים,שופטים,פרשת שופטים - ידיעת העתידות,16-Aug-23,עברית,https://www.youtube.com/watch?v=uCaHPPY6sbw
1715,פרשת השבוע,ספר דברים,שופטים,"פרשת שופטים - מצוות מינוי מלך בישראל , והבנת עניין ״המלך המשיח״",3-Sep-24,עברית,https://www.youtube.com/watch?v=waaNIVAoqAY
1716,פרשת השבוע,ספר דברים,שופטים,פרשת שופטים - שופטי צדק לעומת ״שופטי״ הרשע והרוע,4-Sep-24,עברית,https://www.youtube.com/watch?v=n5CKD6tFqt0
1717,פרשת השבוע,ספר דברים,שופטים,"פרשת שופטים - ""שפיטה"" ו""מלכות"" ברמה האישית - עבודת האדם ""שליטה עצמית""",27-Aug-25,עברית,https://www.youtube.com/watch?v=1y2rTtXokPk
1718,פרשת השבוע,ספר דברים,ואתחנן,תהליך הגאולה באחרית הימים,7-Aug-14,עברית,https://www.youtube.com/watch?v=8GuXCGOWtzY
1719,פרשת השבוע,ספר דברים,ואתחנן,"""נחמו נחמו עמי""",28-Jul-15,עברית,https://www.youtube.com/watch?v=hbmyfz2iJn8
1720,פרשת השבוע,ספר דברים,ואתחנן,"שמע ישראל , ואהבת את ה' - מה היא אהבת ה",29-Jul-15,עברית,https://www.youtube.com/watch?v=eKoYtKGCsIU
1721,פרשת השבוע,ספר דברים,ואתחנן,שמע ישראל - סוד ייחוד השם,24-Jul-18,עברית,https://www.youtube.com/watch?v=uwgXRLEDj1c
1722,פרשת השבוע,ספר דברים,ואתחנן,״הנהיה כדבר הגדול הזה״ - בלעדיות מעמד הר סיני,24-Jul-18,עברית,https://www.youtube.com/watch?v=4n-6-jRGvH8
1723,פרשת השבוע,ספר דברים,ואתחנן,חוקים ומשפטים צדיקים,26-Jul-18,עברית,https://www.youtube.com/watch?v=LgmphroNu0A
1724,פרשת השבוע,ספר דברים,ואתחנן,״שמע ישראל ה׳ אלהינו ה׳ אחד״,13-Aug-19,עברית,https://www.youtube.com/watch?v=chTK03ouYH8
1725,פרשת השבוע,ספר דברים,ואתחנן,האזהרה לחיות בארץ על פי חוקי התורה בלבד,13-Aug-19,עברית,https://www.youtube.com/watch?v=gbrS7fpPe2w
1726,פרשת השבוע,ספר דברים,ואתחנן,אזהרה שלא לשכוח את מעמד הר סיני,15-Aug-19,עברית,https://www.youtube.com/watch?v=UYsUUAc9-5k
1727,פרשת השבוע,ספר דברים,ואתחנן,תהליך התשובה באחרית הימים,15-Aug-19,אנגלית,https://www.youtube.com/watch?v=MdMDU6qN5CE
1728,פרשת השבוע,ספר דברים,ואתחנן,"""רזא דרזין"" - מי באמת שולט בעולם","Jul 20, 2021",עברית,https://www.youtube.com/watch?v=2v2yR0s1qYs
1729,פרשת השבוע,ספר דברים,ואתחנן,העוצמה הטמונה במשפט : ״שמע ישראל ה' אלהינו ה' אחד״,9-Aug-22,עברית,https://www.youtube.com/watch?v=21ZJzeVNkO8
1730,פרשת השבוע,ספר דברים,ואתחנן,נבואת משה על אחרית הימים,9-Aug-22,עברית,https://www.youtube.com/watch?v=98RpvAGDeQg
1731,פרשת השבוע,ספר דברים,ואתחנן,הגלות והגאולה,12-Aug-22,עברית,https://www.youtube.com/watch?v=6yV2UwkGu5U
1732,פרשת השבוע,ספר דברים,ואתחנן,פרשת ואתחנן - נבואת משה על בירור ה״אמת״ באחרית הימים,25-Jul-23,עברית,https://www.youtube.com/watch?v=v9EGNugZ3nM
1733,פרשת השבוע,ספר דברים,ואתחנן,"פרשת ואתחנן - ביאור מעמיק ומרתק של הפסוק ""שמע ישראל""",14-Aug-24,עברית,https://www.youtube.com/watch?v=rBWO5WgwLxI
1734,פרשת השבוע,ספר דברים,ואתחנן,"פרשת ואתחנן - ""נחמו נחמו עמי"" - כיצד תיתכן ""נחמה"" כאשר ה""חורבן"" עדיין בעינו ?",5-Aug-25,עברית,https://www.youtube.com/watch?v=8u9zFbRWG5w
1735,פרשת השבוע,ספר דברים,ואתחנן,"פרשת ואתחנן - ""ה' כרת עמנו ברית . אנחנו אלה פה"" - רלוונטיות ה""ברית"" לימינו [מעודכן]",6-Aug-25,עברית,https://www.youtube.com/watch?v=oJvrRT8L3M0
1736,פרשת השבוע,ספר דברים,וילך,ה״גזרה״ וה״בחירה החופשית״,9-Sep-20,עברית,https://www.youtube.com/watch?v=PfGuWwRMpD4
1737,פרשת השבוע,ספר דברים,וזאת הברכה,משה איש האלקים - עבד ה,18-Nov-14,עברית,https://www.youtube.com/watch?v=cngzcQXMD5s
1738,פרשת השבוע,ספר דברים,וזאת הברכה,לא קם בישראל נביא כמשה,17-Oct-19,עברית,https://www.youtube.com/watch?v=4LdH3e-GV-0
1739,פרשת השבוע,ספר דברים,וזאת הברכה,ברכת משה לשבטים [יששכר וזבולון],6-Oct-20,עברית,https://www.youtube.com/watch?v=KvdIBb9g34g
1740,פרשת השבוע,ספר דברים,וזאת הברכה,"ישראל, עשיו וישמעאל",31-Oct-24,אנגלית,https://www.youtube.com/watch?v=--c-EXzy03Y
1741,פרשת השבוע,ספר דברים,וזאת הברכה,"פרשת וזאת הברכה - סוד עניין ""ויראהו ה' את כל הארץ""",13-Oct-25,עברית,https://www.youtube.com/watch?v=-glyjn4lTB4
1742,פרשת השבוע,ספר דברים,עקב,עומק משמעות ברכת המזון - חלק א' [גרסה מורחבת],13-Aug-14,עברית,https://www.youtube.com/watch?v=kAtq2U7sE3I
1743,פרשת השבוע,ספר דברים,עקב,עומק משמעות ברכת המזון - חלק ב' [גרסה מורחבת],29-Aug-14,עברית,https://www.youtube.com/watch?v=5axUAWY8Rpo
1744,פרשת השבוע,ספר דברים,עקב,עומק משמעות ברכת המזון [גרסה ג'],12-Sep-14,עברית,https://www.youtube.com/watch?v=Ypsd5Q9kPZE
1745,פרשת השבוע,ספר דברים,עקב,עומק משמעות ברכת המזון,12-Aug-14,עברית,https://www.youtube.com/watch?v=0XvvtCrY5Ks
1746,פרשת השבוע,ספר דברים,עקב,לראות אל מעבר לחומר,4-Aug-15,עברית,https://www.youtube.com/watch?v=T8Wh2pyIkLM
1747,פרשת השבוע,ספר דברים,עקב,עומק משמעות ברכת המזון,5-Aug-15,עברית,https://www.youtube.com/watch?v=uVqgENXsudA
1748,פרשת השבוע,ספר דברים,עקב,ארץ חמדה טובה ורחבה,2-Aug-18,עברית,https://www.youtube.com/watch?v=BMJFQ8qSh6A
1749,פרשת השבוע,ספר דברים,עקב,ביאור ״ברכת המזון״,4-Aug-20,עברית,https://www.youtube.com/watch?v=WOsgfzUyWIs
1750,פרשת השבוע,ספר דברים,עקב,סוד ברכת הנברא לבוראו,"Jul 27, 2021",עברית,https://www.youtube.com/watch?v=Q1WnQUqAQ_o
1751,פרשת השבוע,ספר דברים,עקב,?מה השם רוצה ממך,16-Aug-22,עברית,https://www.youtube.com/watch?v=4uSNKslN_-k
1752,פרשת השבוע,ספר דברים,עקב,פרשת עקב - מערכת משפט אידאלית וה״קרע״ בעם,1-Aug-23,עברית,https://www.youtube.com/watch?v=BwKzq9eNWOI
1753,פרשת השבוע,ספר דברים,עקב,פרשת עקב - פשט רמז דרש וסוד בביאור המושג ״עקב״,20-Aug-24,עברית,https://www.youtube.com/watch?v=mtjMoeLop-g
1754,פרשת השבוע,ספר דברים,עקב,פרשת עקב - האם ארץ ישראל אכן שייכת לנו ?,20-Aug-24,עברית,https://www.youtube.com/watch?v=2I_uOjFNquc
1755,פרשת השבוע,ספר דברים,עקב,"פרשת עקב - ""ברכת המזון"" - עומק המשמעות של ארץ ישראל - ארץ חמדה , טובה , ורחבה""",12-Aug-25,עברית,https://www.youtube.com/watch?v=A1vIvVvRMBs
1756,פרשת השבוע,ספר דברים,עקב,"פרשת עקב - מה ה' שואל ממך ? ה""מצוות"" וה""טוב"" המוחלט",13-Aug-25,עברית,https://www.youtube.com/watch?v=wW4_0oYwtAs
1757,פרשת השבוע,ספר שמות,בשלח,פרשת בשלח - קריעת ים סוף,6-Jan-14,עברית,https://www.youtube.com/watch?v=Ncd1A3XQ9W0
1758,פרשת השבוע,ספר שמות,בשלח,פרשת בשלח - תחילת המסע של עם ישראל בהיסטוריה,10-Jan-14,עברית,https://www.youtube.com/watch?v=tO3ijeazlvM
1759,פרשת השבוע,ספר שמות,בשלח,"פרשת בשלח - ""מה נמצא בעומק ""קריעת ים סוף",18-Jan-16,עברית,https://www.youtube.com/watch?v=p6u75fA8aNA
1760,פרשת השבוע,ספר שמות,בשלח,פרשת בשלח - מלחמת עמלק,21-Jan-16,עברית,https://www.youtube.com/watch?v=EfZnWYh0PMQ
1761,פרשת השבוע,ספר שמות,בשלח,פרשת בשלח - ירידת המן - לחם מן השמים,22-Jan-16,עברית,https://www.youtube.com/watch?v=jG73kf4cvQY
1762,פרשת השבוע,ספר שמות,בשלח,פרשת בשלח - עומק עניין ״קריעת ים סוף״,6-Feb-17,אנגלית,https://www.youtube.com/watch?v=UlTlUbkc9gQ
1763,פרשת השבוע,ספר שמות,בשלח,פרשת בשלח - מלחמת עמלק בישראל,8-Feb-17,עברית,https://www.youtube.com/watch?v=xLf7tG3RtH4
1764,פרשת השבוע,ספר שמות,בשלח,פרשת בשלח - ״וחמושים עלו בני ישראל״ -ה״ציפיה לגאולה״,23-Jan-18,עברית,https://www.youtube.com/watch?v=AJURCbTPrQM
1765,פרשת השבוע,ספר שמות,בשלח,פרשת בשלח - עומק עניין ״קריעת ים סוף״,23-Jan-18,עברית,https://www.youtube.com/watch?v=TyhF3wCobQ8
1766,פרשת השבוע,ספר שמות,בשלח,פרשת בשלח - ה״שבת״ בהיסטוריה,25-Jan-18,עברית,https://www.youtube.com/watch?v=OTMhpR-prFE
1767,פרשת השבוע,ספר שמות,בשלח,פרשת בשלח - מה נחשף כשנקרע ים סוף,14-Jan-19,עברית,https://www.youtube.com/watch?v=pBBuUumeGWU
1768,פרשת השבוע,ספר שמות,בשלח,פרשת בשלח - מהות המושג ״שירה״,15-Jan-19,עברית,https://www.youtube.com/watch?v=I-CRNvGi6Nk
1769,פרשת השבוע,ספר שמות,בשלח,פרשת בשלח - ירידת המן מן השמים יציאה מבועת החומר,15-Jan-19,עברית,https://www.youtube.com/watch?v=ML3MT3j3zwU
1770,פרשת השבוע,ספר שמות,בשלח,"פרשת בשלח - ""מהות ""עמלק",17-Jan-19,אנגלית,https://www.youtube.com/watch?v=j5jfNQY3e_s
1771,פרשת השבוע,ספר שמות,בשלח,פרשת בשלח - ״לא על הלחם לבדו יחיה האדם״,18-Jan-19,עברית,https://www.youtube.com/watch?v=aB-aD_OLFXI
1772,פרשת השבוע,ספר שמות,בשלח,"פרשת בשלח - ""עומק הרעיון ""שירה",3-Feb-20,אנגלית,https://www.youtube.com/watch?v=1Y4fioxwjMw
1773,פרשת השבוע,ספר שמות,בשלח,פרשת בשלח - ״כי אני השם רופאך״ - מחלה ורפואה,4-Feb-20,עברית,https://www.youtube.com/watch?v=N7085ln9WVo
1774,פרשת השבוע,ספר שמות,בשלח,פרשת בשלח - הפניה לקדוש ברוך הוא ומשמעותה בגאולה,25-Jan-21,עברית,https://www.youtube.com/watch?v=wy6Zb7zsQjk
1775,פרשת השבוע,ספר שמות,בשלח,"פרשת בשלח - ?""מה הכוונה זה קשה כ""קריעת ים סוף",26-Jan-21,עברית,https://www.youtube.com/watch?v=oKW61T-mT0A
1776,פרשת השבוע,ספר שמות,בשלח,"פרשת בשלח - המתקת מי מרה באמצעות ״עץ״ , והקשר ל""עץ"" של טו' בשבט",10-Jan-22,עברית,https://www.youtube.com/watch?v=vl6f-g0iDIY
1777,פרשת השבוע,ספר שמות,בשלח,פרשת בשלח - אסטרטגיית ההטעיה שהובילה להטבעת המצרים בים,11-Jan-22,עברית,https://www.youtube.com/watch?v=JEdNEq67oeY
1778,פרשת השבוע,ספר שמות,בשלח,"""פרשת בשלח - הבנה מעמיקה של ""שירת הים",29-Jan-23,אנגלית,https://www.youtube.com/watch?v=FV5VGF5ZQUM
1779,פרשת השבוע,ספר שמות,בשלח,פרשת בשלח - למה עם ישראל נקראים עברים ? בגלל שהם עברו ים,31-Jan-23,עברית,https://www.youtube.com/watch?v=8y1Sw6sUu6E
1780,פרשת השבוע,ספר שמות,בשלח,פרשת בשלח - עומק ענין ״טביעת״ המצרים בים,23-Jan-24,עברית,https://www.youtube.com/watch?v=Z39B5QkwQx8
1781,פרשת השבוע,ספר שמות,בשלח,פרשת בשלח - ה”טירונות״ המתבקשת בדרך ל״הר סיני״,23-Jan-24,עברית,https://www.youtube.com/watch?v=2vaDyNPEGjQ
1782,פרשת השבוע,ספר שמות,בשלח,"פרשת בשלח - ""ופרעה הקריב"" - הצרה מכניסה אותנו לפרופורציה הנכונה",4-Feb-25,עברית,https://www.youtube.com/watch?v=EwAyBU-x80s
1783,פרשת השבוע,ספר שמות,בשלח,פרשת בשלח - סוד המתקת ״המים המרים״,5-Feb-25,עברית,https://www.youtube.com/watch?v=TGgLp9c0s6w
1784,פרשת השבוע,ספר שמות,בא,פרשת בא - ניסים גדולים וניסים נסתרים,30-Dec-13,עברית,https://www.youtube.com/watch?v=pag658GaYEs
1785,פרשת השבוע,ספר שמות,בא,"פרשת בא - קידוש החודש , כח החידוש בעולם של שיגרה",2-Jan-14,עברית,https://www.youtube.com/watch?v=SG-Jq62c1G8
1786,פרשת השבוע,ספר שמות,בא,פרשת בא - המשמעות הפילוסופית של ניסי מצרים,19-Jan-15,עברית,https://www.youtube.com/watch?v=YkY5IFfNrIg
1787,פרשת השבוע,ספר שמות,בא,פרשת בא - מצוות קידוש החודש,12-Jan-16,עברית,https://www.youtube.com/watch?v=AM-fp8aKR8c
1788,פרשת השבוע,ספר שמות,בא,פרשת בא - ההשלכות הפילוסופיות של עשר מכות מצרים,14-Jan-16,עברית,https://www.youtube.com/watch?v=52_YRg4Lt24
1789,פרשת השבוע,ספר שמות,בא,"פרשת בא - ה""ערב רב"" מיציאת מצרים ועד ימינו",1-Feb-17,עברית,https://www.youtube.com/watch?v=56U2t-bhXhc
1790,פרשת השבוע,ספר שמות,בא,"פרשת בא - ""ה""ערב רב",1-Feb-17,אנגלית,https://www.youtube.com/watch?v=GT0uF3YRWlo
1791,פרשת השבוע,ספר שמות,בא,פרשת בא - קידוש החודש,15-Jan-18,אנגלית,https://www.youtube.com/watch?v=HeBZ_-jdCI4
1792,פרשת השבוע,ספר שמות,בא,פרשת בא - כי אני הכבדתי את לבו - שלילת הבחירה של פרעה,16-Jan-18,עברית,https://www.youtube.com/watch?v=hS6d_RU6kUU
1793,פרשת השבוע,ספר שמות,בא,פרשת בא - עם ישראל מעל ה״מזל״,16-Jan-18,עברית,https://www.youtube.com/watch?v=DpfOuBJfYZU
1794,פרשת השבוע,ספר שמות,בא,פרשת בא - התגלות ה׳ בתוך מצרים - מכת בכורות,18-Jan-18,עברית,https://www.youtube.com/watch?v=kCdQySrw7WU
1795,פרשת השבוע,ספר שמות,בא,פרשת בא - קידוש החדש - חידוש בעולם של שיגרה,19-Jan-18,עברית,https://www.youtube.com/watch?v=zXxtfysqYIc
1796,פרשת השבוע,ספר שמות,בא,פרשת בא - ״וגם ערב רב עלה איתם״ - המידע בתורת הקבלה,8-Jan-19,עברית,https://www.youtube.com/watch?v=OKi5VFoGPNs
1797,פרשת השבוע,ספר שמות,בא,פרשת בא - שלשת המכות האחרונות וסוד מצוות הנחת תפילין,9-Jan-19,עברית,https://www.youtube.com/watch?v=qBRrC1Wp-4g
1798,פרשת השבוע,ספר שמות,בא,פרשת בא - גאולת מצרים והגאולה העתידה,10-Jan-19,עברית,https://www.youtube.com/watch?v=5MyrhsVbW2o
1799,פרשת השבוע,ספר שמות,בא,פרשת בא - הכבדת לב פרעה ושלילת הבחירה שלו,28-Jan-20,עברית,https://www.youtube.com/watch?v=q7ZPapaGL7o
1800,פרשת השבוע,ספר שמות,בא,פרשת בא - קידוש החודש,27-Jan-20,אנגלית,https://www.youtube.com/watch?v=I0ihgDmiS24
1801,פרשת השבוע,ספר שמות,בא,פרשת בא - 'הכרת מציאות האל - חלק א,28-Jan-20,אנגלית,https://www.youtube.com/watch?v=6pgvApsDOKM
1802,פרשת השבוע,ספר שמות,בא,פרשת בא - 'הכרת מציאות האל - חלק ב,28-Jan-20,אנגלית,https://www.youtube.com/watch?v=kckYyyP8O3U
1803,פרשת השבוע,ספר שמות,בא,פרשת בא - שלילת הבחירה של פרעה,30-Jan-20,אנגלית,https://www.youtube.com/watch?v=17hYXWgChkE
1804,פרשת השבוע,ספר שמות,בא,פרשת בא - שלשת המכות האחרונות על פי הקבלה,30-Jan-20,עברית,https://www.youtube.com/watch?v=jXufuojT2vU
1805,פרשת השבוע,ספר שמות,בא,פרשת בא - העדות על ה״אמת״ בעולם,18-Jan-21,עברית,https://www.youtube.com/watch?v=FeFr6__rEUg
1806,פרשת השבוע,ספר שמות,בא,פרשת בא - עומק עניין ״מכת החושך״,19-Jan-21,עברית,https://www.youtube.com/watch?v=XwKjuDXM31Q
1807,פרשת השבוע,ספר שמות,בא,פרשת בא - מהות ה״מכות״ בגאולת מצרים,3-Jan-22,עברית,https://www.youtube.com/watch?v=yerTHLHd1rs
1808,פרשת השבוע,ספר שמות,בא,פרשת בא - עומק עניין ״מכת החושך״,4-Jan-22,אנגלית,https://www.youtube.com/watch?v=1iY-YN5B5Tc
1809,פרשת השבוע,ספר שמות,בא,"""פרשת בא - ""ביזת מצרים"" ו""ביזת הים",4-Jan-22,עברית,https://www.youtube.com/watch?v=qq442GDzOP8
1810,פרשת השבוע,ספר שמות,בא,"פרשת בא - השפעת ה""מזל"" על גורל האדם",24-Jan-23,עברית,https://www.youtube.com/watch?v=YqQJXVeGpYU
1811,פרשת השבוע,ספר שמות,בא,"""פרשת בא - עומק עניין ""מכת הארבה",24-Jan-23,עברית,https://www.youtube.com/watch?v=ycPdqX1FzRo
1812,פרשת השבוע,ספר שמות,בא,"פרשת בא - יסודות היהדות מעוגנים בתהליך ""גאולת מצרים""",16-Jan-24,עברית,https://www.youtube.com/watch?v=om9VPpQcUU8
1813,פרשת השבוע,ספר שמות,בא,פרשת בא - ״ליל שימורים״ - סוד ״ליל הגאולה״ לדורות,16-Jan-24,עברית,https://www.youtube.com/watch?v=I8gxOu0nb0E
1814,פרשת השבוע,ספר שמות,בא,"פרשת בא - החשיבות העליונה של ה""תקשורת הבין-דורית"" ביהדות",20-Jan-26,עברית,https://www.youtube.com/watch?v=jk9i3WWubfc
1815,פרשת השבוע,ספר שמות,בא,פרשת בא - מה שפרעה לא ידע - עם ישראל נמצא מעל החוקיות הרגילה של הטבע,21-Jan-26,עברית,https://www.youtube.com/watch?v=7e_5q4sRjxc
1816,פרשת השבוע,ספר שמות,כי תשא,חטא העגל,10-Feb-14,עברית,https://www.youtube.com/watch?v=4wwq60BSG3A
1817,פרשת השבוע,ספר שמות,כי תשא,חטא העגל,11-Feb-14,אנגלית,https://www.youtube.com/watch?v=9U0FixZgbs8
1818,פרשת השבוע,ספר שמות,כי תשא,כיצד ניצלנו מכליה אחרי חטא העגל,13-Feb-14,עברית,https://www.youtube.com/watch?v=OyLtrcuCeEw
1819,פרשת השבוע,ספר שמות,כי תשא,חטא העגל,22-Feb-16,אנגלית,https://www.youtube.com/watch?v=snMXS6hn78A
1820,פרשת השבוע,ספר שמות,כי תשא,כישוריו של בצלאל בונה המשכן,23-Feb-16,עברית,https://www.youtube.com/watch?v=aYl3DsjaP3M
1821,פרשת השבוע,ספר שמות,כי תשא,"המשכן וקדושת השבת - ל""ט מלאכות",25-Feb-16,עברית,https://www.youtube.com/watch?v=OaBlYLBU9jU
1822,פרשת השבוע,ספר שמות,כי תשא,חשיבות השבת,24-Feb-16,אנגלית,https://www.youtube.com/watch?v=5q71cx6YVN4
1823,פרשת השבוע,ספר שמות,כי תשא,סוד הקטורת,14-Mar-17,עברית,https://www.youtube.com/watch?v=9EFnKpX5PVo
1824,פרשת השבוע,ספר שמות,כי תשא,חטא העגל,17-Mar-17,עברית,https://www.youtube.com/watch?v=m3Pmlkzhzs4
1825,פרשת השבוע,ספר שמות,כי תשא,פרשת כי תשא ופורים - מרדכי וסוד הקטורת,27-Feb-18,עברית,https://www.youtube.com/watch?v=Er0aP9XXUGI
1826,פרשת השבוע,ספר שמות,כי תשא,חטא העגל - לא מה שחשבתם,19-Feb-19,עברית,https://www.youtube.com/watch?v=Z4lhKfuVjQA
1827,פרשת השבוע,ספר שמות,כי תשא,הקשר בין העגל במדבר ועגלי הזהב של ירבעם,21-Feb-19,עברית,https://www.youtube.com/watch?v=PPs05UVkBC4
1828,פרשת השבוע,ספר שמות,כי תשא,סוד פיטום הקטורת,22-Feb-19,עברית,https://www.youtube.com/watch?v=Vm_KQYbAGNs
1829,פרשת השבוע,ספר שמות,כי תשא,"""סוד ""הפרה האדומה",12-Mar-20,אנגלית,https://www.youtube.com/watch?v=HSmqDa_kqb8
1830,פרשת השבוע,ספר שמות,כי תשא,בצלאל בונה המשכן,12-Mar-20,עברית,https://www.youtube.com/watch?v=mMQu_pG-OCc
1831,פרשת השבוע,ספר שמות,כי תשא,"ה""אור"" המסתורי ש""קרן"" מפניו של משה",1-Mar-21,עברית,https://www.youtube.com/watch?v=kJRgl5nyeKQ
1832,פרשת השבוע,ספר שמות,כי תשא,"הנסיון של שלמה המלך להבין את ""סוד פרה אדומה""",2-Mar-21,עברית,https://www.youtube.com/watch?v=-KnpbsCWhhI
1833,פרשת השבוע,ספר שמות,כי תשא,פרשת כי תשא - החיבור אל התכלית ה״שבת״,15-Feb-22,עברית,https://www.youtube.com/watch?v=SiW-C1LujPM
1834,פרשת השבוע,ספר שמות,כי תשא,פרשת כי תשא - ״חטא העגל״ בימים ההם ובזמן הזה,15-Feb-22,עברית,https://www.youtube.com/watch?v=s8iWA-BTzWQ
1835,פרשת השבוע,ספר שמות,כי תשא,שיחה על פרשת השבוע והשלכות אקטואליות עם הרב ינון קלזאן והוד קרובי פרשת כי תשא,18-Feb-22,עברית,https://www.youtube.com/watch?v=k9Dj8hrpunY
1836,פרשת השבוע,ספר שמות,כי תשא,פרשת כי תשא - הגורמים לעיוות כח הראיה ושיבוש שיקול הדעת,27-Feb-24,עברית,https://www.youtube.com/watch?v=j7iScoTDm-A
1837,פרשת השבוע,ספר שמות,כי תשא,פרשת כי תשא - הבקשה של משה להבין את דרכי ההשגחה בניהול הבריאה,27-Feb-24,עברית,https://www.youtube.com/watch?v=E5pvSPeZL3w
1838,פרשת השבוע,ספר שמות,כי תשא,פרשת כי תשא - חטא העגל - מחטיאי הרבים - ה-״ערב רב״ - אז והיום,11-Mar-25,עברית,https://www.youtube.com/watch?v=IOZj9UQrEEc
1839,פרשת השבוע,ספר שמות,משפטים,השוחד מעוור עיני חכמים,20-Jan-14,עברית,https://www.youtube.com/watch?v=zJL4ygws-qY
1840,פרשת השבוע,ספר שמות,משפטים,מה בדיוק קיבלנו בהר סיני,21-Jan-14,עברית,https://www.youtube.com/watch?v=GzjbdQhVd3o
1841,פרשת השבוע,ספר שמות,משפטים,מערכת משפט יהודית,2-Feb-16,עברית,https://www.youtube.com/watch?v=vDpOnhHjQ_o
1842,פרשת השבוע,ספר שמות,משפטים,"סוד ה-""נעשה ונשמע",4-Feb-16,עברית,https://www.youtube.com/watch?v=5ou2cstJ84I
1843,פרשת השבוע,ספר שמות,משפטים,הברית בהר סיני בין השם לעם ישראל ומשמעותה ההיסטורית,21-Feb-17,עברית,https://www.youtube.com/watch?v=gRUnvvsDYxw
1844,פרשת השבוע,ספר שמות,משפטים,האיסור ליהודי להידרש למערכת משפט שאינה תורת ה׳,6-Feb-18,עברית,https://www.youtube.com/watch?v=GuUvvdq7UGI
1845,פרשת השבוע,ספר שמות,משפטים,סוד ה״נעשה ונשמע״,7-Feb-18,עברית,https://www.youtube.com/watch?v=jl-3-l6T-Bs
1846,פרשת השבוע,ספר שמות,משפטים,עניין ״מחצית השקל״,8-Feb-18,עברית,https://www.youtube.com/watch?v=O0qGC4h0aFY
1847,פרשת השבוע,ספר שמות,משפטים,"סוד ה-""נעשה ונשמע",28-Jan-19,אנגלית,https://www.youtube.com/watch?v=BguobWxFr70
1848,פרשת השבוע,ספר שמות,משפטים,?מה בין משפטי התורה למשפטי הגויים,29-Jan-19,עברית,https://www.youtube.com/watch?v=VJ1bQ58JFa0
1849,פרשת השבוע,ספר שמות,משפטים,מתי נכתבה התורה,29-Jan-19,עברית,https://www.youtube.com/watch?v=Q5103Dp1RQM
1850,פרשת השבוע,ספר שמות,משפטים,עומק עניין ה״נעשה ונשמע״,18-Feb-20,עברית,https://www.youtube.com/watch?v=6TyBGTutKHo
1851,פרשת השבוע,ספר שמות,משפטים,ה״נעשה ונשמע״ קבלת התורה,20-Feb-20,אנגלית,https://www.youtube.com/watch?v=9RPfcseC0z4
1852,פרשת השבוע,ספר שמות,משפטים,משפטי תורת השם מול משפט ההבל של הגויים,20-Feb-20,עברית,https://www.youtube.com/watch?v=cGVkdMlS68Q
1853,פרשת השבוע,ספר שמות,משפטים,המשמעות האמיתית של ישום ה״חוק״ באמצעות ה״משפט״,9-Feb-21,עברית,https://www.youtube.com/watch?v=shQVX-iLf-0
1854,פרשת השבוע,ספר שמות,משפטים,"""סוד ""כופר הנפש"" שב""מחצית השקל",9-Feb-21,עברית,https://www.youtube.com/watch?v=qMyaYvw9VrM
1855,פרשת השבוע,ספר שמות,משפטים,המשמעות האמיתית של ישום ה״חוק״ באמצעות ה״משפט״,9-Feb-21,עברית,https://www.youtube.com/watch?v=shQVX-iLf-0
1856,פרשת השבוע,ספר שמות,משפטים,"פרשת משפטים - שלשת חלקי התורה ""לבוש , גוף , ונשמה"" על פי הקבלה",25-Jan-22,עברית,https://www.youtube.com/watch?v=1klwkkENl1I
1857,פרשת השבוע,ספר שמות,משפטים,"פרשת משפטים - משפטי השם לעומת ""מערכת המשפט"" של התרבות המערבית ו""מדינת ישראל""",26-Jan-22,עברית,https://www.youtube.com/watch?v=aZWfJ-EVhZU
1858,פרשת השבוע,ספר שמות,משפטים,פרשת משפטים - עניין ה״מלאך״ השומר,13-Feb-23,עברית,https://www.youtube.com/watch?v=Q3nh3fPKa2U
1859,פרשת השבוע,ספר שמות,משפטים,פרשת משפטים - מה הם באמת ״חוקים״ ו״משפטים״,14-Feb-23,עברית,https://www.youtube.com/watch?v=d9qNj0LlEOI
1860,פרשת השבוע,ספר שמות,משפטים,פרשת משפטים - ״ברית הדמים״ בהר סיני,6-Feb-24,עברית,https://www.youtube.com/watch?v=4wGVIuEQQTc
1861,פרשת השבוע,ספר שמות,משפטים,פרשת משפטים - כוחו ההרסני של ה״שוחד״,6-Feb-24,עברית,https://www.youtube.com/watch?v=ifHH2lBZ9y8
1862,פרשת השבוע,ספר שמות,משפטים,פרשת משפטים - ייחודו של ההלכה היהודית,7-Feb-24,אנגלית,https://www.youtube.com/watch?v=awHxL1xwRFs
1863,פרשת השבוע,ספר שמות,משפטים,"פרשת משפטים - האיסור להדרש או להכיר בסמכותה של ""מערכת המשפט"" ב""מדינת ישראל""",18-Feb-25,עברית,https://www.youtube.com/watch?v=ZC3cgW2vqUI
1864,פרשת השבוע,ספר שמות,משפטים,"פרשת משפטים - הכופר ב""תורה מן השמים"" מוציא את עצמו מכלל ״ישראל״",19-Feb-25,עברית,https://www.youtube.com/watch?v=i_bSyTazA8M
1865,פרשת השבוע,ספר שמות,משפטים,"פרשת משפטים - ה""מלאך"" ששומר עליך בכל דרכיך",11-Feb-26,עברית,https://www.youtube.com/watch?v=p0ZV7rOZor4
1866,פרשת השבוע,ספר שמות,פקודי ויקהל,מלאכת המשכן והשבת,17-Feb-14,עברית,https://www.youtube.com/watch?v=LFINAenKpUs
1867,פרשת השבוע,ספר שמות,פקודי ויקהל,פרשת פרה אדומה,9-Mar-15,עברית,https://www.youtube.com/watch?v=HLTQCuhYkOs
1868,פרשת השבוע,ספר שמות,פקודי ויקהל,מחצית השקל ושאיפת המן לחסל את העם היהודי,1-Mar-16,עברית,https://www.youtube.com/watch?v=IwPqOb4QT9M
1869,פרשת השבוע,ספר שמות,פקודי ויקהל,מימד הזמן ומימד המקום,3-Mar-16,עברית,https://www.youtube.com/watch?v=EvaHOH_0iVk
1870,פרשת השבוע,ספר שמות,פקודי ויקהל,"המשכן והשבת - המפגש שבין קדושת ה""מקום"" לקדושת ה""זמן",23-Mar-17,עברית,https://www.youtube.com/watch?v=_os7uM7CkS4
1871,פרשת השבוע,ספר שמות,פקודי ויקהל,פרשת ויקהל-פקודי - סוד החזרה על ״מעשה המשכן״,5-Mar-18,עברית,https://www.youtube.com/watch?v=xEVCXIWfad8
1872,פרשת השבוע,ספר שמות,פקודי ויקהל,השבת והמשכן,26-Feb-19,עברית,https://www.youtube.com/watch?v=jgx3rrSm1mc
1873,פרשת השבוע,ספר שמות,פקודי ויקהל,פרשת ויקהל (שקלים) - סוד ״מחצית השקל״,26-Feb-19,עברית,https://www.youtube.com/watch?v=9_D7TeMWfM4
1874,פרשת השבוע,ספר שמות,פקודי ויקהל,ביאור תפילת ״בריך שמיה״,28-Feb-19,עברית,https://www.youtube.com/watch?v=UV-41kAWNfU
1875,פרשת השבוע,ספר שמות,פקודי ויקהל,פרשת ויקהל-פקודי - האספקט היהודי פילוסופי של השבת,18-Mar-20,עברית,https://www.youtube.com/watch?v=5k-CD_VzHHA
1876,פרשת השבוע,ספר שמות,פקודי ויקהל,פרשת ויקהל-פקודי - שלושים ותשע מלאכות השבת ובניית המשכן,19-Mar-20,עברית,https://www.youtube.com/watch?v=ZytFxbVLjqw
1877,פרשת השבוע,ספר שמות,פקודי ויקהל,מדוע משה לא היה שותף לעשיית המשכן אלא רק להקמתו,8-Mar-21,עברית,https://www.youtube.com/watch?v=U8eFGF4Axx8
1878,פרשת השבוע,ספר שמות,פקודי ויקהל,"""החודש"" - פתרון הקונפליקט שבין ה""חדש"" וה""קבוע""",9-Mar-21,עברית,https://www.youtube.com/watch?v=qebvNSItp-0
1879,פרשת השבוע,ספר שמות,פקודי ויקהל,פרשת ויקהל - סוד גבולה של הבריאה ״אמר לעולמו - די״,21-Feb-22,עברית,https://www.youtube.com/watch?v=jI1vClQM7EU
1880,פרשת השבוע,ספר שמות,פקודי ויקהל,"פרשת ויקהל - דברי ה""זוהר"" על אי שיתוף ה״ערב רב״ בתרומת המשכן",22-Feb-22,עברית,https://www.youtube.com/watch?v=oGerLvMET5E
1881,פרשת השבוע,ספר שמות,פקודי ויקהל,"פרשת פקודי - משכן ה""עדות"" - טיבה ומשמעותה של ה""עדות""",1-Mar-22,עברית,https://www.youtube.com/watch?v=r4mtD6KkNvs
1882,פרשת השבוע,ספר שמות,פקודי ויקהל,פרשת ויקהל פקודי - החודש - דברי ה״זוהר״ על הגאולה התלויה בהכרתת עמלק,14-Mar-23,עברית,https://www.youtube.com/watch?v=yxPxEj9-iFI
1883,פרשת השבוע,ספר שמות,פקודי ויקהל,פרשת ויקהל פקודי - עניין ״מלאכת מחשבת״ בעולם באדם ובמשכן,14-Mar-23,עברית,https://www.youtube.com/watch?v=_MXX2chNVm0
1884,פרשת השבוע,ספר שמות,פקודי ויקהל,"פרשת ויקהל - דמותו המופלאה והייחודית של ""בצלאל"" בונה המשכן",5-Mar-24,עברית,https://www.youtube.com/watch?v=uCkzrBhHUyI
1885,פרשת השבוע,ספר שמות,פקודי ויקהל,"פרשת ויקהל - ה""ערב רב"" - ה""מחריבים"" לא יכולים להיות חלק מה""תיקון""",5-Mar-24,עברית,https://www.youtube.com/watch?v=yJ97gsWncHM
1886,פרשת השבוע,ספר שמות,פקודי ויקהל,"פרשת פקודי - ה""מחשבה העמוקה"" בעניין עיתוי ""הקמת המשכן""",12-Mar-24,עברית,https://www.youtube.com/watch?v=KMleze0EWfw
1887,פרשת השבוע,ספר שמות,פקודי ויקהל,"פרשת ויקהל - ה""קדושה"" במימד הזמן ומימד המקום בבריאה",18-Mar-25,עברית,https://www.youtube.com/watch?v=LNdHcZHuNpQ
1888,פרשת השבוע,ספר שמות,פקודי ויקהל,פרשת פקודי - ״החודש הזה לכם״ - סוד לוח השנה העברי - ״חידוש״ בעולם של ״שיגרה״,24-Mar-25,עברית,https://www.youtube.com/watch?v=fsqNMYaVpGw
1889,פרשת השבוע,ספר שמות,פקודי ויקהל,"פרשת ויקהל - ""מרבים העם להביא"" - האחריות והמחשבה ב""נתינת תרומה""",10-Mar-26,עברית,https://www.youtube.com/watch?v=eqN08jHRMQQ
1890,פרשת השבוע,ספר שמות,פקודי ויקהל,"פרשת ויקהל-פקודי - ""החודש הזה לכם"" - פריצת המגבלות , והחיבור אל המעבר",11-Mar-26,עברית,https://www.youtube.com/watch?v=vvvuETlA8nQ
1891,פרשת השבוע,ספר שמות,שמות,פרשת שמות - גלות וגאולת מצרים,16-Dec-13,עברית,https://www.youtube.com/watch?v=2-yZgypUcTM
1892,פרשת השבוע,ספר שמות,שמות,פרשת שמות - משמעות שמו של משה כי מן המים משיתיהו,19-Dec-13,עברית,https://www.youtube.com/watch?v=SFq5z7pKwh4
1893,פרשת השבוע,ספר שמות,שמות,פרשת שמות - גלות ואנטישמיות,30-Dec-15,אנגלית,https://www.youtube.com/watch?v=8lYArOEn4-k
1894,פרשת השבוע,ספר שמות,שמות,פרשת שמות - מהות שיעבוד וגאולת מצרים,31-Dec-15,עברית,https://www.youtube.com/watch?v=lPuIHmPmo1Y
1895,פרשת השבוע,ספר שמות,שמות,"פרשת שמות - ""משה רבנו"" - גדול הנביאים",19-Jan-17,עברית,https://www.youtube.com/watch?v=cn6rESfXxC4
1896,פרשת השבוע,ספר שמות,שמות,פרשת שמות - הסיבות המיידיות לשיעבוד,2-Jan-18,עברית,https://www.youtube.com/watch?v=cR5ZO1poSkM
1897,פרשת השבוע,ספר שמות,שמות,פרשת שמות - סוד גלות הדיבור של משה,4-Jan-18,עברית,https://www.youtube.com/watch?v=dbpziwlyG3g
1898,פרשת השבוע,ספר שמות,שמות,פרשת שמות - ה״סנה הבוער באש ואיננו אוכל״,25-Dec-18,עברית,https://www.youtube.com/watch?v=tU4pP5fM2MY
1899,פרשת השבוע,ספר שמות,שמות,פרשת שמות - הפרדוקס שבתופעת האנטישמיות,14-Jan-20,עברית,https://www.youtube.com/watch?v=eGxSswSzW6w
1900,פרשת השבוע,ספר שמות,שמות,פרשת שמות - מהות גלות מצרים,14-Jan-20,אנגלית,https://www.youtube.com/watch?v=bUdKKN_iUsw
1901,פרשת השבוע,ספר שמות,שמות,פרשת שמות - הפרדוקס שבתופעת האנטישמיות,16-Jan-20,אנגלית,https://www.youtube.com/watch?v=c5DmMmcDkZI
1902,פרשת השבוע,ספר שמות,שמות,פרשת שמות - הסנה והאותות של משה ומשמעותם,16-Jan-20,עברית,https://www.youtube.com/watch?v=uSdxQGTg09o
1903,פרשת השבוע,ספר שמות,שמות,"פרשת שמות - ""עומק משמעות ה""שם",4-Jan-21,עברית,https://www.youtube.com/watch?v=ULXEk7gx460
1904,פרשת השבוע,ספר שמות,שמות,פרשת שמות - אסטרטגיית הפעולה של השקר,5-Jan-21,עברית,https://www.youtube.com/watch?v=geqdduwdGZU
1905,פרשת השבוע,ספר שמות,שמות,פרשת שמות - כוכבים בלילה,20-Dec-21,עברית,https://www.youtube.com/watch?v=wQWm7sUNGYc
1906,פרשת השבוע,ספר שמות,שמות,פרשת שמות - משמעות דברי ה' : ״בני בכורי ישראל״,21-Dec-21,עברית,https://www.youtube.com/watch?v=ZLYh-LXJM4w
1907,פרשת השבוע,ספר שמות,שמות,"פרשת שמות - ה״מודל״ הראשוני של ה״אנטישמיות״ , ומה זה אומר על האנטישמיות בימינו",9-Jan-23,עברית,https://www.youtube.com/watch?v=3RhiRpZwD6o
1908,פרשת השבוע,ספר שמות,שמות,פרשת שמות - משה רבינו וסוד ההפרדה בין המים העליונים והמים התחתונים,10-Jan-23,עברית,https://www.youtube.com/watch?v=T5cr8PvdxBc
1909,פרשת השבוע,ספר שמות,שמות,פרשת שמות - קושי הגלות לפני גאולת מצרים - וההשלכה לגלות והגאולה בימינו,1-Jan-24,עברית,https://www.youtube.com/watch?v=qnNRMeAFCYI
1910,פרשת השבוע,ספר שמות,שמות,פרשת שמות - הקושי ממש לפני הגאולה,2-Jan-24,אנגלית,https://www.youtube.com/watch?v=Hu3VFJe-yWY
1911,פרשת השבוע,ספר שמות,שמות,פרשת שמות - סיבת גלות מצרים על פי הקבלה,3-Jan-24,עברית,https://www.youtube.com/watch?v=SzGtg3eBHKI
1912,פרשת השבוע,ספר שמות,שמות,פרשת שמות - סוד עניין ״שמות השבטים״ בתחילת ספר שמות,14-Jan-25,עברית,https://www.youtube.com/watch?v=rYoTnRMXCEY
1913,פרשת השבוע,ספר שמות,שמות,פרשת שמות - ״ וירא בסבלותם״ - ״ישמח משה במתנת חלקו״ - הקשר העמוק בין הגאולה והשבת,15-Jan-25,עברית,https://www.youtube.com/watch?v=nFigJmgztG4
1914,פרשת השבוע,ספר שמות,שמות,פרשת שמות - אנטישמיות - שונאים אותנו למרות או בגלל שאנו שואפים להתדמות להם ?,6-Jan-26,עברית,https://www.youtube.com/watch?v=_qhNxYEND0s
1915,פרשת השבוע,ספר שמות,שמות,"פרשת שמות - ""מי ה' ... לא ידעתי את ה' "" - סוד ""אדם הבליעל"" מול ""אדם דקדושה""",7-Jan-26,עברית,https://www.youtube.com/watch?v=nWGF1-N6dkc
1916,פרשת השבוע,ספר שמות,תרומה,פרשת תרומה - בניית המשכן,27-Jan-14,עברית,https://www.youtube.com/watch?v=h7mbOIHYFTE
1917,פרשת השבוע,ספר שמות,תרומה,פרשת תרומה - ארון הברית,30-Jan-14,עברית,https://www.youtube.com/watch?v=WpMy0ZERp-A
1918,פרשת השבוע,ספר שמות,תרומה,פרשת תרומה - כיצד ניתן לבנות בית לה,17-Feb-15,עברית,https://www.youtube.com/watch?v=CpvdXXua8Q4
1919,פרשת השבוע,ספר שמות,תרומה,פרשת תרומה - הכרובים על ארון הברית - חלק א,9-Feb-16,עברית,https://www.youtube.com/watch?v=GxrRzgkLTvs
1920,פרשת השבוע,ספר שמות,תרומה,פרשת תרומה - הכרובים על ארון הברית - חלק ב,17-Feb-16,עברית,https://www.youtube.com/watch?v=RoynEwpsnSY
1921,פרשת השבוע,ספר שמות,תרומה,פרשת תרומה - סוד שני הכרובים על ארון הברית,13-Feb-18,עברית,https://www.youtube.com/watch?v=L0IWEhUWo0s
1922,פרשת השבוע,ספר שמות,תרומה,פרשת תרומה - בניית המשכן ובריאת העולם,13-Feb-18,עברית,https://www.youtube.com/watch?v=OqPydUf0p8o
1923,פרשת השבוע,ספר שמות,תרומה,פרשת תרומה - סוד שני הכרובים על ארון הברית,13-Feb-18,עברית,https://www.youtube.com/watch?v=L0IWEhUWo0s
1924,פרשת השבוע,ספר שמות,תרומה,פרשת תרומה - המשכן הבורא והבריאה,5-Feb-19,עברית,https://www.youtube.com/watch?v=gBFxr47yMnc
1925,פרשת השבוע,ספר שמות,תרומה,פרשת תרומה - סוד השולחן ולחם הפנים,7-Feb-19,עברית,https://www.youtube.com/watch?v=rICWyikLalc
1926,פרשת השבוע,ספר שמות,תרומה,פרשת תרומה - בניית המשכן וראש חודש אדר,25-Feb-20,עברית,https://www.youtube.com/watch?v=Xvdq51SOc-I
1927,פרשת השבוע,ספר שמות,תרומה,פרשת תרומה - ההקבלה בין בריאת העולם ובניית המשכן,27-Feb-20,עברית,https://www.youtube.com/watch?v=McgWDRxL-ug
1928,פרשת השבוע,ספר שמות,תרומה,פרשת תרומה - בניית המשכן וראש חודש אדר,27-Feb-20,אנגלית,https://www.youtube.com/watch?v=DNEIKFutAPY
1929,פרשת השבוע,ספר שמות,תרומה,פרשת תרומה - הדרך המופלאה לשידרוג ה״חומר״,16-Feb-21,עברית,https://www.youtube.com/watch?v=Nki0T-jWQbM
1930,פרשת השבוע,ספר שמות,תרומה,פרשת תרומה - הקשר בין הכרובים בשערי גן עדן והכרובים במשכן,1-Feb-22,עברית,https://www.youtube.com/watch?v=eOZQjWVTZWw
1931,פרשת השבוע,ספר שמות,תרומה,פרשת תרומה - סוד ״לוחות הברית״,21-Feb-23,עברית,https://www.youtube.com/watch?v=-lnxg3ZE6HA
1932,פרשת השבוע,ספר שמות,תרומה,פרשת תרומה - בניית המשכן האישי של כל יהודי בכל הדורות,12-Feb-24,עברית,https://www.youtube.com/watch?v=70_Ptn9Tnio
1933,פרשת השבוע,ספר שמות,תרומה,פרשת תרומה - היכן נמצא היום ״ארון הברית״ ?,13-Feb-24,עברית,https://www.youtube.com/watch?v=M8g6dzqzce4
1934,פרשת השבוע,ספר שמות,תרומה,Parashat Teruma - the secret of the Ark with the Torah,14-Feb-24,אנגלית,https://www.youtube.com/watch?v=uknCmoMApOA
1935,פרשת השבוע,ספר שמות,תרומה,"פרשת תרומה - ""בלבבי משכן אבנה"" - הפרוייקט : לארח את הקדוש ברוך הוא בתוכינו",17-Feb-26,עברית,https://www.youtube.com/watch?v=pELVL0dTAG0
1936,פרשת השבוע,ספר שמות,תצוה,סוד הקטורת,3-Feb-14,עברית,https://www.youtube.com/watch?v=xk8xoZYu8Yg
1937,פרשת השבוע,ספר שמות,תצוה,על בגדים בכלל ובגדי כהונה בפרט,18-Feb-16,עברית,https://www.youtube.com/watch?v=foSRQTk-J7o
1938,פרשת השבוע,ספר שמות,תצוה,פרשת תצוה-זכור - מצוות מחיית עמלק,20-Feb-18,עברית,https://www.youtube.com/watch?v=i4661HVxhSo
1939,פרשת השבוע,ספר שמות,תצוה,סוד הציץ על מצח אהרן,12-Feb-19,עברית,https://www.youtube.com/watch?v=RB8Jok39DFo
1940,פרשת השבוע,ספר שמות,תצוה,החשן וה״אורים ותומים״,14-Feb-19,עברית,https://www.youtube.com/watch?v=PVQAiusKbE8
1941,פרשת השבוע,ספר שמות,תצוה,פרשת תצוה - סוד שמו הנעלם של משה מן הפרשה,7-Feb-22,עברית,https://www.youtube.com/watch?v=pc4NFOQfG5Q
1942,פרשת השבוע,ספר שמות,תצוה,"פרשת תצוה - עומק עניין ""אבני השוהם"" ו""אבני החושן""",8-Feb-22,עברית,https://www.youtube.com/watch?v=3LSFBsmkGao
1943,פרשת השבוע,ספר שמות,תצוה,פרשת תצוה - סוד ענין ה״קטורת״ במשכן,20-Feb-24,עברית,https://www.youtube.com/watch?v=25bxRVxM5Lo
1944,פרשת השבוע,ספר שמות,תצוה,פרשת תצוה - עומק ענין ״בגדי הכהונה״ ו״בגדים״ בכלל,22-Feb-24,עברית,https://www.youtube.com/watch?v=i1v0BaQR4wU
1945,פרשת השבוע,ספר שמות,תצוה,"פרשת תצוה - כיצד יתכן שאהרן שעשה את העגל נבחר להיות ""הכהן הגדול"" ?",25-Feb-26,עברית,https://www.youtube.com/watch?v=ZowZ7WDftdQ
1946,פרשת השבוע,ספר שמות,וארא,פרשת וארא - שמותיו של הקדוש ברוך הוא,23-Dec-13,עברית,https://www.youtube.com/watch?v=tfUDzavPbrM
1947,פרשת השבוע,ספר שמות,וארא,פרשת וארא - המטה שהופך לנחש וחוזר להיות מטה,26-Dec-13,עברית,https://www.youtube.com/watch?v=-Wx41PNRwqg
1948,פרשת השבוע,ספר שמות,וארא,פרשת וארא - שמותיו של הקדוש ברוך הוא,5-Jan-16,עברית,https://www.youtube.com/watch?v=L-VF3K0JNPE
1949,פרשת השבוע,ספר שמות,וארא,"פרשת וארא - ""על גלות הדיבור ""ואני ערל שפתים",7-Jan-16,עברית,https://www.youtube.com/watch?v=d_R7rHFpvQw
1950,פרשת השבוע,ספר שמות,וארא,"פרשת וארא - ""ארבעת שלבי הגאולה - איך יוצאים מ-""מצרים",25-Jan-17,עברית,https://www.youtube.com/watch?v=I1ewfDfBC58
1951,פרשת השבוע,ספר שמות,וארא,פרשת וארא - גאולת מצרים והגאולה העתידה,9-Jan-18,עברית,https://www.youtube.com/watch?v=6QlBwgpZehE
1952,פרשת השבוע,ספר שמות,וארא,פרשת וארא - יציאת מצרים ושלש עשרה עיקרים,9-Jan-18,עברית,https://www.youtube.com/watch?v=HO6FYDAdh9c
1953,פרשת השבוע,ספר שמות,וארא,פרשת וארא - המטה שנהפך לנחש,11-Jan-18,עברית,https://www.youtube.com/watch?v=V7-nF2DKLDM
1954,פרשת השבוע,ספר שמות,וארא,פרשת וארא - משה נגד המכשפים - הוויכוח האמיתי,7-Feb-18,אנגלית,https://www.youtube.com/watch?v=8P44E50CYOI
1955,פרשת השבוע,ספר שמות,וארא,פרשת וארא - הקשר בין ״עשרת המכות״ ״עשרת המאמרות״ ו״עשרת הדיברות״,31-Dec-18,עברית,https://www.youtube.com/watch?v=CwMFCcjry2A
1956,פרשת השבוע,ספר שמות,וארא,פרשת וארא - העימות בין משה לפרעה,1-Jan-19,עברית,https://www.youtube.com/watch?v=Zy42ZWqLPrA
1957,פרשת השבוע,ספר שמות,וארא,פרשת וארא - ביאור עניין ״שמותיו השונים של הקדוש ברוך הוא״,21-Jan-20,עברית,https://www.youtube.com/watch?v=bxecH_e3-q4
1958,פרשת השבוע,ספר שמות,וארא,פרשת וארא - משה נגד פרעה,23-Jan-20,אנגלית,https://www.youtube.com/watch?v=PmQf3gg1eoU
1959,פרשת השבוע,ספר שמות,וארא,פרשת וארא - יסודותיה הפילוסופיים של היהדות מונחים בתהליך יציאת מצרים,23-Jan-20,עברית,https://www.youtube.com/watch?v=7KYlS3xv_io
1960,פרשת השבוע,ספר שמות,וארא,פרשת וארא - פירפורי הגסיסה של הרוע,11-Jan-21,עברית,https://www.youtube.com/watch?v=cIneeLkYRgo
1961,פרשת השבוע,ספר שמות,וארא,"פרשת וארא - סוד ה""מטה"" שהפך לנחש וחזר והפך למטה",12-Jan-21,עברית,https://www.youtube.com/watch?v=8L8kWuK0YVw
1962,פרשת השבוע,ספר שמות,וארא,פרשת וארא - המכה השביעית,28-Dec-21,עברית,https://www.youtube.com/watch?v=rNpRQGLRC04
1963,פרשת השבוע,ספר שמות,וארא,פרשת וארא - המטה שנהפך לנחש,28-Dec-21,אנגלית,https://www.youtube.com/watch?v=Q-DUcuzwU4E
1964,פרשת השבוע,ספר שמות,וארא,"פרשת וארא -ביאור דברי ה""זוהר"" בעניין ""גלות הדיבור",28-Dec-21,עברית,https://www.youtube.com/watch?v=EzES9Y1RFvU
1965,פרשת השבוע,ספר שמות,וארא,"פרשת וארא - עשרת המכות , עשרת הספירות , וגילוי שם הויה",17-Jan-23,עברית,https://www.youtube.com/watch?v=pXh997imA00
1966,פרשת השבוע,ספר שמות,וארא,"""פרשת וארא - סוד ארבעת ""לשונות הגאולה",17-Jan-23,עברית,https://www.youtube.com/watch?v=0oJTYT-KUfQ
1967,פרשת השבוע,ספר שמות,וארא,פרשת וארא - ה״גאולה״ מחייבת יציאה מ״איזור הנוחות״,9-Jan-24,עברית,https://www.youtube.com/watch?v=0tzlVSiyolI
1968,פרשת השבוע,ספר שמות,וארא,פרשת וארא - המכה הראשונה - ביאור עניין ״מכת הדם״,9-Jan-24,עברית,https://www.youtube.com/watch?v=7Z_EZ_MMr6Q
1969,פרשת השבוע,ספר שמות,וארא,פרשת וארא - עומק עניין ה״נחש״ ה״תנין״ וה״לויתן״,21-Jan-25,עברית,https://www.youtube.com/watch?v=aw6Yi9v4s3g
1970,פרשת השבוע,ספר שמות,וארא,פרשת וארא - סוד הגאולה ״וגאלתי״ ״ולקחתי״ ״והבאתי״,22-Jan-25,עברית,https://www.youtube.com/watch?v=y3X7zoRBz6k
1971,פרשת השבוע,ספר שמות,וארא,פרשת וארא - ידיעת מציאות ה' כמהווה את כל המציאות מתגלית ביציאת מצרים,13-Jan-26,עברית,https://www.youtube.com/watch?v=kziUCQ88sj4
1972,פרשת השבוע,ספר שמות,וארא,"פרשת וארא - ""שלש עשרה עיקרים"" - בתוך תהליך היציאה ממצרים - כבסיס ליהדות",14-Jan-26,עברית,https://www.youtube.com/watch?v=2psOAV2P2pI
1973,פרשת השבוע,ספר שמות,יתרו,פרשת יתרו - תורת אמת,2-Feb-15,אנגלית,https://www.youtube.com/watch?v=9oNckZuBPaQ
1974,פרשת השבוע,ספר שמות,יתרו,פרשת יתרו - הדברה החמישית - כבוד אב ואם,28-Jan-16,עברית,https://www.youtube.com/watch?v=Upa4wgFVjUk
1975,פרשת השבוע,ספר שמות,יתרו,פרשת יתרו - הדברה החמישית - כבוד אב ואם,30-Jan-18,אנגלית,https://www.youtube.com/watch?v=jwY1uAz_AAA
1976,פרשת השבוע,ספר שמות,יתרו,פרשת יתרו - ״בין יתרו לבין עמלק״,1-Feb-18,עברית,https://www.youtube.com/watch?v=SQQ-aijz9oM
1977,פרשת השבוע,ספר שמות,יתרו,פרשת יתרו - מעמד הר סיני,1-Feb-18,עברית,https://www.youtube.com/watch?v=DtOb3iBUbGg
1978,פרשת השבוע,ספר שמות,יתרו,פרשת יתרו - ״עשרת הדברות״,20-Jan-19,עברית,https://www.youtube.com/watch?v=DWqW0VeeuZY
1979,פרשת השבוע,ספר שמות,יתרו,פרשת יתרו - קבלת התורה ברצון או בכפיה,22-Jan-19,עברית,https://www.youtube.com/watch?v=piCpvt274Ks
1980,פרשת השבוע,ספר שמות,יתרו,פרשת יתרו - ״מעמד הר סיני״,22-Jan-19,עברית,https://www.youtube.com/watch?v=Ubff91A4_5c
1981,פרשת השבוע,ספר שמות,יתרו,פרשת יתרו - ״עשרת הדברות ומשמעותן״,13-Feb-20,עברית,https://www.youtube.com/watch?v=9Uwedpho730
1982,פרשת השבוע,ספר שמות,יתרו,פרשת יתרו - עמלק מול יתרו,14-Feb-20,עברית,https://www.youtube.com/watch?v=ZFzh1sQf2e0
1983,פרשת השבוע,ספר שמות,יתרו,"פרשת יתרו - ה""חתונה"" של ההיסטוריה",1-Feb-21,עברית,https://www.youtube.com/watch?v=epRn9rlW0dI
1984,פרשת השבוע,ספר שמות,יתרו,"פרשת יתרו - ""הצעת יתרו לגבי ""מערכת המשפט",2-Feb-21,עברית,https://www.youtube.com/watch?v=SiSFLz-ZK4o
1985,פרשת השבוע,ספר שמות,יתרו,פרשת יתרו - המשמעות הדרמטית של כריתת הברית בהר סיני,17-Jan-22,עברית,https://www.youtube.com/watch?v=wzP288rG5Mg
1986,פרשת השבוע,ספר שמות,יתרו,"פרשת יתרו - עומק הקשר בין ישראל ל""יסוד"" של קיום המציאות",18-Jan-22,עברית,https://www.youtube.com/watch?v=A4sRfrxz1a8
1987,פרשת השבוע,ספר שמות,יתרו,פרשת יתרו - הפרמטרים לבחירת שופטים ראויים בישראל,6-Feb-23,עברית,https://www.youtube.com/watch?v=5hW1-330m8w
1988,פרשת השבוע,ספר שמות,יתרו,"?פרשת יתרו - ""תורה משמים"" ו""מיהו יהודי""",7-Feb-23,עברית,https://www.youtube.com/watch?v=dNTQsEuodAA
1989,פרשת השבוע,ספר שמות,יתרו,פרשת יתרו - מה הייתה התורה שלפני הבריאה?,30-Jan-24,אנגלית,https://www.youtube.com/watch?v=kC_oy5QeNys
1990,פרשת השבוע,ספר שמות,יתרו,פרשת יתרו - חשיבות וחומרת מצות ״כיבוד הורים״,30-Jan-24,עברית,https://www.youtube.com/watch?v=Knv1aCU_3n0
1991,פרשת השבוע,ספר שמות,יתרו,פרשת יתרו - המשמעות הפילוסופית של מתן תורה - ״תורת אמת״,31-Jan-24,עברית,https://www.youtube.com/watch?v=qdV14cz21qk
1992,פרשת השבוע,ספר שמות,יתרו,פרשת יתרו - המשמעויות מבחינה היסטורית של ה״ברית״ בין עם ישראל לבין הקב״ה,12-Feb-25,עברית,https://www.youtube.com/watch?v=ffG8T2yAv1Y
1993,פרשת השבוע,ספר שמות,יתרו,פרשת יתרו - בחירה מתוך אהבה - החתונה הגדולה מכולן,3-Feb-26,עברית,https://www.youtube.com/watch?v=rRXlj4wvTx8
1994,פרשת השבוע,ספר שמות,יתרו,"פרשת יתרו - ""מתן תורה"" - עשרת הדיברות כוללות את כל התורה כולה",4-Feb-26,עברית,https://www.youtube.com/watch?v=hLaqPD-YnH4
1995,פרשת השבוע,ספר ויקרא,אחרי מות,?למי שייכת ארץ ישראל,13-May-14,עברית,https://www.youtube.com/watch?v=VlgIAiuj13E
1996,פרשת השבוע,ספר ויקרא,אחרי מות,סוד הקיום בארץ - חלק א,3-May-16,עברית,https://www.youtube.com/watch?v=R15pmZCbXDg
1997,פרשת השבוע,ספר ויקרא,אחרי מות,חוקי הגויים,5-May-16,עברית,https://www.youtube.com/watch?v=YgjyuYn9WJk
1998,פרשת השבוע,ספר ויקרא,אחרי מות,"למי שייכת ארץ ישראל ? - מה היא ""זכותינו על הארץ",3-May-17,עברית,https://www.youtube.com/watch?v=yJdoJBf__2k
1999,פרשת השבוע,ספר ויקרא,אחרי מות,סוד הקיום בארץ,2-May-19,אנגלית,https://www.youtube.com/watch?v=sV8b2V8Ap3A
2000,פרשת השבוע,ספר ויקרא,אחרי מות,פרשת אחרי מות-קדושים - תנאי הקיום לאור קדושת ארץ ישראל,28-Apr-20,עברית,https://www.youtube.com/watch?v=leleQbQGa9A
2001,פרשת השבוע,ספר ויקרא,אחרי מות,פרשת אחרי מות-קדושים - איסור הליכה בחוקות הגויים,30-Apr-20,עברית,https://www.youtube.com/watch?v=i8tubjr1DM4
2002,פרשת השבוע,ספר ויקרא,אחרי מות,"""חוקים"" הם נגזרת של תפיסת המציאות",20-Apr-21,עברית,https://www.youtube.com/watch?v=qv_f6_G2b-w
2003,פרשת השבוע,ספר ויקרא,אחרי מות,קשר הגומלין בין ה״נפש״ וה״דם״,26-Apr-22,עברית,https://www.youtube.com/watch?v=IzNw-qlonRo
2004,פרשת השבוע,ספר ויקרא,אחרי מות,בחינת סוגיית ״זכותינו על ארץ ישראל״ן,26-Apr-22,עברית,https://www.youtube.com/watch?v=5ZRn_gWDoWM
2005,פרשת השבוע,ספר ויקרא,אחרי מות,פרשת אחרי מות קדושים - מה הופך אדם ל״קדוש״,25-Apr-23,עברית,https://www.youtube.com/watch?v=nsOuSCuinJw
2006,פרשת השבוע,ספר ויקרא,אחרי מות,פרשת אחרי מות קדושים - מדוע ה״שוויון״ הוא ערך רע ומסוכן,25-Apr-23,עברית,https://www.youtube.com/watch?v=rE07Zi8D0Hk
2007,פרשת השבוע,ספר ויקרא,אחרי מות,פרשת אחרי מות-קדושים - מצוות חובת ההיבדלות של ישראל מאומות העולם,6-May-25,עברית,https://www.youtube.com/watch?v=iANg_aFEl_A
2008,פרשת השבוע,ספר ויקרא,אחרי מות,"פרשת אחרי מות קדושים - ביאור עניין ""קדושת השם"" והכינוי ״הקדוש ברוך הוא""",21-Apr-26,עברית,https://www.youtube.com/watch?v=arH5jFUXMwc
2009,פרשת השבוע,ספר ויקרא,בחוקתי,הברית בין השם לעם ישראל והשלכותיה להיסטוריה,1-Jun-16,עברית,https://www.youtube.com/watch?v=b7Yrx7_koH8
2010,פרשת השבוע,ספר ויקרא,בחוקתי,הקשר המסתורי בין ״נבואות התוכחה״ לחג השבועות,8-May-18,עברית,https://www.youtube.com/watch?v=C9SqiORLsmU
2011,פרשת השבוע,ספר ויקרא,בחוקתי,המצב הביטחוני בארץ ישראל,17-May-22,עברית,https://www.youtube.com/watch?v=l8gdhuH9RTg
2012,פרשת השבוע,ספר ויקרא,בחוקתי,פרשת בחוקותי - “ורדו בכם שונאיכם״ - האויב שבפנים,26-May-24,עברית,https://www.youtube.com/watch?v=79nwwccYTOM
2013,פרשת השבוע,ספר ויקרא,בחוקתי,פרשת בחוקותי - כל ישראל ערבים זה (בזה) לזה,28-May-24,עברית,https://www.youtube.com/watch?v=NvuYDd5yxSs
2014,פרשת השבוע,ספר ויקרא,בחוקתי,פרשת בחוקותי - המלחמה הבלתי נגמרת בארץ,21-May-25,עברית,https://www.youtube.com/watch?v=YLOmzfW4bXk
2015,פרשת השבוע,ספר ויקרא,בהר,"""הבנת עומק עניין ה""שמיטה"" וה""יובל",5-May-14,עברית,https://www.youtube.com/watch?v=8HxIY5B8GIA
2016,פרשת השבוע,ספר ויקרא,בהר,סוד הספרה שבע,23-May-16,עברית,https://www.youtube.com/watch?v=PSPGvc2SmCI
2017,פרשת השבוע,ספר ויקרא,בהר,"""פרשת בהר-בחוקתי - ""ונתתי שלום בארץ"" - מהות ה""שלום",16-May-17,עברית,https://www.youtube.com/watch?v=gW989H00D4Y
2018,פרשת השבוע,ספר ויקרא,בהר,פרשת בהר-בחקתי - ״שמיטה ויובל״ וחשבון שנות הגלות,12-May-20,עברית,https://www.youtube.com/watch?v=tz-gBbITY4o
2019,פרשת השבוע,ספר ויקרא,בהר,"פרשת בהר בחוקותי - ה""יובל"" וה""גאולה""",4-May-21,עברית,https://www.youtube.com/watch?v=e0Z8U909KSE
2020,פרשת השבוע,ספר ויקרא,בהר,על ״יש״ ועל ״אין״ - המשמעות הפילוסופית והקבלית,10-May-22,עברית,https://www.youtube.com/watch?v=LScGuaQ_vlE
2021,פרשת השבוע,ספר ויקרא,בהר,פרשת בהר בחוקותי - קדושת המקום וקדושת הזמן והשלכותיהם,9-May-23,עברית,https://www.youtube.com/watch?v=3DCOAzXPtEY
2022,פרשת השבוע,ספר ויקרא,אמור,שבת תחילה למקראי קודש,28-Apr-14,עברית,https://www.youtube.com/watch?v=xAgWg9Nv9N0
2023,פרשת השבוע,ספר ויקרא,אמור,מצוות קידוש השם,30-Apr-14,עברית,https://www.youtube.com/watch?v=c_mDLgS-FNg
2024,פרשת השבוע,ספר ויקרא,אמור,עומק ענין ספירת העומר,18-May-16,עברית,https://www.youtube.com/watch?v=Aszn8wn784A
2025,פרשת השבוע,ספר ויקרא,אמור,"""יום הזיכרון - משמעות המושג ""למות על קידוש השם",1-May-17,עברית,https://www.youtube.com/watch?v=A-EpvIHU3Y4
2026,פרשת השבוע,ספר ויקרא,אמור,נשגבותה של קדושת הזמן,14-May-19,עברית,https://www.youtube.com/watch?v=3TDKQylbiOQ
2027,פרשת השבוע,ספר ויקרא,אמור,ספירת העומר - סוד המניין לתבואת הארץ,5-May-20,עברית,https://www.youtube.com/watch?v=Sl5NFQTrPsY
2028,פרשת השבוע,ספר ויקרא,אמור,ספירת ה״עומר״ המסע ממצרים להר סיני,5-May-20,עברית,https://www.youtube.com/watch?v=PDRevYtlepM
2029,פרשת השבוע,ספר ויקרא,אמור,ביאור ה״קידוש״ של שבת,7-May-20,עברית,https://www.youtube.com/watch?v=Vh4bHmajsPI
2030,פרשת השבוע,ספר ויקרא,אמור,עומק מהותה של ספירת העומר,3-May-22,עברית,https://www.youtube.com/watch?v=jUelqGBxqzg
2031,פרשת השבוע,ספר ויקרא,אמור,"""ה""מועד"" וה""יעד"" - השליטה על ה""זמן",9-May-22,עברית,https://www.youtube.com/watch?v=fFnaaLl0ngY
2032,פרשת השבוע,ספר ויקרא,אמור,פרשת אמור - ספירת העומר - מט' שערי הטומאה מול מט' שערי הבינה,2-May-23,עברית,https://www.youtube.com/watch?v=O3f_wHtFtzY
2033,פרשת השבוע,ספר ויקרא,אמור,פרשת אמור - עניין ״קידוש השם״ - ושמך הגדול עלינו קראת,2-May-23,עברית,https://www.youtube.com/watch?v=0RdamZWCieA
2034,פרשת השבוע,ספר ויקרא,אמור,פרשת אמור - איך ומדוע קרבן העומר הוא סוד זכאותינו לארץ ישראל,14-May-24,עברית,https://www.youtube.com/watch?v=zAEH90AdKpM
2035,פרשת השבוע,ספר ויקרא,אמור,פרשת אמור - נשגבותה של קדושת הזמן,14-May-25,עברית,https://www.youtube.com/watch?v=tKUe5ck7meU
2036,פרשת השבוע,ספר ויקרא,אמור,"פרשת אמור - מהות היהדות סוד שלשת הקדושות , קדושת הזמן , קדושת המקום , וקדושת האדם",28-Apr-26,עברית,https://www.youtube.com/watch?v=F3R0W8i9GeY
2037,פרשת השבוע,ספר ויקרא,אמור,"פרשת אמור - הקשר המיסתורי בין ספירת וקרבן ה״עומר"" לזכותינו על ""ארץ ישראל""",29-Apr-26,עברית,https://www.youtube.com/watch?v=BEXVaeMDlI8
2038,פרשת השבוע,ספר ויקרא,קדושים,ואהבת לרעך כמוך,4-Dec-14,עברית,https://www.youtube.com/watch?v=GVH77eyqyek
2039,פרשת השבוע,ספר ויקרא,קדושים,סוד הקיום בארץ - חלק ב,10-May-16,עברית,https://www.youtube.com/watch?v=a8VDh3Wx8lU
2040,פרשת השבוע,ספר ויקרא,קדושים,"""הקשר בין ""קדושה"" ל""מצוות שבין אדם לחברו",12-May-16,עברית,https://www.youtube.com/watch?v=AKl7pndeiqQ
2041,פרשת השבוע,ספר ויקרא,קדושים,מלחמת הסטרא אחרא ב״קדושת עם ישראל״,26-Apr-18,עברית,https://www.youtube.com/watch?v=6YFhpuE4je8
2042,פרשת השבוע,ספר ויקרא,קדושים,בין אדם לחברו וכבוד הבריות,7-May-19,עברית,https://www.youtube.com/watch?v=e8usobJPR50
2043,פרשת השבוע,ספר ויקרא,קדושים,בין אדם לחברו,9-May-19,אנגלית,https://www.youtube.com/watch?v=ZNxfGHpQUHI
2044,פרשת השבוע,ספר ויקרא,קדושים,מצוות כיבוד ומורא אב ואם,28-Apr-20,עברית,https://www.youtube.com/watch?v=SPDmjuC_Vwg
2045,פרשת השבוע,ספר ויקרא,קדושים,"""יחסים חברתיים"" בתוך עם ישראל",2-May-22,עברית,https://www.youtube.com/watch?v=ijxdO-quZRs
2046,פרשת השבוע,ספר ויקרא,קדושים,פרשת קדושים - כל ה״יהדות״ על רגל אחת,7-May-24,עברית,https://www.youtube.com/watch?v=RKrHSjWV20A
2047,פרשת השבוע,ספר ויקרא,קדושים,"פרשת קדושים - ביאור המושג ״קדושה״ , ומדוע ואיך עם ישראל הוא ״עם קדוש״",7-May-25,עברית,https://www.youtube.com/watch?v=6Fitbxzh1Lk
2048,פרשת השבוע,ספר ויקרא,קדושים,"פרשת אחרי מות קדושים - מהי משמעות המושג - ״קדושה"" - ״קדושים תהיו״",22-Apr-26,עברית,https://www.youtube.com/watch?v=Hm8fk4lF5Cg
2049,פרשת השבוע,ספר ויקרא,מצורע,דיבור נגטיבי מחייב בידוד מחוץ למחנה,14-Apr-16,עברית,https://www.youtube.com/watch?v=6ZJ6P70D1gA
2050,פרשת השבוע,ספר ויקרא,מצורע,פרשת מצורע - הרמז הנפלא על בית המקדש חורבנו ובנינו לעתיד לבא,5-Apr-22,עברית,https://www.youtube.com/watch?v=lwYjYzOoT9s
2051,פרשת השבוע,ספר ויקרא,שמיני,מדוע אסור ליהודים לאכול חזיר ואוכל לא כשר,31-Mar-16,עברית,https://www.youtube.com/watch?v=Zg8SQkEurb0
2052,פרשת השבוע,ספר ויקרא,שמיני,נשיאת כפיים הראשונה של אהרן הכהן,10-Apr-18,עברית,https://www.youtube.com/watch?v=BoZ2OIRUfJw
2053,פרשת השבוע,ספר ויקרא,שמיני,סוד הסיפרה שמונה,26-Mar-19,עברית,https://www.youtube.com/watch?v=BmyPYZfgRvM
2054,פרשת השבוע,ספר ויקרא,שמיני,עניין סוד פרה אדומה,26-Mar-19,עברית,https://www.youtube.com/watch?v=d_FKdDA5zLs
2055,פרשת השבוע,ספר ויקרא,שמיני,המזון והשפעתו על הנפש,6-Apr-21,עברית,https://www.youtube.com/watch?v=uGHBmWtB3rU
2056,פרשת השבוע,ספר ויקרא,שמיני,פרשת שמיני - על אוכל ו״מצב הרוח״,22-Mar-22,עברית,https://www.youtube.com/watch?v=7B4tzJhajBI
2057,פרשת השבוע,ספר ויקרא,שמיני,"פרשת שמיני - ""ואת החזיר"" - זו מלכות רומי , אדום - החיה הרביעית",2-Apr-24,עברית,https://www.youtube.com/watch?v=c8sG4MODRQ4
2058,פרשת השבוע,ספר ויקרא,שמיני,פרשת שמיני - ״אתה זה מה שאתה אוכל״ - על אוכל ומצב ה״רוח״,22-Apr-25,עברית,https://www.youtube.com/watch?v=xjBi8hMFOvQ
2059,פרשת השבוע,ספר ויקרא,תזריע,ברית מילה - סוד הסיפרה שמונה,24-Mar-14,עברית,https://www.youtube.com/watch?v=_jAv7QrgPIQ
2060,פרשת השבוע,ספר ויקרא,תזריע,עומק מצוות ברית מילה,2-Apr-19,עברית,https://www.youtube.com/watch?v=ILq6-NL9ys4
2061,פרשת השבוע,ספר ויקרא,תזריע,פרשת תזריע-מצורע- מבט רציונאלי על מושגי הטומאה והטהרה,21-Apr-20,עברית,https://www.youtube.com/watch?v=s3zSzi54dNM
2062,פרשת השבוע,ספר ויקרא,תזריע,פרשת תזריע-מצורע - סוד הטהרה מטומאה באמצעות מי המקווה,23-Apr-20,עברית,https://www.youtube.com/watch?v=dZQvWt1C3Gw
2063,פרשת השבוע,ספר ויקרא,תזריע,"פרשת תזריע - סוד עניין ה""לידה"" ו""כח החיים",29-Mar-22,עברית,https://www.youtube.com/watch?v=S8v6KbPKzCc
2064,פרשת השבוע,ספר ויקרא,תזריע,פרשת תזריע-מצורע - התכונה הדואלית של המים,17-Apr-23,עברית,https://www.youtube.com/watch?v=E3J2p2PuJtI
2065,פרשת השבוע,ספר ויקרא,תזריע,פרשת תזריע-מצורע - ה״נגעים״ והדיבור הנגטיבי,18-Apr-23,עברית,https://www.youtube.com/watch?v=_iErc7Ztgtw
2066,פרשת השבוע,ספר ויקרא,תזריע,פרשת תזריע - סוד כח הטהרה של המים,9-Apr-24,עברית,https://www.youtube.com/watch?v=JuohALbknmo
2067,פרשת השבוע,ספר ויקרא,תזריע,פרשת תזריע-מצורע - הקשר המסתורי בין ״נגע הצרעת״ לבין ״לשון הרע״,29-Apr-25,עברית,https://www.youtube.com/watch?v=KcxTStDwGLw
2068,פרשת השבוע,ספר ויקרא,תזריע,"פרשת תזריע-מצורע - ""מצורע - מוציא רע"" , כח הדיבור , וכמה חמור השימוש בו לרעה",15-Apr-26,עברית,https://www.youtube.com/watch?v=BQOTeLo2Rqo
2069,פרשת השבוע,ספר ויקרא,תזריע,"פרשת תזריע - “ברית המילה” - סוד הסרת ""קליפת כנען"" , וכיבוש ארץ ישראל",16-Apr-26,עברית,https://www.youtube.com/watch?v=3OXpfNTGqaM
2070,פרשת השבוע,ספר ויקרא,תזריע,"הסוד של ""ברית מילה"" - חלק א' -",16-Apr-26,אנגלית,https://www.youtube.com/watch?v=dkrnV3-6vdY
2071,פרשת השבוע,ספר ויקרא,תזריע,"הסוד של ""ברית מילה"" - חלק ב' -",23-Apr-26,עברית,https://www.youtube.com/watch?v=mla60j3WsyU
2072,פרשת השבוע,ספר ויקרא,צו,פרשת צו - שבעת ימי המילואים,2-Dec-14,עברית,https://www.youtube.com/watch?v=v1Em5woBYIA
2073,פרשת השבוע,ספר ויקרא,צו,פרשת צו - עומק עניין ״שמן המשחה״ ו״המלך המשיח״,15-Mar-22,עברית,https://www.youtube.com/watch?v=njiAV2aPgZA
2074,פרשת השבוע,ספר ויקרא,צו,פרשת צו - ה״אש״ על מוקדה - האש העליונה והאש התחתונה,28-Mar-23,עברית,https://www.youtube.com/watch?v=rqkugnpLCHo
2075,פרשת השבוע,ספר ויקרא,צו,פרשת צו - סוד ההיתר להקריב חמץ על המזבח בקרבן תודה,25-Mar-26,עברית,https://www.youtube.com/watch?v=GcFPfJDGYbQ
2076,פרשת השבוע,ספר ויקרא,ויקרא,פרשת ויקרא - הבנת מהות עניין הקרבנות,3-Mar-14,עברית,https://www.youtube.com/watch?v=wB89GROxUyU
2077,פרשת השבוע,ספר ויקרא,ויקרא,"פרשת ויקרא - ""פשר עניין ה""קרבנות",28-Mar-17,עברית,https://www.youtube.com/watch?v=LCeD175lCw0
2078,פרשת השבוע,ספר ויקרא,ויקרא,פרשת ויקרא - עומק עניין ה״קריאה״ למשה,14-Mar-19,עברית,https://www.youtube.com/watch?v=zdw60MjuRso
2079,פרשת השבוע,ספר ויקרא,ויקרא,פרשת ויקרא - מה ההגיון בעניין הקרבת קרבנות,23-Mar-20,עברית,https://www.youtube.com/watch?v=9Qkg_Pewrh0
2080,פרשת השבוע,ספר ויקרא,ויקרא,פרשת ויקרא - הסוד והנסתר ב״חמץ״ וב״מצה״,16-Mar-21,עברית,https://www.youtube.com/watch?v=4w1hfxLCnM0
2081,פרשת השבוע,ספר ויקרא,ויקרא,פרשת ויקרא - סוד ״ברית מלח עולם״,8-Mar-22,עברית,https://www.youtube.com/watch?v=-l_SGgCj3GM
2082,פרשת השבוע,ספר ויקרא,ויקרא,פרשת ויקרא - עומק עניין ה״קורבנות״,21-Mar-23,עברית,https://www.youtube.com/watch?v=3saXyPn6ts8
2083,פרשת השבוע,ספר ויקרא,ויקרא,פרשת ויקרא - עומק עניין ה״חמץ״ וה״מצה״,2-Apr-25,עברית,https://www.youtube.com/watch?v=EVfORr6QMeE
2084,"ספרי הרמח""ל",דעת תבונות,,ספר ״דעת תבונות״ - שיעור מס . 1 - אות א׳-ט׳,12-May-21,עברית,https://youtu.be/7xEHUqBNXtY
2085,"ספרי הרמח""ל",דעת תבונות,,ספר ״דעת תבונות״ - שיעור מס . 2 - אות י׳-יח׳,"May 19, 2021",עברית,https://youtu.be/YYNNFeVK-Vs
2086,"ספרי הרמח""ל",דעת תבונות,,ספר ״דעת תבונות״ - שיעור מס . 3 - אות יט׳-לא׳,"May 26, 2021",עברית,https://youtu.be/numsuTLoJgE
2087,"ספרי הרמח""ל",דעת תבונות,,ספר ״דעת תבונות״ - שיעור מס . 4 - אות לב׳- לו׳,"Jun 2, 2021",עברית,https://youtu.be/GvybmS2r4cE
2088,"ספרי הרמח""ל",דעת תבונות,,ספר ״דעת תבונות״ - שיעור מס . 5 - אות לו׳,"Jun 9, 2021",עברית,https://youtu.be/Qo2JycasrWo
2089,"ספרי הרמח""ל",דעת תבונות,,'ספר ״דעת תבונות״ - שיעור מס . 6 - אות לז׳-מ,"Jun 16, 2021",עברית,https://youtu.be/m-6w99KC-PE
2090,"ספרי הרמח""ל",דעת תבונות,,'ספר ״דעת תבונות״ - שיעור מס . 7 - אות מ,"Jun 23, 2021",עברית,https://youtu.be/RHEIwgOWvHE
2091,"ספרי הרמח""ל",דעת תבונות,,ספר ״דעת תבונות״ - שיעור מס . 8 - אות מ'-מב',"Jun 30, 2021",עברית,https://youtu.be/kCgQGjTMD0w
2092,"ספרי הרמח""ל",דעת תבונות,,ספר ״דעת תבונות״ - שיעור מס . 9 - אות מג'-מו',"Jul 7, 2021",עברית,https://youtu.be/XI-6Qt4QOFs
2093,"ספרי הרמח""ל",דעת תבונות,,ספר ״דעת תבונות״ - שיעור מס . 10 - אות מו'-מח',"Jul 14, 2021",עברית,https://youtu.be/ZNnz0ssRtwo
2094,"ספרי הרמח""ל",דעת תבונות,,ספר ״דעת תבונות״ - שיעור מס . 11 - אות מח'-נ',"Jul 21, 2021",עברית,https://youtu.be/g3iCpfp74g4
2095,"ספרי הרמח""ל",דעת תבונות,,ספר ״דעת תבונות״ - שיעור מס . 12 - אות נא'-נד',"Jul 28, 2021",עברית,https://www.youtube.com/watch?v=c6EIJACssGg
2096,"ספרי הרמח""ל",דעת תבונות,,ספר ״דעת תבונות״ - שיעור מס . 13 - אות נה'-סה',"Aug 4, 2021",עברית,https://www.youtube.com/watch?v=uMfrqtMaViE
2097,"ספרי הרמח""ל",דעת תבונות,,ספר ״דעת תבונות״ - שיעור מס . 14 - אות סו'-עא',"Aug 11, 2021",עברית,https://youtu.be/3EpM8QUCf4M
2098,"ספרי הרמח""ל",דעת תבונות,,ספר ״דעת תבונות״ - שיעור מס . 15 - אות עב',"Aug 18, 2021",עברית,https://youtu.be/vdQo7Ti-Cgo
2099,"ספרי הרמח""ל",דעת תבונות,,ספר ״דעת תבונות״ - שיעור מס . 15 - אות עב',"Aug 18, 2021",עברית,https://youtu.be/vdQo7Ti-Cgo
2100,"ספרי הרמח""ל",דעת תבונות,,ספר ״דעת תבונות״ - שיעור מס . 16 - אות עג'-עח',"Aug 25, 2021",עברית,https://youtu.be/MFG3za2-aeA
2101,"ספרי הרמח""ל",דעת תבונות,,ספר ״דעת תבונות״ - שיעור מס . 17 - אות עט'-פ',"Sep 1, 2021",עברית,https://youtu.be/yGum1qRNSZY
2102,"ספרי הרמח""ל",דעת תבונות,,ספר ״דעת תבונות״ - שיעור מס . 18 - אות פ',6-Oct-21,עברית,https://youtu.be/WVm2cHpIiZg
2103,"ספרי הרמח""ל",דעת תבונות,,ספר ״דעת תבונות״ - שיעור מס . 19 - אות פא'-פח',13-Oct-21,עברית,https://youtu.be/_TWGb0ruapA
2104,"ספרי הרמח""ל",דעת תבונות,,ספר ״דעת תבונות״ - שיעור מס . 20 - אות פח'-ק',20-Oct-21,עברית,https://youtu.be/mPSyS-DlbeM
2105,"ספרי הרמח""ל",דעת תבונות,,ספר ״דעת תבונות״ - שיעור מס . 21 - אות קא'-קיד',27-Oct-21,עברית,https://youtu.be/nfB_LP6rECc
2106,"ספרי הרמח""ל",דעת תבונות,,ספר ״דעת תבונות״ - שיעור מס . 22 - אות קטו'-קיח',3-Nov-21,עברית,https://youtu.be/y_fAczdBfrE
2107,"ספרי הרמח""ל",דעת תבונות,,ספר ״דעת תבונות״ - שיעור מס . 23 - אות קיח'-קכא',10-Nov-21,עברית,https://youtu.be/T67UX2BV0Pk
2108,"ספרי הרמח""ל",דעת תבונות,,ספר ״דעת תבונות״ - שיעור מס . 24 - אות קכב'-קכד',18-Nov-21,עברית,https://youtu.be/fGU789kHZwA
2109,"ספרי הרמח""ל",דעת תבונות,,ספר ״דעת תבונות״ - שיעור מס . 25 - אות קכד'-קכו',24-Nov-21,עברית,https://youtu.be/XgCKgIRWnXk
2110,"ספרי הרמח""ל",דעת תבונות,,ספר ״דעת תבונות״ - שיעור מס . 26 - אות קכו',1-Dec-21,עברית,https://youtu.be/QHyoPL9_hnQ
2111,"ספרי הרמח""ל",דעת תבונות,,ספר ״דעת תבונות״ - שיעור מס . 27 - אות קכו'-קכט',8-Dec-21,עברית,https://youtu.be/_jBVPNCXzho
2112,"ספרי הרמח""ל",דעת תבונות,,ספר ״דעת תבונות״ - שיעור מס . 28 - אות קל',15-Dec-21,עברית,https://youtu.be/t1HvBryK99k
2113,"ספרי הרמח""ל",דעת תבונות,,ספר ״דעת תבונות״ - שיעור מס . 29 - אות קל'-קלד',22-Dec-21,עברית,https://youtu.be/TL3-R1Xt0vQ
2114,"ספרי הרמח""ל",דעת תבונות,,ספר ״דעת תבונות״ - שיעור מס . 30 - אות קלד'-קמ',29-Dec-21,עברית,https://www.youtube.com/watch?v=p7c4o889L7w
2115,"ספרי הרמח""ל",דעת תבונות,,ספר ״דעת תבונות״ - שיעור מס . 31 - אות קמ'-קמב',5-Jan-22,עברית,https://www.youtube.com/watch?v=O-5cUe14IYI
2116,"ספרי הרמח""ל",דעת תבונות,,ספר ״דעת תבונות״ - שיעור מס . 32 - אות קמב'-קמה',12-Jan-22,עברית,https://www.youtube.com/watch?v=LJlP05z0_08
2117,"ספרי הרמח""ל",דעת תבונות,,ספר ״דעת תבונות״ - שיעור מס . 33 - אות קמו',19-Jan-22,עברית,https://www.youtube.com/watch?v=Fsk9Mb0QOXc
2118,"ספרי הרמח""ל",דעת תבונות,,ספר ״דעת תבונות״ - שיעור מס . 34 - אות קמו'-קנב',26-Jan-22,עברית,https://www.youtube.com/watch?v=bPH86X-O3Hg
2119,"ספרי הרמח""ל",דעת תבונות,,ספר ״דעת תבונות״ - שיעור מס . 35 - אות קנב'-קנד',2-Feb-22,עברית,https://www.youtube.com/watch?v=jQOLbHQchN0
2120,"ספרי הרמח""ל",דעת תבונות,,ספר ״דעת תבונות״ - שיעור מס . 36 - אות קנד'-קנו',9-Feb-22,עברית,https://www.youtube.com/watch?v=zrLnAKB1rJA
2121,"ספרי הרמח""ל",דעת תבונות,,ספר ״דעת תבונות״ - שיעור מס . 37 - אות קנו'-קנח',16-Feb-22,עברית,https://www.youtube.com/watch?v=ChgIcLN4gGQ
2122,"ספרי הרמח""ל",דעת תבונות,,ספר ״דעת תבונות״ - שיעור מס . 38 - אות קנח',23-Feb-22,עברית,https://www.youtube.com/watch?v=JFFht9-947w
2123,"ספרי הרמח""ל",דעת תבונות,,ספר ״דעת תבונות״ - שיעור מס . 39 - אות קנח'-קנט',2-Mar-22,עברית,https://www.youtube.com/watch?v=M3JgiF9afao
2124,"ספרי הרמח""ל",דעת תבונות,,ספר ״דעת תבונות״ - שיעור מס . 40 - אות קס',9-Mar-22,עברית,https://www.youtube.com/watch?v=WedtzEal5kU
2125,"ספרי הרמח""ל",דעת תבונות,,ספר ״דעת תבונות״ - שיעור מס . 41 - אות קס'-קסה',23-Mar-22,עברית,https://www.youtube.com/watch?v=QAjuyXmOdHs
2126,"ספרי הרמח""ל",דעת תבונות,,ספר ״דעת תבונות״ - שיעור מס . 42 - אות קסו'-קסח',29-Mar-22,עברית,https://www.youtube.com/watch?v=uOqLPEPWp4M
2127,"ספרי הרמח""ל",דעת תבונות,,ספר ״דעת תבונות״ - שיעור מס . 43 - אות קסח'-קע',6-Apr-22,עברית,https://www.youtube.com/watch?v=vfpuEqnPFqM
2128,"ספרי הרמח""ל",דעת תבונות,,ספר ״דעת תבונות״ - שיעור מס . 44 - אות קע'-קעג',27-Apr-22,עברית,https://www.youtube.com/watch?v=ayfhkDQ-oF8
2129,"ספרי הרמח""ל",דעת תבונות,,ספר ״דעת תבונות״ - שיעור מס . 45 - אות קעד'-קעט',4-May-22,עברית,https://www.youtube.com/watch?v=K8DmfSI6Zco
2130,"ספרי הרמח""ל",דעת תבונות,,ספר ״דעת תבונות״ - שיעור מס . 46 - אות קפ',11-May-22,עברית,https://www.youtube.com/watch?v=rN6jqzvDG5s
2131,"ספרי הרמח""ל",דעת תבונות,,ספר ״דעת תבונות״ - שיעור מס . 47 - אות קפא'-קפח',25-May-22,עברית,https://www.youtube.com/watch?v=xw6gvlEvsfQ
2132,"ספרי הרמח""ל",דעת תבונות,,ספר ״דעת תבונות״ - שיעור מס . 48 - אות קפח'-קצב',15-Jun-22,עברית,https://www.youtube.com/watch?v=BByLI1r5nGQ
2133,"ספרי הרמח""ל",דעת תבונות,,ספר ״דעת תבונות״ - שיעור מס . 49 - אות קצג'-קצה',22-Jun-22,עברית,https://www.youtube.com/watch?v=N74GzsvGo_c
2134,"ספרי הרמח""ל",דרך השם,,דרך השם - הקדמה,7-Jun-21,עברית,https://youtu.be/PnEeZ4fQbBs
2135,"ספרי הרמח""ל",דרך השם,,"דרך השם - חלק א' , פרק א' - בבורא יתברך",7-Jun-21,עברית,https://youtu.be/86ER-oqnDRk
2136,"ספרי הרמח""ל",דרך השם,,"דרך השם - חלק א' , פרק ב' - בתכלית הבריאה",7-Jun-21,עברית,https://youtu.be/AXxZLl61nig
2137,"ספרי הרמח""ל",דרך השם,,"דרך השם - חלק א' , פרק ג' - במין האנושי 1",7-Jun-21,עברית,https://youtu.be/iu97wTXeeb4
2138,"ספרי הרמח""ל",דרך השם,,"דרך השם - חלק א' , פרק ג' - במין האנושי 2",7-Jun-21,עברית,https://youtu.be/N6bSnPfKyR4
2139,"ספרי הרמח""ל",דרך השם,,"דרך השם - חלק א' , פרק ד' - במצב האדם בעולם הזה 1",7-Jun-21,עברית,https://youtu.be/CbjuAKRwm-8
2140,"ספרי הרמח""ל",דרך השם,,"דרך השם - חלק א' , פרק ד' - במצב האדם בעולם הזה 2",7-Jun-21,עברית,https://youtu.be/WcNGFTsb0Bs
2141,"ספרי הרמח""ל",דרך השם,,"דרך השם - חלק א' , פרק ה' - בחלקי הבריאה ומצביהם 1",7-Jun-21,עברית,https://youtu.be/B9vLjMZ3-Tc
2142,"ספרי הרמח""ל",דרך השם,,"דרך השם - חלק א' , פרק ה' - בחלקי הבריאה ומצביהם 2",7-Jun-21,עברית,https://youtu.be/yYMdICXU0mo
2143,"ספרי הרמח""ל",דרך השם,,"דרך השם - חלק ב' , פרק א' - בעניין ההשגחה בכלל",7-Jun-21,עברית,https://youtu.be/cc5QbkJRMeY
2144,"ספרי הרמח""ל",דרך השם,,"דרך השם - חלק ב' , פרק ב' - במקרי המין האנושי בעולם הזה",7-Jun-21,עברית,https://youtu.be/9V-HmZNJG6U
2145,"ספרי הרמח""ל",דרך השם,,"דרך השם - חלק ב' , פרק ג' - בהשגחה האישית 1",7-Jun-21,עברית,https://youtu.be/4ZHSSXg-zSk
2146,"ספרי הרמח""ל",דרך השם,,"דרך השם - חלק ב' , פרק ג' - בהשגחה האישית 2",7-Jun-21,עברית,https://youtu.be/-RZtew0KKdw
2147,"ספרי הרמח""ל",דרך השם,,"דרך השם - חלק ב' , פרק ג' - בהשגחה האישית 3",7-Jun-21,עברית,https://youtu.be/lfwDyf_o_8E
2148,"ספרי הרמח""ל",דרך השם,,"דרך השם - חלק ב' , פרק ד' - ישראל ואומות העולם 1",14-Oct-20,עברית,https://youtu.be/2DJgv3FIgP8
2149,"ספרי הרמח""ל",דרך השם,,"דרך השם - חלק ב' , פרק ד' - ישראל ואומות העולם 2",21-Oct-20,עברית,https://youtu.be/5blSss_MWaQ
2150,"ספרי הרמח""ל",דרך השם,,"דרך השם - חלק ב' , פרק ה'-ו' - באופן ההשגחה ובסדר ההשגחה",28-Oct-20,עברית,https://youtu.be/Bbomm-vMFjo
2151,"ספרי הרמח""ל",דרך השם,,"דרך השם - חלק ב' , פרק ז'-ח' - השפעת הכוכבים והבחנות פרטיות",4-Nov-20,עברית,https://youtu.be/mgv_xAqFoXo
2152,"ספרי הרמח""ל",דרך השם,,"דרך השם - חלק ג' , פרק א' - הנפש ופעולותיה",7-Jun-21,עברית,https://youtu.be/oOEdGT0KZ6s
2153,"ספרי הרמח""ל",דרך השם,,"דרך השם - חלק ג' , פרק ב' - בעניין הפעולה בשמות ובכישוף 1",7-Jun-21,עברית,https://youtu.be/AqVBk62veOo
2154,"ספרי הרמח""ל",דרך השם,,"דרך השם - חלק ג' , פרק ב' - בעניין הפעולה בשמות ובכישוף 2",25-Nov-20,עברית,https://youtu.be/3E168qKmylw
2155,"ספרי הרמח""ל",דרך השם,,"דרך השם - חלק ג' , פרק ג' - בעניין רוח הקודש והנבואה",7-Jun-21,עברית,https://youtu.be/M_HXCkWkTso
2156,"ספרי הרמח""ל",דרך השם,,"דרך השם - חלק ג' , פרק ד' - במקרי הנבואה 1",7-Jun-21,עברית,https://youtu.be/03nZ58k-6jg
2157,"ספרי הרמח""ל",דרך השם,,"דרך השם - חלק ג' , פרק ד' - במקרי הנבואה 2",7-Jun-21,עברית,https://youtu.be/D2byOvk6c0Y
2158,"ספרי הרמח""ל",דרך השם,,"דרך השם - חלק ג' , פרק ה' - נבואת משה",7-Jun-21,עברית,https://youtu.be/UfpI3MGhVBc
2159,"ספרי הרמח""ל",דרך השם,,"דרך השם - חלק ד' , פרק א' ופרק ב'' - חלקי העבודה ותלמוד תורה",7-Jun-21,עברית,https://youtu.be/6nUW9CFuh00
2160,"ספרי הרמח""ל",דרך השם,,"דרך השם - חלק ד' , פרק ג' ופרק ד' - אהבה ויראה , וקריאת שמע 1",7-Jun-21,עברית,https://youtu.be/MRdQevVQgqU
2161,"ספרי הרמח""ל",דרך השם,,"דרך השם - חלק ד' , פרק ד' - קריאת שמע 2",7-Jun-21,עברית,https://youtu.be/-6ph3qwwL-Q
2162,"ספרי הרמח""ל",דרך השם,,"דרך השם - חלק ד' , פרק ד' - קריאת שמע 3",7-Jun-21,עברית,https://youtu.be/sDPOu-scdGU
2163,"ספרי הרמח""ל",דרך השם,,"דרך השם - חלק ד' , פרק ד' ופרק ה' - קריאת שמע 4 ותפילה",7-Jun-21,עברית,https://youtu.be/1-OZFcovzsQ
2164,"ספרי הרמח""ל",דרך השם,,"דרך השם - חלק ד' , פרק ו' - פרטי סדר היום והתפילה 1",7-Jun-21,עברית,https://youtu.be/-U1oK7w7T3s
2165,"ספרי הרמח""ל",דרך השם,,"דרך השם - חלק ד' , פרק ו' - פרטי סדר היום והתפילה 2",7-Jun-21,עברית,https://youtu.be/6Oj761rXRZo
2166,"ספרי הרמח""ל",דרך השם,,"דרך השם - חלק ד' , פרק ז' - העבודה הזמנית",7-Jun-21,עברית,https://youtu.be/BrRe_9Tzz9c
2167,"ספרי הרמח""ל",דרך השם,,"דרך השם - חלק ד' , פרק ח' - במצוות הזמנים",7-Jun-21,עברית,https://youtu.be/fU7zxMQSDaI
2168,"ספרי הרמח""ל",דרך השם,,"דרך השם - חלק ד' , פרק ט' - העבודה המקרית והברכות",7-Jun-21,עברית,https://youtu.be/2z3z7wmHIok
2169,"ספרי הרמח""ל",דרך השם,,מאמר העיקרים - פרק א' - בבורא יתברך,7-Jun-21,עברית,https://youtu.be/Vw2vgrzkiV8
2170,"ספרי הרמח""ל",דרך השם,,מאמר העיקרים - פרק ב' - ברוחניים,7-Jun-21,עברית,https://youtu.be/muNDisqbqf8
2171,"ספרי הרמח""ל",דרך השם,,מאמר העיקרים - פרק ג' - בתורה ובמצוות,7-Jun-21,עברית,https://youtu.be/O65ZlfjcxY8
2172,"ספרי הרמח""ל",דרך השם,,"מאמר העיקרים - פרק ד'-ה'' - בגמול , ובגן עדן וגהינום",7-Jun-21,עברית,https://youtu.be/V5rPAescpVA
2173,"ספרי הרמח""ל",דרך השם,,"מאמר העיקרים - פרק ו'-ז'' - בהשגחה , בנבואה ובנבואת משה",7-Jun-21,עברית,https://youtu.be/Vc4ncOlPsSQ
2174,"ספרי הרמח""ל",דרך השם,,מאמר העיקרים - פרק ח' - בגאולה,7-Jun-21,עברית,https://youtu.be/ccMrKfwYC4U
2175,"ספרי הרמח""ל",דרך השם,,"מאמר העיקרים - פרק ט'-י' - בעניין הנסים , בעניין התורה שבעל פה 1",7-Jun-21,עברית,https://youtu.be/Kt6rPNTM384
2176,"ספרי הרמח""ל",דרך השם,,מאמר העיקרים - פרק י' - בעניין התורה שבעל פה 2,7-Jun-21,עברית,https://youtu.be/EMlJB4ike6o
2177,"ספרי הרמח""ל",לישרים תהילה,,"מסתרי ההיסטוריה - ה""משל"" של הרמח""ל",3-Jan-24,עברית,https://www.youtube.com/watch?v=fuvxeo8ghug
2178,"ספרי הרמח""ל",לישרים תהילה,,"מסתרי ההיסטוריה - ביאור יסודות ה""נמשל"" של הרמח""ל",10-Jan-24,עברית,https://www.youtube.com/watch?v=EQ3KkMPvWeU
2179,"ספרי הרמח""ל",לישרים תהילה,,"יסורי ה""תהילה"" , מזימת ה""תרמית"" וה""רהב""",17-Jan-24,עברית,https://www.youtube.com/watch?v=jhSvhgcJ2Zs
2180,"ספרי הרמח""ל",לישרים תהילה,,"ניתוח מעמיק של כח ה""דמיון""",24-Jan-24,עברית,https://www.youtube.com/watch?v=rOJYxc0D-fg
2181,"ספרי הרמח""ל",לישרים תהילה,,"מה הוא ""צבא המבוכה""? ומה היא עצת ה""שכל""",31-Jan-24,עברית,https://www.youtube.com/watch?v=ieGDKQv39Vw
2182,"ספרי הרמח""ל",לישרים תהילה,,"התנהלות ""יושר"" לאור עצת ה""שכל"" , ותפקידה של ה""סבלנות""",7-Feb-24,עברית,https://www.youtube.com/watch?v=8NQ7q2e5bV4
2183,"ספרי הרמח""ל",לישרים תהילה,,"פשר שנאת ה""סכלות"" לאנשי ה""שכל""",14-Feb-24,עברית,https://www.youtube.com/watch?v=gR1YpZHiowI
2184,"ספרי הרמח""ל",לישרים תהילה,,"חשיבות ה""תקוה"" לאנשי האמת , וסיבת הצלחת ה""תרמית""",21-Feb-24,עברית,https://www.youtube.com/watch?v=QpXgSRgq56o
2185,"ספרי הרמח""ל",לישרים תהילה,,"""נפלאות הבריאה"" , וחוסר הישע של ""תהילה"" הכבולה בתככי ה""תרמית""",28-Feb-24,עברית,https://www.youtube.com/watch?v=fKwZheloI-c
2186,"ספרי הרמח""ל",לישרים תהילה,,דברים גדולים ולא מובנים קורים מאחורי הקלעים,6-Mar-24,עברית,https://www.youtube.com/watch?v=2J6YCnk5zko
2187,"ספרי הרמח""ל",לישרים תהילה,,"ה""אסון"" שפותח את האפשרות לבירור האמת",13-Mar-24,עברית,https://www.youtube.com/watch?v=gdoZmqSn3sU
2188,"ספרי הרמח""ל",לישרים תהילה,,"חשיפת ה""תרמית"" והשקר בביתו של ""משפט""",20-Mar-24,עברית,https://www.youtube.com/watch?v=Yet3bRUSCgw
2189,"ספרי הרמח""ל",לישרים תהילה,,"המשבר וההלם הנורא בעקבות חשיפת ה""תרמית"" והמעבר לשלב גילוי האמת",27-Mar-24,עברית,https://www.youtube.com/watch?v=I7uCPFHer-s
2190,"ספרי הרמח""ל",לישרים תהילה,,השמחה העצומה כשבסוף הכל מסתדר נכון,3-Apr-24,עברית,https://www.youtube.com/watch?v=g4bAiQdkrbQ
2191,"ספרי הרמח""ל",מסילת ישרים,,'מסילת ישרים - הקדמה - חלק א,13-Apr-21,עברית,https://youtu.be/gvuTx_Dxero
2192,"ספרי הרמח""ל",מסילת ישרים,,מסילת ישרים - הקדמה - חלק ב׳,20-Apr-21,עברית,https://youtu.be/DK9vqgKId-M
2193,"ספרי הרמח""ל",מסילת ישרים,,מסילת ישרים - פרק א׳ - תכלית הקיום - חלק ראשון,27-Apr-21,עברית,https://youtu.be/OkaHWgf5V4I
2194,"ספרי הרמח""ל",מסילת ישרים,,"""מסילת ישרים - פרק א' - חלק שלישי - משמעות הצורך ""להתענג",11-May-21,עברית,https://youtu.be/9DjaIC_haOA
2195,"ספרי הרמח""ל",מסילת ישרים,,"""מסילת ישרים - פרק ב' - ""ביקורת עצמית",25-May-21,עברית,https://youtu.be/X4HNg9i3EaI
2196,"ספרי הרמח""ל",מסילת ישרים,,"מסילת ישרים - פרק ג' - ""בקרה ופיקוח - תכנית עבודה"" 1",1-Jun-21,עברית,https://youtu.be/mdCkYLrcK0U
2197,"ספרי הרמח""ל",מסילת ישרים,,"מסילת ישרים - פרק ג' - ""בקרה ופיקוח - תכנית עבודה"" 2",8-Jun-21,עברית,https://youtu.be/6NrcekxLPuw
2198,"ספרי הרמח""ל",מסילת ישרים,,"מסילת ישרים - פרק ד' - ""מוטיבציה לפעולה"" 1",14-Jun-21,עברית,https://youtu.be/-1V-bepuMyE
2199,"ספרי הרמח""ל",מסילת ישרים,,"מסילת ישרים - פרק ד' - ""מוטיבציה לפעולה"" 2",24-Jun-21,עברית,https://youtu.be/93YIVaieRUo
2200,"ספרי הרמח""ל",מסילת ישרים,,"מסילת ישרים - פרק ד' - ""מוטיבציה לפעולה"" 3 - ה""דין"" וה""רחמים""","Jun 29, 2021",עברית,https://youtu.be/AOctWSHE7rY
2201,"ספרי הרמח""ל",מסילת ישרים,,"מסילת ישרים - פרק ה' - 1 - סכנת ההתעסקות היתירה בחומר וה""ליצנות""","Jul 6, 2021",עברית,https://youtu.be/y4EOfEmpYmM
2202,"ספרי הרמח""ל",מסילת ישרים,,"מסילת ישרים - פרק ה' - 2 - ""לחץ חברתי"" כמנוף לעליה או לירידה","Jul 13, 2021",עברית,https://youtu.be/nsFgJT_m5Tc
2203,"ספרי הרמח""ל",מסילת ישרים,,"מסילת ישרים - פרק ו' - הנזק הנורא של ה""פסיביות"" ואי העשיה","Jul 22, 2021",עברית,https://youtu.be/f0mbIMRcudo
2204,"ספרי הרמח""ל",מסילת ישרים,,"מסילת ישרים - פרק ז' - ""אחרי הפעולות נמשכים הלבבות""","Jul 27, 2021",עברית,https://youtu.be/Gc8Lp-isXXk
2205,"ספרי הרמח""ל",מסילת ישרים,,מסילת ישרים - פרק ח' - התמריצים למאבק בעצלות,"Aug 10, 2021",עברית,https://youtu.be/7g7Ku7R16k0
2206,"ספרי הרמח""ל",מסילת ישרים,,"מסילת ישרים - פרק ט' - מה הם מעכבי הביצוע , וכיצד לנטרלם",25-Oct-21,עברית,https://youtu.be/bb0tMrPTdXw
2207,"ספרי הרמח""ל",מסילת ישרים,,מסילת ישרים - פרק י' - שיפוט נקי מנגיעות,23-Nov-21,עברית,https://youtu.be/iNS5VjrNy_k
